scene_id,original_preferred_filename,original_preferred_index,original_acceptable_min_filename,original_acceptable_min_index,original_acceptable_max_filename,original_acceptable_max_index,metric_preferred_filename,metric_preferred_index,metric_acceptable_min_filename,metric_acceptable_min_index,metric_acceptable_max_filename,metric_acceptable_max_index,preferred_index_delta,preferred_entropy,preferred_saturated_ratio,preferred_dark_ratio,preferred_mean_luma,preferred_quality_score
Scene4_t000,1P0A2011.dng,5,1P0A2013.dng,7,1P0A2010.dng,4,1P0A2015.dng,9,1P0A2015.dng,9,1P0A2015.dng,9,4,0.8711134518472303,0.16231383830527085,0.023892180636896045,0.37717393040657043,0.5225935945997926
Scene4_t001,1P0A2026.dng,5,1P0A2028.dng,7,1P0A2025.dng,4,1P0A2030.dng,9,1P0A2030.dng,9,1P0A2030.dng,9,4,0.8747073411587216,0.1608211131954612,0.03342331625183016,0.37592610716819763,0.519641798515969
Scene4_t002,1P0A2041.dng,5,1P0A2043.dng,7,1P0A2040.dng,4,1P0A2045.dng,9,1P0A2045.dng,9,1P0A2045.dng,9,4,0.874914976285015,0.161744772602489,0.030791029923133234,0.3759528696537018,0.5206344011569038
Scene4_t003,1P0A2056.dng,5,1P0A2058.dng,7,1P0A2055.dng,4,1P0A2060.dng,9,1P0A2060.dng,9,1P0A2060.dng,9,4,0.8762437491098872,0.1593455458455344,0.031097009974377744,0.3762580454349518,0.5264556474444407
Scene4_t004,1P0A2071.dng,5,1P0A2073.dng,7,1P0A2070.dng,4,1P0A2075.dng,9,1P0A2075.dng,9,1P0A2075.dng,9,4,0.8798372791671383,0.1588679881954612,0.019868685944363106,0.3794805109500885,0.5422326168318528
Scene4_t005,1P0A2086.dng,5,1P0A2088.dng,7,1P0A2085.dng,4,1P0A2090.dng,9,1P0A2090.dng,9,1P0A2090.dng,9,4,0.8820332141741664,0.15710359855417277,0.021278481881405565,0.3799824118614197,0.5465475351844152
Scene4_t006,1P0A2101.dng,5,1P0A2103.dng,7,1P0A2100.dng,4,1P0A2105.dng,9,1P0A2105.dng,9,1P0A2105.dng,9,4,0.8833641576461699,0.154908835102489,0.023320255307467057,0.37882184982299805,0.5502262321337249
Scene4_t007,1P0A2116.dng,5,1P0A2118.dng,7,1P0A2115.dng,4,1P0A2120.dng,9,1P0A2120.dng,9,1P0A2120.dng,9,4,0.8850414131760955,0.15336320689970717,0.025682306918008786,0.3785286545753479,0.5526326924586724
Scene4_t008,1P0A2131.dng,5,1P0A2133.dng,7,1P0A2130.dng,4,1P0A2135.dng,9,1P0A2135.dng,9,1P0A2135.dng,9,4,0.8868536959677672,0.15164600109809664,0.027694054264275257,0.3774346709251404,0.5558676395072987
Scene4_t009,1P0A2146.dng,5,1P0A2148.dng,7,1P0A2145.dng,4,1P0A2150.dng,9,1P0A2150.dng,9,1P0A2150.dng,9,4,0.8905818829427459,0.14746951637994143,0.033230291453147875,0.37793344259262085,0.5624125587297151
Scene4_t010,1P0A2161.dng,5,1P0A2163.dng,7,1P0A2160.dng,4,1P0A2165.dng,9,1P0A2165.dng,9,1P0A2165.dng,9,4,0.8913423534169647,0.14478718658491949,0.037538318997071746,0.37627875804901123,0.5642296612500539
Scene4_t011,1P0A2176.dng,5,1P0A2178.dng,7,1P0A2175.dng,4,1P0A2180.dng,9,1P0A2180.dng,9,1P0A2180.dng,9,4,0.8934486913342082,0.14204766425695461,0.04611576912518302,0.37347307801246643,0.563237593695116
Scene4_t012,1P0A2191.dng,5,1P0A2193.dng,7,1P0A2190.dng,4,1P0A2195.dng,9,1P0A2195.dng,9,1P0A2195.dng,9,4,0.8962781966353419,0.13814999313689605,0.047835834553440704,0.3736123740673065,0.5721423758081092
Scene4_t013,1P0A2206.dng,5,1P0A2208.dng,7,1P0A2205.dng,4,1P0A2210.dng,9,1P0A2210.dng,9,1P0A2210.dng,9,4,0.8992354019244683,0.13322142661054173,0.05063683885431918,0.3698365092277527,0.5821557098490656
Scene4_t014,1P0A2221.dng,5,1P0A2223.dng,7,1P0A2220.dng,4,1P0A2225.dng,9,1P0A2225.dng,9,1P0A2225.dng,9,4,0.9010669316994033,0.12619818356515372,0.05489911237188873,0.3630470633506775,0.5937714521972072
Scene4_t015,1P0A2236.dng,5,1P0A2238.dng,7,1P0A2235.dng,4,1P0A2240.dng,9,1P0A2241.dng,10,1P0A2240.dng,9,4,0.9020359078538261,0.11758498810395315,0.06640339037335286,0.3540284037590027,0.6004625412725669
Scene4_t016,1P0A2251.dng,5,1P0A2253.dng,7,1P0A2250.dng,4,1P0A2255.dng,9,1P0A2256.dng,10,1P0A2255.dng,9,4,0.9008883350510932,0.10955801610541728,0.07427737234626647,0.34334173798561096,0.6074949304939923
Scene4_t017,1P0A2266.dng,5,1P0A2268.dng,7,1P0A2265.dng,4,1P0A2270.dng,9,1P0A2270.dng,9,1P0A2270.dng,9,4,0.8999870699686104,0.09936344710834553,0.06967194363103953,0.33268219232559204,0.6315882321208798
Scene4_t018,1P0A2281.dng,5,1P0A2283.dng,7,1P0A2280.dng,4,1P0A2285.dng,9,1P0A2286.dng,10,1P0A2285.dng,9,4,0.8970696361250218,0.09318665355051245,0.07672378294289897,0.323697030544281,0.633972546081098
Scene4_t019,1P0A2296.dng,5,1P0A2298.dng,7,1P0A2295.dng,4,1P0A2299.dng,8,1P0A2299.dng,8,1P0A2299.dng,8,3,0.9277265797419814,0.13368897556734993,0.017905552251098095,0.42652174830436707,0.6424430763561834
Scene4_t020,1P0A2311.dng,5,1P0A2313.dng,7,1P0A2310.dng,4,1P0A2314.dng,8,1P0A2314.dng,8,1P0A2314.dng,8,3,0.9298754313338896,0.12880473325402636,0.017709667825768667,0.42590051889419556,0.6545562970000682
Scene4_t021,1P0A2326.dng,5,1P0A2328.dng,7,1P0A2325.dng,4,1P0A2329.dng,8,1P0A2329.dng,8,1P0A2329.dng,8,3,0.9321961135684734,0.1262525164714495,0.017742553532210836,0.4260891377925873,0.6619485270933636
Scene4_t022,1P0A2341.dng,5,1P0A2343.dng,7,1P0A2340.dng,4,1P0A2344.dng,8,1P0A2344.dng,8,1P0A2344.dng,8,3,0.9341801156789828,0.12597227306002928,0.01768107155929722,0.42839759588241577,0.6645544979996271
Scene4_t023,1P0A2356.dng,5,1P0A2358.dng,7,1P0A2355.dng,4,1P0A2359.dng,8,1P0A2361.dng,10,1P0A2359.dng,8,3,0.937215163667267,0.12271944774890191,0.01802422675695461,0.4281463325023651,0.6737520414125086
Scene4_t024,1P0A2371.dng,5,1P0A2373.dng,7,1P0A2370.dng,4,1P0A2374.dng,8,1P0A2375.dng,9,1P0A2374.dng,8,3,0.9379479528006083,0.11847147236456808,0.016136873169838944,0.42925265431404114,0.6848681349016332
Scene4_t025,1P0A2386.dng,5,1P0A2388.dng,7,1P0A2385.dng,4,1P0A2389.dng,8,1P0A2390.dng,9,1P0A2389.dng,8,3,0.9398634496826976,0.11679716096266471,0.014854330618594437,0.43043577671051025,0.6914147971387739
Scene4_t026,1P0A2401.dng,5,1P0A2403.dng,7,1P0A2400.dng,4,1P0A2404.dng,8,1P0A2405.dng,9,1P0A2404.dng,8,3,0.9418529618208203,0.11529871659956076,0.01325579932284041,0.4322088956832886,0.6979997292988585
Scene4_t027,1P0A2416.dng,5,1P0A2418.dng,7,1P0A2415.dng,4,1P0A2420.dng,9,1P0A2420.dng,9,1P0A2420.dng,9,4,0.9092410545932826,0.07188529465592972,0.05748421486090776,0.3182976245880127,0.7079862504205156
Scene4_t028,1P0A2431.dng,5,1P0A2433.dng,7,1P0A2430.dng,4,1P0A2435.dng,9,1P0A2435.dng,9,1P0A2435.dng,9,4,0.9127442702294397,0.06887267798316252,0.056072989110541725,0.3175639510154724,0.7189259251525729
Scene4_t029,1P0A2446.dng,5,1P0A2448.dng,7,1P0A2445.dng,4,1P0A2449.dng,8,1P0A2450.dng,9,1P0A2449.dng,8,3,0.948285987375541,0.10779791590409957,0.010787941526354318,0.43322187662124634,0.7219022140409876
Scene4_t030,1P0A2460.dng,4,1P0A2462.dng,6,1P0A2459.dng,3,1P0A2460.dng,4,1P0A2461.dng,5,1P0A2459.dng,3,0,0.7705937075953067,1.4298133235724744e-06,0.0001672881588579795,0.576242983341217,0.7704235598098015
Scene4_t031,1P0A2475.dng,4,1P0A2476.dng,5,1P0A2473.dng,2,1P0A2475.dng,4,1P0A2476.dng,5,1P0A2474.dng,3,0,0.7713258813074778,1.4298133235724744e-06,0.0001844459187408492,0.5736991167068481,0.7711385757620898
Scene4_t032,1P0A2490.dng,4,1P0A2492.dng,6,1P0A2488.dng,2,1P0A2490.dng,4,1P0A2491.dng,5,1P0A2489.dng,3,0,0.7703284610425247,1.4298133235724744e-06,0.00018873535871156662,0.5726585388183594,0.770136866057166
Scene4_t033,1P0A2505.dng,4,1P0A2507.dng,6,1P0A2503.dng,2,1P0A2505.dng,4,1P0A2506.dng,5,1P0A2504.dng,3,0,0.7696920896353469,1.4298133235724744e-06,0.0001844459187408492,0.5738837718963623,0.7695047840899588
Scene4_t034,1P0A2520.dng,4,1P0A2522.dng,6,1P0A2518.dng,2,1P0A2520.dng,4,1P0A2521.dng,5,1P0A2519.dng,3,0,0.7692044085011541,1.4298133235724744e-06,0.00017443722547584188,0.5744113922119141,0.7690271116490311
Scene4_t035,1P0A2535.dng,4,1P0A2537.dng,6,1P0A2533.dng,2,1P0A2535.dng,4,1P0A2536.dng,5,1P0A2534.dng,3,0,0.7679348677120549,0.0,0.00018301610541727673,0.5652828812599182,0.7677518516066376
Scene4_t036,1P0A2550.dng,4,1P0A2552.dng,6,1P0A2548.dng,2,1P0A2550.dng,4,1P0A2551.dng,5,1P0A2549.dng,3,0,0.7681107912248523,0.0,0.00017157759882869693,0.5755109190940857,0.7679392136260236
Scene4_t037,1P0A2565.dng,4,1P0A2567.dng,6,1P0A2563.dng,2,1P0A2565.dng,4,1P0A2566.dng,5,1P0A2564.dng,3,0,0.7687307566475965,1.4298133235724744e-06,0.00016299871888726208,0.577495813369751,0.7685648983020621
Scene4_t038,1P0A2580.dng,4,1P0A2582.dng,6,1P0A2578.dng,2,1P0A2580.dng,4,1P0A2581.dng,5,1P0A2579.dng,3,0,0.7684938341728187,1.4298133235724744e-06,0.00017157759882869693,0.5778620839118958,0.7683193969473429
Scene4_t039,1P0A2595.dng,4,1P0A2597.dng,6,1P0A2593.dng,2,1P0A2595.dng,4,1P0A2596.dng,5,1P0A2594.dng,3,0,0.7679534081571558,1.4298133235724744e-06,0.00017157759882869693,0.5769950747489929,0.76777897093168
Scene4_t040,1P0A2610.dng,4,1P0A2612.dng,6,1P0A2608.dng,2,1P0A2610.dng,4,1P0A2611.dng,5,1P0A2609.dng,3,0,0.7680680455877004,1.4298133235724744e-06,0.00018158629209370425,0.5772613286972046,0.7678835996689595
Scene4_t041,1P0A2625.dng,4,1P0A2627.dng,6,1P0A2623.dng,2,1P0A2625.dng,4,1P0A2626.dng,5,1P0A2624.dng,3,0,0.7680920315826395,1.4298133235724744e-06,0.00017729685212298683,0.57794588804245,0.7679118751038694
Scene4_t042,1P0A2640.dng,4,1P0A2642.dng,6,1P0A2638.dng,2,1P0A2640.dng,4,1P0A2641.dng,5,1P0A2639.dng,3,0,0.7680685444631841,1.4298133235724744e-06,0.0001672881588579795,0.5771592259407043,0.7678983966776789
Scene4_t043,1P0A2655.dng,4,1P0A2657.dng,6,1P0A2653.dng,2,1P0A2655.dng,4,1P0A2656.dng,5,1P0A2654.dng,3,0,0.7677687182384453,0.0,0.00017157759882869693,0.5763635635375977,0.7675971406396166
Scene4_t044,1P0A2670.dng,4,1P0A2672.dng,6,1P0A2668.dng,2,1P0A2670.dng,4,1P0A2671.dng,5,1P0A2669.dng,3,0,0.7672113384344273,0.0,0.00018015647877013178,0.5742382407188416,0.7670311819556572
Scene4_t045,1P0A2685.dng,4,1P0A2687.dng,6,1P0A2683.dng,2,1P0A2685.dng,4,1P0A2686.dng,5,1P0A2684.dng,3,0,0.7669740970271826,0.0,0.0001787266654465593,0.5752316117286682,0.766795370361736
Scene4_t046,1P0A2700.dng,4,1P0A2702.dng,6,1P0A2698.dng,2,1P0A2700.dng,4,1P0A2701.dng,5,1P0A2699.dng,3,0,0.7661675210832142,0.0,0.00018730554538799415,0.5781899690628052,0.7659802155378261
Scene4_t047,1P0A2715.dng,4,1P0A2717.dng,6,1P0A2713.dng,2,1P0A2715.dng,4,1P0A2716.dng,5,1P0A2714.dng,3,0,0.766705750820203,0.0,0.00018730554538799415,0.5764536261558533,0.7665184452748149
Scene4_t048,1P0A2730.dng,4,1P0A2732.dng,6,1P0A2728.dng,2,1P0A2730.dng,4,1P0A2731.dng,5,1P0A2729.dng,3,0,0.7661536079423853,1.4298133235724744e-06,0.00018301610541727673,0.577951967716217,0.7659677322103209
Scene4_t049,1P0A2745.dng,4,1P0A2747.dng,6,1P0A2743.dng,2,1P0A2745.dng,4,1P0A2746.dng,5,1P0A2744.dng,3,0,0.7664221352307089,1.4298133235724744e-06,0.0001901651720351391,0.5778771042823792,0.7662291104320266
Scene4_t050,1P0A2762.dng,6,1P0A2763.dng,7,1P0A2760.dng,4,1P0A2766.dng,10,1P0A2767.dng,11,1P0A2766.dng,10,4,0.9414101309171501,0.04898540446559297,0.1428955435578331,0.3502750098705292,0.7005437784281311
Scene4_t051,1P0A2777.dng,6,1P0A2778.dng,7,1P0A2775.dng,4,1P0A2780.dng,9,1P0A2781.dng,10,1P0A2780.dng,9,3,0.9609211271303526,0.08776480142752562,0.05046526125549048,0.4294787347316742,0.7349262630198109
Scene4_t052,1P0A2791.dng,5,1P0A2793.dng,7,1P0A2790.dng,4,1P0A2795.dng,9,1P0A2796.dng,10,1P0A2795.dng,9,4,0.9613188248386351,0.08506817349926793,0.050935669838945825,0.42710891366004944,0.7402468080011534
Scene4_t053,1P0A2806.dng,5,1P0A2808.dng,7,1P0A2805.dng,4,1P0A2810.dng,9,1P0A2811.dng,10,1P0A2810.dng,9,4,0.9612257142745504,0.08191972456076135,0.04800455252562225,0.4233414828777313,0.7493817126274054
Scene4_t054,1P0A2821.dng,5,1P0A2823.dng,7,1P0A2820.dng,4,1P0A2825.dng,9,1P0A2826.dng,10,1P0A2825.dng,9,4,0.9623088893622824,0.08026971998535871,0.06492496339677892,0.41914916038513184,0.7368444859947861
Scene4_t055,1P0A2836.dng,5,1P0A2838.dng,7,1P0A2835.dng,4,1P0A2840.dng,9,1P0A2841.dng,10,1P0A2840.dng,9,4,0.9620616290842778,0.07533257457906296,0.056060120790629574,0.41175881028175354,0.7553363591355223
Scene4_t056,1P0A2851.dng,5,1P0A2853.dng,7,1P0A2850.dng,4,1P0A2855.dng,9,1P0A2856.dng,10,1P0A2855.dng,9,4,0.9590093104134476,0.06496070872986823,0.05238978998901903,0.3955313265323639,0.7766981029646921
Scene4_t057,1P0A2866.dng,5,1P0A2868.dng,7,1P0A2865.dng,4,1P0A2870.dng,9,1P0A2871.dng,10,1P0A2870.dng,9,4,0.9584670194371903,0.04601568219253294,0.08430751281112737,0.3723393976688385,0.782128142240997
Scene4_t058,1P0A2881.dng,5,1P0A2883.dng,7,1P0A2880.dng,4,1P0A2885.dng,9,1P0A2885.dng,9,1P0A2885.dng,9,4,0.9540450106801194,0.036784807375549046,0.07062133967789165,0.3530932366847992,0.8098540562511296
Scene4_t059,1P0A2896.dng,5,1P0A2898.dng,7,1P0A2895.dng,4,1P0A2900.dng,9,1P0A2900.dng,9,1P0A2900.dng,9,4,0.9489920212281897,0.03037066480600293,0.06349515007320644,0.3339424729347229,0.8247555415429775
Scene4_t060,1P0A2911.dng,5,1P0A2913.dng,7,1P0A2910.dng,4,1P0A2915.dng,9,1P0A2915.dng,9,1P0A2915.dng,9,4,0.9444352345661616,0.028988035322108346,0.0665149158125915,0.32395973801612854,0.8199442481093534
Scene4_t061,1P0A2926.dng,5,1P0A2928.dng,7,1P0A2925.dng,4,1P0A2930.dng,9,1P0A2930.dng,9,1P0A2929.dng,8,4,0.942708085536118,0.029489899798682283,0.06720122620790629,0.32141754031181335,0.8165270597308472
Scene4_t062,1P0A2941.dng,5,1P0A2943.dng,7,1P0A2940.dng,4,1P0A2945.dng,9,1P0A2945.dng,9,1P0A2944.dng,8,4,0.9410840514858264,0.028743537243777453,0.06943316480600292,0.32108601927757263,0.8141638121922686
Scene4_t063,1P0A2956.dng,5,1P0A2958.dng,7,1P0A2955.dng,4,1P0A2960.dng,9,1P0A2960.dng,9,1P0A2960.dng,9,4,0.9437044016109091,0.030529374084919472,0.06644914439970717,0.3237021267414093,0.816196509041363
Scene4_t064,1P0A2971.dng,5,1P0A2973.dng,7,1P0A2970.dng,4,1P0A2975.dng,9,1P0A2975.dng,9,1P0A2974.dng,8,4,0.9406752800420461,0.03038210331259151,0.06754009196559298,0.32151514291763306,0.8123709814512702
Scene4_t065,1P0A2986.dng,5,1P0A2988.dng,7,1P0A2985.dng,4,1P0A2990.dng,9,1P0A2990.dng,9,1P0A2989.dng,8,4,0.9406830898621966,0.03248821833821376,0.06659212573206442,0.322271466255188,0.8091145274537047
Scene4_t066,1P0A3001.dng,5,1P0A3003.dng,7,1P0A3000.dng,4,1P0A3005.dng,9,1P0A3005.dng,9,1P0A3004.dng,8,4,0.9419553896690744,0.034085319820644215,0.06568705389824304,0.32248279452323914,0.808097696129543
Scene4_t067,1P0A3016.dng,5,1P0A3018.dng,7,1P0A3015.dng,4,1P0A3020.dng,9,1P0A3020.dng,9,1P0A3020.dng,9,4,0.941086759479737,0.03465152589677892,0.06695100887628111,0.32397961616516113,0.804832698809898
Scene4_t068,1P0A3031.dng,5,1P0A3033.dng,7,1P0A3030.dng,4,1P0A3035.dng,9,1P0A3035.dng,9,1P0A3035.dng,9,4,0.93979888401066,0.03661037015007321,0.06713402498169839,0.32462140917778015,0.7994441187288152
Scene4_t069,1P0A3046.dng,5,1P0A3048.dng,7,1P0A3045.dng,4,1P0A3050.dng,9,1P0A3050.dng,9,1P0A3050.dng,9,4,0.9376073054690109,0.03749685441068814,0.07058702415812591,0.32153961062431335,0.7920265724895088
Scene4_t070,1P0A3061.dng,5,1P0A3063.dng,7,1P0A3060.dng,4,1P0A3065.dng,9,1P0A3065.dng,9,1P0A3065.dng,9,4,0.9387207932925214,0.039139709919472916,0.06922298224743778,0.32511693239212036,0.7912183912061379
Scene4_t071,1P0A3076.dng,5,1P0A3078.dng,7,1P0A3075.dng,4,1P0A3080.dng,9,1P0A3080.dng,9,1P0A3080.dng,9,4,0.9400596438121791,0.041122860999267936,0.06812917505490483,0.32875460386276245,0.7896847467587385
Scene4_t072,1P0A3091.dng,5,1P0A3093.dng,7,1P0A3090.dng,4,1P0A3095.dng,9,1P0A3095.dng,9,1P0A3095.dng,9,4,0.9389306172610451,0.04235536008418741,0.07003797584187409,0.3274017572402954,0.7841819212507962
Scene4_t073,1P0A3106.dng,5,1P0A3108.dng,7,1P0A3105.dng,4,1P0A3110.dng,9,1P0A3110.dng,9,1P0A3110.dng,9,4,0.939083099116818,0.04373370012811127,0.0686038730783309,0.3299073874950409,0.7830118257822645
Scene4_t074,1P0A3121.dng,5,1P0A3123.dng,7,1P0A3120.dng,4,1P0A3124.dng,8,1P0A3125.dng,9,1P0A3124.dng,8,3,0.9683732051674607,0.08571730874816984,0.021625926519033674,0.45234328508377075,0.7753126611520873
Scene4_t075,1P0A3135.dng,4,1P0A3137.dng,6,1P0A3133.dng,2,1P0A3135.dng,4,1P0A3136.dng,5,1P0A3134.dng,3,0,0.7643499788650342,0.0,0.0002016036786237189,0.5673407912254333,0.7641483751864104
Scene4_t076,1P0A3150.dng,4,1P0A3152.dng,6,1P0A3148.dng,2,1P0A3150.dng,4,1P0A3151.dng,5,1P0A3149.dng,3,0,0.7632388555189458,0.0,0.00018730554538799415,0.5734903812408447,0.7630515499735577
Scene4_t077,1P0A3165.dng,4,1P0A3167.dng,6,1P0A3163.dng,2,1P0A3165.dng,4,1P0A3166.dng,5,1P0A3164.dng,3,0,0.7628838515602898,0.0,0.00018158629209370425,0.5736848711967468,0.7627022652681961
Scene4_t078,1P0A3180.dng,4,1P0A3182.dng,6,1P0A3178.dng,2,1P0A3180.dng,4,1P0A3181.dng,5,1P0A3179.dng,3,0,0.7628588277629799,0.0,0.00017729685212298683,0.5765008926391602,0.7626815309108569
Scene4_t079,1P0A3195.dng,4,1P0A3197.dng,6,1P0A3193.dng,2,1P0A3195.dng,4,1P0A3196.dng,5,1P0A3194.dng,3,0,0.7609205929169105,0.0,0.00018158629209370425,0.5749569535255432,0.7607390066248167
Scene4_t080,1P0A3210.dng,4,1P0A3212.dng,6,1P0A3208.dng,2,1P0A3210.dng,4,1P0A3211.dng,5,1P0A3209.dng,3,0,0.7609052074094613,0.0,0.00017729685212298683,0.5769952535629272,0.7607279105573383
Scene4_t081,1P0A3225.dng,4,1P0A3227.dng,6,1P0A3223.dng,2,1P0A3225.dng,4,1P0A3226.dng,5,1P0A3224.dng,3,0,0.7608026525389612,0.0,0.00018158629209370425,0.5770775079727173,0.7606210662468674
Scene4_t082,1P0A3240.dng,4,1P0A3242.dng,6,1P0A3238.dng,2,1P0A3240.dng,4,1P0A3241.dng,5,1P0A3239.dng,3,0,0.760504135053428,0.0,0.00018730554538799415,0.5770535469055176,0.7603168295080399
Scene4_t083,1P0A3255.dng,4,1P0A3257.dng,6,1P0A3253.dng,2,1P0A3255.dng,4,1P0A3256.dng,5,1P0A3254.dng,3,0,0.7602354244300171,0.0,0.00018873535871156662,0.5760974884033203,0.7600466890713056
Scene4_t084,1P0A3270.dng,4,1P0A3271.dng,5,1P0A3268.dng,2,1P0A3270.dng,4,1P0A3271.dng,5,1P0A3269.dng,3,0,0.7597528373777379,0.0,0.0001787266654465593,0.5765738487243652,0.7595741107122913
Scene4_t085,1P0A3285.dng,4,1P0A3287.dng,6,1P0A3283.dng,2,1P0A3285.dng,4,1P0A3286.dng,5,1P0A3284.dng,3,0,0.7594614467584623,0.0,0.00018587573206442167,0.5765685439109802,0.7592755710263979
Scene4_t086,1P0A3300.dng,4,1P0A3302.dng,6,1P0A3298.dng,2,1P0A3300.dng,4,1P0A3301.dng,5,1P0A3299.dng,3,0,0.7595238660109351,0.0,0.00017729685212298683,0.578175961971283,0.7593465691588122
Scene4_t087,1P0A3315.dng,4,1P0A3317.dng,6,1P0A3313.dng,2,1P0A3315.dng,4,1P0A3316.dng,5,1P0A3314.dng,3,0,0.7583505916384742,0.0,0.00018015647877013178,0.5741361975669861,0.7581704351597041
Scene4_t088,1P0A3330.dng,4,1P0A3332.dng,6,1P0A3328.dng,2,1P0A3330.dng,4,1P0A3331.dng,5,1P0A3329.dng,3,0,0.7590802160113349,0.0,0.00017443722547584188,0.5794293880462646,0.7589057787858591
Scene4_t089,1P0A3345.dng,4,1P0A3347.dng,6,1P0A3343.dng,2,1P0A3345.dng,4,1P0A3346.dng,5,1P0A3344.dng,3,0,0.7587363584146776,0.0,0.0001672881588579795,0.5781914591789246,0.7585690702558195
Scene4_t090,1P0A3362.dng,6,1P0A3363.dng,7,1P0A3361.dng,5,1P0A3365.dng,9,1P0A3365.dng,9,1P0A3365.dng,9,3,0.9323730858518595,0.14551067212664714,0.026045479502196194,0.4774530529975891,0.6153062620963691
Scene4_t091,1P0A3377.dng,6,1P0A3378.dng,7,1P0A3376.dng,5,1P0A3380.dng,9,1P0A3382.dng,11,1P0A3380.dng,9,3,0.9338077783886074,0.12296108620058566,0.028533354685212297,0.4327068328857422,0.6593522513022237
Scene4_t092,1P0A3392.dng,6,1P0A3393.dng,7,1P0A3391.dng,5,1P0A3395.dng,9,1P0A3397.dng,11,1P0A3395.dng,9,3,0.9319826526093025,0.12496854410688141,0.030732407576866766,0.42759430408477783,0.6513131568186729
Scene4_t093,1P0A3407.dng,6,1P0A3408.dng,7,1P0A3406.dng,5,1P0A3410.dng,9,1P0A3411.dng,10,1P0A3410.dng,9,3,0.930513000713721,0.12127104685212299,0.028849343429721817,0.4200676381587982,0.6591215635797533
Scene4_t094,1P0A3422.dng,6,1P0A3423.dng,7,1P0A3421.dng,5,1P0A3425.dng,9,1P0A3426.dng,10,1P0A3425.dng,9,3,0.9255795405056553,0.11557038113103953,0.03633441617862372,0.4005008041858673,0.6581043620649525
Scene4_t095,1P0A3437.dng,6,1P0A3438.dng,7,1P0A3436.dng,5,1P0A3440.dng,9,1P0A3441.dng,10,1P0A3440.dng,9,3,0.922940646651023,0.10835554310029283,0.045919884699853586,0.38189589977264404,0.6603096757505837
Scene4_t096,1P0A3452.dng,6,1P0A3453.dng,7,1P0A3451.dng,5,1P0A3455.dng,9,1P0A3456.dng,10,1P0A3455.dng,9,3,0.9150512656362095,0.09724875320278184,0.052402658308931184,0.36219969391822815,0.6681511009217147
Scene4_t097,1P0A3466.dng,5,1P0A3468.dng,7,1P0A3465.dng,4,1P0A3470.dng,9,1P0A3471.dng,10,1P0A3470.dng,9,4,0.9100774500488039,0.09473800100658858,0.05567407119326501,0.34375521540641785,0.6649273768423618
Scene4_t098,1P0A3481.dng,5,1P0A3483.dng,7,1P0A3480.dng,4,1P0A3485.dng,9,1P0A3486.dng,10,1P0A3485.dng,9,4,0.9043302873830155,0.09260614934114202,0.062296966508052706,0.33577486872673035,0.6568210221926787
Scene4_t099,1P0A3496.dng,5,1P0A3498.dng,7,1P0A3495.dng,4,1P0A3500.dng,9,1P0A3501.dng,10,1P0A3500.dng,9,4,0.904471193792958,0.09570169518667643,0.06061550603953148,0.3348275423049927,0.6524522973800737
