scene_id,preferred_filename,acceptable_min_filename,acceptable_max_filename,hdr_benefit_if_static,hdr_enable_if_static,hdr_ratio_class,hdr_anchor_filename,label_confidence,label_source
Scene4_t000,1P0A2011.dng,1P0A2013.dng,1P0A2010.dng,,,,,0.8,metric_review_pending
Scene4_t001,1P0A2026.dng,1P0A2028.dng,1P0A2025.dng,,,,,0.8,metric_review_pending
Scene4_t002,1P0A2041.dng,1P0A2043.dng,1P0A2040.dng,,,,,0.8,metric_review_pending
Scene4_t003,1P0A2056.dng,1P0A2058.dng,1P0A2055.dng,,,,,0.8,metric_review_pending
Scene4_t004,1P0A2071.dng,1P0A2073.dng,1P0A2070.dng,,,,,0.8,metric_review_pending
Scene4_t005,1P0A2086.dng,1P0A2088.dng,1P0A2085.dng,,,,,0.8,metric_review_pending
Scene4_t006,1P0A2101.dng,1P0A2103.dng,1P0A2100.dng,,,,,0.8,metric_review_pending
Scene4_t007,1P0A2116.dng,1P0A2118.dng,1P0A2115.dng,,,,,0.8,metric_review_pending
Scene4_t008,1P0A2131.dng,1P0A2133.dng,1P0A2130.dng,,,,,0.8,metric_review_pending
Scene4_t009,1P0A2146.dng,1P0A2148.dng,1P0A2145.dng,,,,,0.8,metric_review_pending
Scene4_t010,1P0A2161.dng,1P0A2163.dng,1P0A2160.dng,,,,,0.8,metric_review_pending
Scene4_t011,1P0A2176.dng,1P0A2178.dng,1P0A2175.dng,,,,,0.8,metric_review_pending
Scene4_t012,1P0A2191.dng,1P0A2193.dng,1P0A2190.dng,,,,,0.8,metric_review_pending
Scene4_t013,1P0A2206.dng,1P0A2208.dng,1P0A2205.dng,,,,,0.8,metric_review_pending
Scene4_t014,1P0A2221.dng,1P0A2223.dng,1P0A2220.dng,,,,,0.8,metric_review_pending
Scene4_t015,1P0A2236.dng,1P0A2238.dng,1P0A2235.dng,,,,,0.8,metric_review_pending
Scene4_t016,1P0A2251.dng,1P0A2253.dng,1P0A2250.dng,,,,,0.8,metric_review_pending
Scene4_t017,1P0A2266.dng,1P0A2268.dng,1P0A2265.dng,,,,,0.8,metric_review_pending
Scene4_t018,1P0A2281.dng,1P0A2283.dng,1P0A2280.dng,,,,,0.8,metric_review_pending
Scene4_t019,1P0A2296.dng,1P0A2298.dng,1P0A2295.dng,,,,,0.8,metric_review_pending
Scene4_t020,1P0A2311.dng,1P0A2313.dng,1P0A2310.dng,,,,,0.8,metric_review_pending
Scene4_t021,1P0A2326.dng,1P0A2328.dng,1P0A2325.dng,,,,,0.8,metric_review_pending
Scene4_t022,1P0A2341.dng,1P0A2343.dng,1P0A2340.dng,,,,,0.8,metric_review_pending
Scene4_t023,1P0A2356.dng,1P0A2358.dng,1P0A2355.dng,,,,,0.8,metric_review_pending
Scene4_t024,1P0A2371.dng,1P0A2373.dng,1P0A2370.dng,,,,,0.8,metric_review_pending
Scene4_t025,1P0A2386.dng,1P0A2388.dng,1P0A2385.dng,,,,,0.8,metric_review_pending
Scene4_t026,1P0A2401.dng,1P0A2403.dng,1P0A2400.dng,,,,,0.8,metric_review_pending
Scene4_t027,1P0A2416.dng,1P0A2418.dng,1P0A2415.dng,,,,,0.8,metric_review_pending
Scene4_t028,1P0A2431.dng,1P0A2433.dng,1P0A2430.dng,,,,,0.8,metric_review_pending
Scene4_t029,1P0A2446.dng,1P0A2448.dng,1P0A2445.dng,,,,,0.8,metric_review_pending
Scene4_t030,1P0A2460.dng,1P0A2462.dng,1P0A2459.dng,,,,,0.8,metric_review_pending
Scene4_t031,1P0A2475.dng,1P0A2476.dng,1P0A2473.dng,,,,,0.8,metric_review_pending
Scene4_t032,1P0A2490.dng,1P0A2492.dng,1P0A2488.dng,,,,,0.8,metric_review_pending
Scene4_t033,1P0A2505.dng,1P0A2507.dng,1P0A2503.dng,,,,,0.8,metric_review_pending
Scene4_t034,1P0A2520.dng,1P0A2522.dng,1P0A2518.dng,,,,,0.8,metric_review_pending
Scene4_t035,1P0A2535.dng,1P0A2537.dng,1P0A2533.dng,,,,,0.8,metric_review_pending
Scene4_t036,1P0A2550.dng,1P0A2552.dng,1P0A2548.dng,,,,,0.8,metric_review_pending
Scene4_t037,1P0A2565.dng,1P0A2567.dng,1P0A2563.dng,,,,,0.8,metric_review_pending
Scene4_t038,1P0A2580.dng,1P0A2582.dng,1P0A2578.dng,,,,,0.8,metric_review_pending
Scene4_t039,1P0A2595.dng,1P0A2597.dng,1P0A2593.dng,,,,,0.8,metric_review_pending
Scene4_t040,1P0A2610.dng,1P0A2612.dng,1P0A2608.dng,,,,,0.8,metric_review_pending
Scene4_t041,1P0A2625.dng,1P0A2627.dng,1P0A2623.dng,,,,,0.8,metric_review_pending
Scene4_t042,1P0A2640.dng,1P0A2642.dng,1P0A2638.dng,,,,,0.8,metric_review_pending
Scene4_t043,1P0A2655.dng,1P0A2657.dng,1P0A2653.dng,,,,,0.8,metric_review_pending
Scene4_t044,1P0A2670.dng,1P0A2672.dng,1P0A2668.dng,,,,,0.8,metric_review_pending
Scene4_t045,1P0A2685.dng,1P0A2687.dng,1P0A2683.dng,,,,,0.8,metric_review_pending
Scene4_t046,1P0A2700.dng,1P0A2702.dng,1P0A2698.dng,,,,,0.8,metric_review_pending
Scene4_t047,1P0A2715.dng,1P0A2717.dng,1P0A2713.dng,,,,,0.8,metric_review_pending
Scene4_t048,1P0A2730.dng,1P0A2732.dng,1P0A2728.dng,,,,,0.8,metric_review_pending
Scene4_t049,1P0A2745.dng,1P0A2747.dng,1P0A2743.dng,,,,,0.8,metric_review_pending
Scene4_t050,1P0A2762.dng,1P0A2763.dng,1P0A2760.dng,,,,,0.8,metric_review_pending
Scene4_t051,1P0A2777.dng,1P0A2778.dng,1P0A2775.dng,,,,,0.8,metric_review_pending
Scene4_t052,1P0A2791.dng,1P0A2793.dng,1P0A2790.dng,,,,,0.8,metric_review_pending
Scene4_t053,1P0A2806.dng,1P0A2808.dng,1P0A2805.dng,,,,,0.8,metric_review_pending
Scene4_t054,1P0A2821.dng,1P0A2823.dng,1P0A2820.dng,,,,,0.8,metric_review_pending
Scene4_t055,1P0A2836.dng,1P0A2838.dng,1P0A2835.dng,,,,,0.8,metric_review_pending
Scene4_t056,1P0A2851.dng,1P0A2853.dng,1P0A2850.dng,,,,,0.8,metric_review_pending
Scene4_t057,1P0A2866.dng,1P0A2868.dng,1P0A2865.dng,,,,,0.8,metric_review_pending
Scene4_t058,1P0A2881.dng,1P0A2883.dng,1P0A2880.dng,,,,,0.8,metric_review_pending
Scene4_t059,1P0A2896.dng,1P0A2898.dng,1P0A2895.dng,,,,,0.8,metric_review_pending
Scene4_t060,1P0A2911.dng,1P0A2913.dng,1P0A2910.dng,,,,,0.8,metric_review_pending
Scene4_t061,1P0A2926.dng,1P0A2928.dng,1P0A2925.dng,,,,,0.8,metric_review_pending
Scene4_t062,1P0A2941.dng,1P0A2943.dng,1P0A2940.dng,,,,,0.8,metric_review_pending
Scene4_t063,1P0A2956.dng,1P0A2958.dng,1P0A2955.dng,,,,,0.8,metric_review_pending
Scene4_t064,1P0A2971.dng,1P0A2973.dng,1P0A2970.dng,,,,,0.8,metric_review_pending
Scene4_t065,1P0A2986.dng,1P0A2988.dng,1P0A2985.dng,,,,,0.8,metric_review_pending
Scene4_t066,1P0A3001.dng,1P0A3003.dng,1P0A3000.dng,,,,,0.8,metric_review_pending
Scene4_t067,1P0A3016.dng,1P0A3018.dng,1P0A3015.dng,,,,,0.8,metric_review_pending
Scene4_t068,1P0A3031.dng,1P0A3033.dng,1P0A3030.dng,,,,,0.8,metric_review_pending
Scene4_t069,1P0A3046.dng,1P0A3048.dng,1P0A3045.dng,,,,,0.8,metric_review_pending
Scene4_t070,1P0A3061.dng,1P0A3063.dng,1P0A3060.dng,,,,,0.8,metric_review_pending
Scene4_t071,1P0A3076.dng,1P0A3078.dng,1P0A3075.dng,,,,,0.8,metric_review_pending
Scene4_t072,1P0A3091.dng,1P0A3093.dng,1P0A3090.dng,,,,,0.8,metric_review_pending
Scene4_t073,1P0A3106.dng,1P0A3108.dng,1P0A3105.dng,,,,,0.8,metric_review_pending
Scene4_t074,1P0A3121.dng,1P0A3123.dng,1P0A3120.dng,,,,,0.8,metric_review_pending
Scene4_t075,1P0A3135.dng,1P0A3137.dng,1P0A3133.dng,,,,,0.8,metric_review_pending
Scene4_t076,1P0A3150.dng,1P0A3152.dng,1P0A3148.dng,,,,,0.8,metric_review_pending
Scene4_t077,1P0A3165.dng,1P0A3167.dng,1P0A3163.dng,,,,,0.8,metric_review_pending
Scene4_t078,1P0A3180.dng,1P0A3182.dng,1P0A3178.dng,,,,,0.8,metric_review_pending
Scene4_t079,1P0A3195.dng,1P0A3197.dng,1P0A3193.dng,,,,,0.8,metric_review_pending
Scene4_t080,1P0A3210.dng,1P0A3212.dng,1P0A3208.dng,,,,,0.8,metric_review_pending
Scene4_t081,1P0A3225.dng,1P0A3227.dng,1P0A3223.dng,,,,,0.8,metric_review_pending
Scene4_t082,1P0A3240.dng,1P0A3242.dng,1P0A3238.dng,,,,,0.8,metric_review_pending
Scene4_t083,1P0A3255.dng,1P0A3257.dng,1P0A3253.dng,,,,,0.8,metric_review_pending
Scene4_t084,1P0A3270.dng,1P0A3271.dng,1P0A3268.dng,,,,,0.8,metric_review_pending
Scene4_t085,1P0A3285.dng,1P0A3287.dng,1P0A3283.dng,,,,,0.8,metric_review_pending
Scene4_t086,1P0A3300.dng,1P0A3302.dng,1P0A3298.dng,,,,,0.8,metric_review_pending
Scene4_t087,1P0A3315.dng,1P0A3317.dng,1P0A3313.dng,,,,,0.8,metric_review_pending
Scene4_t088,1P0A3330.dng,1P0A3332.dng,1P0A3328.dng,,,,,0.8,metric_review_pending
Scene4_t089,1P0A3345.dng,1P0A3347.dng,1P0A3343.dng,,,,,0.8,metric_review_pending
Scene4_t090,1P0A3362.dng,1P0A3363.dng,1P0A3361.dng,,,,,0.8,metric_review_pending
Scene4_t091,1P0A3377.dng,1P0A3378.dng,1P0A3376.dng,,,,,0.8,metric_review_pending
Scene4_t092,1P0A3392.dng,1P0A3393.dng,1P0A3391.dng,,,,,0.8,metric_review_pending
Scene4_t093,1P0A3407.dng,1P0A3408.dng,1P0A3406.dng,,,,,0.8,metric_review_pending
Scene4_t094,1P0A3422.dng,1P0A3423.dng,1P0A3421.dng,,,,,0.8,metric_review_pending
Scene4_t095,1P0A3437.dng,1P0A3438.dng,1P0A3436.dng,,,,,0.8,metric_review_pending
Scene4_t096,1P0A3452.dng,1P0A3453.dng,1P0A3451.dng,,,,,0.8,metric_review_pending
Scene4_t097,1P0A3466.dng,1P0A3468.dng,1P0A3465.dng,,,,,0.8,metric_review_pending
Scene4_t098,1P0A3481.dng,1P0A3483.dng,1P0A3480.dng,,,,,0.8,metric_review_pending
Scene4_t099,1P0A3496.dng,1P0A3498.dng,1P0A3495.dng,,,,,0.8,metric_review_pending
