scene_id,preferred_exposure_index,reason
SIHDR_019,0,preferred target is censored by the 15-shutter boundary
SIHDR_020,0,preferred target is censored by the 15-shutter boundary
SIHDR_021,0,preferred target is censored by the 15-shutter boundary
SIHDR_023,0,preferred target is censored by the 15-shutter boundary
SIHDR_025,0,preferred target is censored by the 15-shutter boundary
SIHDR_027,0,preferred target is censored by the 15-shutter boundary
SIHDR_028,0,preferred target is censored by the 15-shutter boundary
SIHDR_063,0,preferred target is censored by the 15-shutter boundary
SIHDR_064,0,preferred target is censored by the 15-shutter boundary
SIHDR_066,0,preferred target is censored by the 15-shutter boundary
SIHDR_076,0,preferred target is censored by the 15-shutter boundary
SIHDR_096,0,preferred target is censored by the 15-shutter boundary
SIHDR_097,0,preferred target is censored by the 15-shutter boundary
SIHDR_098,0,preferred target is censored by the 15-shutter boundary
SIHDR_099,0,preferred target is censored by the 15-shutter boundary
SIHDR_100,0,preferred target is censored by the 15-shutter boundary
SIHDR_101,0,preferred target is censored by the 15-shutter boundary
SIHDR_103,0,preferred target is censored by the 15-shutter boundary
SIHDR_104,0,preferred target is censored by the 15-shutter boundary
SIHDR_105,0,preferred target is censored by the 15-shutter boundary
SIHDR_106,0,preferred target is censored by the 15-shutter boundary
SIHDR_107,0,preferred target is censored by the 15-shutter boundary
SIHDR_108,0,preferred target is censored by the 15-shutter boundary
SIHDR_109,0,preferred target is censored by the 15-shutter boundary
SIHDR_110,0,preferred target is censored by the 15-shutter boundary
SIHDR_111,0,preferred target is censored by the 15-shutter boundary
SIHDR_112,0,preferred target is censored by the 15-shutter boundary
SIHDR_113,0,preferred target is censored by the 15-shutter boundary
SIHDR_114,0,preferred target is censored by the 15-shutter boundary
SIHDR_115,0,preferred target is censored by the 15-shutter boundary
SIHDR_116,0,preferred target is censored by the 15-shutter boundary
SIHDR_117,0,preferred target is censored by the 15-shutter boundary
SIHDR_118,0,preferred target is censored by the 15-shutter boundary
SIHDR_119,0,preferred target is censored by the 15-shutter boundary
SIHDR_120,0,preferred target is censored by the 15-shutter boundary
SIHDR_121,0,preferred target is censored by the 15-shutter boundary
SIHDR_122,0,preferred target is censored by the 15-shutter boundary
SIHDR_143,0,preferred target is censored by the 15-shutter boundary
SIHDR_144,0,preferred target is censored by the 15-shutter boundary
SIHDR_158,0,preferred target is censored by the 15-shutter boundary
SIHDR_159,0,preferred target is censored by the 15-shutter boundary
SIHDR_160,0,preferred target is censored by the 15-shutter boundary
SIHDR_161,0,preferred target is censored by the 15-shutter boundary
SIHDR_162,0,preferred target is censored by the 15-shutter boundary
SIHDR_163,0,preferred target is censored by the 15-shutter boundary
SIHDR_164,0,preferred target is censored by the 15-shutter boundary
SIHDR_165,0,preferred target is censored by the 15-shutter boundary
SIHDR_166,0,preferred target is censored by the 15-shutter boundary
SIHDR_167,0,preferred target is censored by the 15-shutter boundary
SIHDR_168,0,preferred target is censored by the 15-shutter boundary
SIHDR_169,0,preferred target is censored by the 15-shutter boundary
SIHDR_170,0,preferred target is censored by the 15-shutter boundary
SIHDR_171,0,preferred target is censored by the 15-shutter boundary
SIHDR_172,0,preferred target is censored by the 15-shutter boundary
SIHDR_173,0,preferred target is censored by the 15-shutter boundary
SIHDR_174,0,preferred target is censored by the 15-shutter boundary
SIHDR_175,0,preferred target is censored by the 15-shutter boundary
SIHDR_176,0,preferred target is censored by the 15-shutter boundary
SIHDR_177,0,preferred target is censored by the 15-shutter boundary
SIHDR_184,0,preferred target is censored by the 15-shutter boundary
SIHDR_187,0,preferred target is censored by the 15-shutter boundary
SIHDR_191,0,preferred target is censored by the 15-shutter boundary
SIHDR_192,0,preferred target is censored by the 15-shutter boundary
SIHDR_193,0,preferred target is censored by the 15-shutter boundary
