scene_id,time_index,split,target_hdr_enable,mean_hdr_probability,min_hdr_probability,max_hdr_probability,predicted_hdr_enable_0_5,correct_0_5,decision_threshold,predicted_hdr_enable,correct
SIHDR_002,1,train,0,0.8068575263023376,0.54128098487854,0.9952636957168579,1,0,0.5154948830604553,1,0
SIHDR_004,3,train,1,0.769320547580719,0.5356060862541199,0.9946146607398987,1,1,0.5154948830604553,1,1
SIHDR_005,4,train,1,0.7698365449905396,0.5349796414375305,0.9949589967727661,1,1,0.5154948830604553,1,1
SIHDR_006,5,train,1,0.8173426985740662,0.562419056892395,0.9945395588874817,1,1,0.5154948830604553,1,1
SIHDR_008,7,train,1,0.9091952443122864,0.6341621279716492,0.9952682852745056,1,1,0.5154948830604553,1,1
SIHDR_009,8,train,1,0.7774798274040222,0.5384232401847839,0.9950719475746155,1,1,0.5154948830604553,1,1
SIHDR_012,11,train,1,0.7846363186836243,0.5344406962394714,0.9942012429237366,1,1,0.5154948830604553,1,1
SIHDR_014,13,train,1,0.8280182480812073,0.5437175631523132,0.9946616291999817,1,1,0.5154948830604553,1,1
SIHDR_015,14,train,1,0.8133326172828674,0.5402843356132507,0.9941726326942444,1,1,0.5154948830604553,1,1
SIHDR_028,23,train,0,0.5410305857658386,0.4850040078163147,0.7481409311294556,1,0,0.5154948830604553,1,0
SIHDR_031,26,train,1,0.9138959646224976,0.5931307077407837,0.9952782392501831,1,1,0.5154948830604553,1,1
SIHDR_032,27,train,1,0.950790524482727,0.7194470167160034,0.9952768087387085,1,1,0.5154948830604553,1,1
SIHDR_033,28,train,1,0.9237574338912964,0.6498114466667175,0.9952752590179443,1,1,0.5154948830604553,1,1
SIHDR_034,29,train,1,0.8928401470184326,0.6109553575515747,0.9952684044837952,1,1,0.5154948830604553,1,1
SIHDR_036,31,train,1,0.9089826941490173,0.6310350894927979,0.9952994585037231,1,1,0.5154948830604553,1,1
SIHDR_037,32,train,1,0.9117102026939392,0.6301801204681396,0.9952638149261475,1,1,0.5154948830604553,1,1
SIHDR_039,34,train,1,0.9055234789848328,0.6302610635757446,0.9952619075775146,1,1,0.5154948830604553,1,1
SIHDR_040,35,train,1,0.9117416739463806,0.625817060470581,0.9952256679534912,1,1,0.5154948830604553,1,1
SIHDR_044,39,train,1,0.8778470158576965,0.564610481262207,0.9952802658081055,1,1,0.5154948830604553,1,1
SIHDR_046,41,train,1,0.9214196801185608,0.6629707217216492,0.9952672719955444,1,1,0.5154948830604553,1,1
SIHDR_047,42,train,1,0.8354218006134033,0.5575488805770874,0.9950788021087646,1,1,0.5154948830604553,1,1
SIHDR_054,48,train,1,0.842354953289032,0.5862643718719482,0.9952359795570374,1,1,0.5154948830604553,1,1
SIHDR_055,49,train,1,0.8635517954826355,0.5805580019950867,0.9952186942100525,1,1,0.5154948830604553,1,1
SIHDR_058,52,train,1,0.8912221193313599,0.6460115909576416,0.9952617883682251,1,1,0.5154948830604553,1,1
SIHDR_059,53,train,1,0.8991128206253052,0.6188635230064392,0.9952641725540161,1,1,0.5154948830604553,1,1
SIHDR_061,55,train,1,0.8597356081008911,0.5921461582183838,0.995225191116333,1,1,0.5154948830604553,1,1
SIHDR_062,56,train,1,0.7908887267112732,0.5378327965736389,0.9950776696205139,1,1,0.5154948830604553,1,1
SIHDR_066,59,train,1,0.6663726568222046,0.5196090936660767,0.9363062381744385,1,1,0.5154948830604553,1,1
SIHDR_067,60,train,1,0.8410823345184326,0.5502464771270752,0.9951410293579102,1,1,0.5154948830604553,1,1
SIHDR_069,62,train,1,0.7982034683227539,0.5460526943206787,0.994939923286438,1,1,0.5154948830604553,1,1
SIHDR_070,63,train,1,0.7653149962425232,0.538918673992157,0.9949663281440735,1,1,0.5154948830604553,1,1
SIHDR_071,64,train,1,0.8271694779396057,0.561553955078125,0.9944853186607361,1,1,0.5154948830604553,1,1
SIHDR_072,65,train,1,0.8741875290870667,0.5877712368965149,0.9952155351638794,1,1,0.5154948830604553,1,1
SIHDR_075,68,train,1,0.8558751344680786,0.5764576196670532,0.9951024055480957,1,1,0.5154948830604553,1,1
SIHDR_076,69,train,1,0.6677420139312744,0.5178868770599365,0.940981388092041,1,1,0.5154948830604553,1,1
SIHDR_077,70,train,1,0.7815722227096558,0.5332226157188416,0.9928707480430603,1,1,0.5154948830604553,1,1
SIHDR_078,71,train,1,0.790591835975647,0.5349106788635254,0.9940850734710693,1,1,0.5154948830604553,1,1
SIHDR_081,74,train,1,0.8679985404014587,0.5539310574531555,0.9950645565986633,1,1,0.5154948830604553,1,1
SIHDR_083,76,train,1,0.8066384196281433,0.5687018632888794,0.995101809501648,1,1,0.5154948830604553,1,1
SIHDR_085,78,train,1,0.872338593006134,0.6058422327041626,0.995000422000885,1,1,0.5154948830604553,1,1
SIHDR_087,80,train,1,0.8660709261894226,0.5756909251213074,0.9950957298278809,1,1,0.5154948830604553,1,1
SIHDR_088,81,train,1,0.887448251247406,0.5896754860877991,0.9953581690788269,1,1,0.5154948830604553,1,1
SIHDR_089,82,train,1,0.8886926770210266,0.5858954191207886,0.9951984286308289,1,1,0.5154948830604553,1,1
SIHDR_091,84,train,1,0.8975629210472107,0.5953541398048401,0.9952113032341003,1,1,0.5154948830604553,1,1
SIHDR_092,85,train,1,0.886388897895813,0.5978319644927979,0.9952301979064941,1,1,0.5154948830604553,1,1
SIHDR_093,86,train,1,0.7586826086044312,0.5331969261169434,0.9942560791969299,1,1,0.5154948830604553,1,1
SIHDR_096,87,train,0,0.48911094665527344,0.46394437551498413,0.5351898670196533,0,1,0.5154948830604553,0,1
SIHDR_097,88,train,0,0.4877702295780182,0.45961007475852966,0.535188615322113,0,1,0.5154948830604553,0,1
SIHDR_098,89,train,0,0.4888140857219696,0.46255168318748474,0.5351911187171936,0,1,0.5154948830604553,0,1
SIHDR_099,90,train,0,0.49100586771965027,0.4674268066883087,0.5351904034614563,0,1,0.5154948830604553,0,1
SIHDR_100,91,train,0,0.4913388192653656,0.46719518303871155,0.53520268201828,0,1,0.5154948830604553,0,1
SIHDR_108,98,train,0,0.5021063685417175,0.4737979471683502,0.5386353135108948,1,0,0.5154948830604553,0,1
SIHDR_111,101,train,0,0.4963628351688385,0.47723329067230225,0.5352272987365723,0,1,0.5154948830604553,0,1
SIHDR_112,102,train,0,0.49630001187324524,0.47470012307167053,0.5352020263671875,0,1,0.5154948830604553,0,1
SIHDR_118,108,train,0,0.4890500605106354,0.4624261260032654,0.5352004766464233,0,1,0.5154948830604553,0,1
SIHDR_119,109,train,0,0.4896523058414459,0.46384382247924805,0.5352330207824707,0,1,0.5154948830604553,0,1
SIHDR_121,111,train,0,0.5002400279045105,0.4762866497039795,0.5353151559829712,1,0,0.5154948830604553,0,1
SIHDR_122,112,train,0,0.49367809295654297,0.46903330087661743,0.5352002382278442,0,1,0.5154948830604553,0,1
SIHDR_123,113,train,1,0.7279407978057861,0.5371035933494568,0.9782981276512146,1,1,0.5154948830604553,1,1
SIHDR_125,115,train,1,0.823872447013855,0.5630277395248413,0.99489825963974,1,1,0.5154948830604553,1,1
SIHDR_126,116,train,1,0.8396561741828918,0.5615676045417786,0.9949055910110474,1,1,0.5154948830604553,1,1
SIHDR_128,117,train,1,0.7849027514457703,0.5509706735610962,0.9939524531364441,1,1,0.5154948830604553,1,1
SIHDR_129,118,train,1,0.8392688035964966,0.5491853356361389,0.9952335953712463,1,1,0.5154948830604553,1,1
SIHDR_130,119,train,1,0.8181294798851013,0.5464067459106445,0.9944814443588257,1,1,0.5154948830604553,1,1
SIHDR_131,120,train,1,0.8129527568817139,0.5519196391105652,0.995288610458374,1,1,0.5154948830604553,1,1
SIHDR_132,121,train,1,0.8338369131088257,0.548539400100708,0.9950994849205017,1,1,0.5154948830604553,1,1
SIHDR_134,123,train,1,0.8417355418205261,0.5595051646232605,0.9952066540718079,1,1,0.5154948830604553,1,1
SIHDR_136,125,train,1,0.8495264053344727,0.554654061794281,0.9952421188354492,1,1,0.5154948830604553,1,1
SIHDR_137,126,train,1,0.8154696226119995,0.5463744401931763,0.9951781034469604,1,1,0.5154948830604553,1,1
SIHDR_138,127,train,1,0.8277432322502136,0.5448715686798096,0.9951977133750916,1,1,0.5154948830604553,1,1
SIHDR_141,130,train,1,0.8127821087837219,0.5565497875213623,0.9940007328987122,1,1,0.5154948830604553,1,1
SIHDR_142,131,train,1,0.8414036631584167,0.5535928010940552,0.9948898553848267,1,1,0.5154948830604553,1,1
SIHDR_146,135,train,1,0.8023929595947266,0.5407666563987732,0.9950779676437378,1,1,0.5154948830604553,1,1
SIHDR_147,136,train,1,0.7887376546859741,0.5385372638702393,0.9950974583625793,1,1,0.5154948830604553,1,1
SIHDR_149,138,train,1,0.8393422961235046,0.5557429194450378,0.9946708083152771,1,1,0.5154948830604553,1,1
SIHDR_152,141,train,1,0.8431480526924133,0.5479520559310913,0.995046854019165,1,1,0.5154948830604553,1,1
SIHDR_155,144,train,1,0.8338431119918823,0.5549224019050598,0.9949232935905457,1,1,0.5154948830604553,1,1
SIHDR_156,145,train,1,0.9483209252357483,0.7412073016166687,0.9952685236930847,1,1,0.5154948830604553,1,1
SIHDR_160,148,train,0,0.5616357922554016,0.513617992401123,0.714986264705658,1,0,0.5154948830604553,1,0
SIHDR_161,149,train,0,0.5502797365188599,0.5158481597900391,0.6722751259803772,1,0,0.5154948830604553,1,0
SIHDR_162,150,train,0,0.4873892068862915,0.4583118259906769,0.5351881980895996,0,1,0.5154948830604553,0,1
SIHDR_169,157,train,0,0.48975375294685364,0.4643853008747101,0.5351914763450623,0,1,0.5154948830604553,0,1
SIHDR_179,167,train,1,0.7137572765350342,0.5194799304008484,0.9899922013282776,1,1,0.5154948830604553,1,1
SIHDR_181,169,train,1,0.7196246385574341,0.5233497023582458,0.9886919260025024,1,1,0.5154948830604553,1,1
SIHDR_183,171,train,0,0.7178913354873657,0.516757071018219,0.9931095838546753,1,0,0.5154948830604553,1,0
SIHDR_185,173,train,1,0.6762189269065857,0.5263382792472839,0.8915117979049683,1,1,0.5154948830604553,1,1
SIHDR_190,175,train,1,0.6866540908813477,0.5121665000915527,0.9690893292427063,1,1,0.5154948830604553,1,1
SIHDR_193,178,train,1,0.5521103143692017,0.49981677532196045,0.7098816633224487,1,1,0.5154948830604553,1,1
SIHDR_194,179,train,1,0.6329702138900757,0.5057065486907959,0.9320736527442932,1,1,0.5154948830604553,1,1
SIHDR_195,180,train,1,0.6708497405052185,0.5335143208503723,0.9116270542144775,1,1,0.5154948830604553,1,1
SIHDR_007,6,validation,1,0.7256962060928345,0.5331896543502808,0.9923285841941833,1,1,0.5154948830604553,1,1
SIHDR_038,33,validation,1,0.9231451749801636,0.6517412066459656,0.9952636957168579,1,1,0.5154948830604553,1,1
SIHDR_042,37,validation,1,0.806294858455658,0.5661807060241699,0.9951025247573853,1,1,0.5154948830604553,1,1
SIHDR_045,40,validation,1,0.9075978398323059,0.6157627105712891,0.9952635765075684,1,1,0.5154948830604553,1,1
SIHDR_051,45,validation,1,0.8159571886062622,0.5665962100028992,0.9951024055480957,1,1,0.5154948830604553,1,1
SIHDR_052,46,validation,1,0.81232088804245,0.5488173365592957,0.9952581524848938,1,1,0.5154948830604553,1,1
SIHDR_056,50,validation,1,0.8784752488136292,0.6004977822303772,0.9952408075332642,1,1,0.5154948830604553,1,1
SIHDR_073,66,validation,1,0.8455836176872253,0.5659992694854736,0.9950265288352966,1,1,0.5154948830604553,1,1
SIHDR_074,67,validation,1,0.7763131260871887,0.5520445108413696,0.9950644373893738,1,1,0.5154948830604553,1,1
SIHDR_079,72,validation,1,0.8177127838134766,0.5429696440696716,0.9941913485527039,1,1,0.5154948830604553,1,1
SIHDR_080,73,validation,1,0.8525334596633911,0.5526090860366821,0.9952254295349121,1,1,0.5154948830604553,1,1
SIHDR_090,83,validation,1,0.8764671683311462,0.578654408454895,0.9951810240745544,1,1,0.5154948830604553,1,1
SIHDR_101,92,validation,0,0.48636582493782043,0.4540223777294159,0.5351872444152832,0,1,0.5154948830604553,0,1
SIHDR_107,97,validation,1,0.5215114951133728,0.49440112709999084,0.582817792892456,1,1,0.5154948830604553,1,1
SIHDR_113,103,validation,0,0.50001460313797,0.4769553244113922,0.5352071523666382,1,0,0.5154948830604553,0,1
SIHDR_120,110,validation,0,0.5038477182388306,0.47883424162864685,0.5474314093589783,1,0,0.5154948830604553,0,1
SIHDR_144,133,validation,0,0.5094782710075378,0.47552570700645447,0.5810174345970154,1,0,0.5154948830604553,0,1
SIHDR_148,137,validation,1,0.8004652857780457,0.5393243432044983,0.9950839877128601,1,1,0.5154948830604553,1,1
SIHDR_180,168,validation,1,0.7058728337287903,0.5190653800964355,0.9876917004585266,1,1,0.5154948830604553,1,1
SIHDR_001,0,test,1,0.7982427477836609,0.5426068902015686,0.995101809501648,1,1,0.5154948830604553,1,1
SIHDR_003,2,test,1,0.7520880103111267,0.5283639430999756,0.9897856712341309,1,1,0.5154948830604553,1,1
SIHDR_023,20,test,0,0.5097793936729431,0.4822849631309509,0.5713609457015991,1,0,0.5154948830604553,0,1
SIHDR_029,24,test,0,0.8976080417633057,0.5764053463935852,0.9952759742736816,1,0,0.5154948830604553,1,0
SIHDR_060,54,test,1,0.8776083588600159,0.6163151860237122,0.9952617883682251,1,1,0.5154948830604553,1,1
SIHDR_068,61,test,1,0.8481952548027039,0.5566763281822205,0.9951639175415039,1,1,0.5154948830604553,1,1
SIHDR_082,75,test,1,0.8078786730766296,0.5446397066116333,0.99405437707901,1,1,0.5154948830604553,1,1
SIHDR_084,77,test,1,0.8772299289703369,0.5874621272087097,0.9949435591697693,1,1,0.5154948830604553,1,1
SIHDR_086,79,test,1,0.8543611168861389,0.5670777559280396,0.9950719475746155,1,1,0.5154948830604553,1,1
SIHDR_104,94,test,0,0.48970019817352295,0.46325916051864624,0.5352123379707336,0,1,0.5154948830604553,0,1
SIHDR_110,100,test,0,0.5284526944160461,0.4867788851261139,0.6514467000961304,1,0,0.5154948830604553,1,0
SIHDR_124,114,test,1,0.8172993063926697,0.5517364740371704,0.9944722056388855,1,1,0.5154948830604553,1,1
SIHDR_135,124,test,1,0.8885421752929688,0.6206327080726624,0.9952669143676758,1,1,0.5154948830604553,1,1
SIHDR_145,134,test,1,0.7861883044242859,0.5371363759040833,0.9918388724327087,1,1,0.5154948830604553,1,1
SIHDR_151,140,test,1,0.8401138186454773,0.5476574301719666,0.9950506091117859,1,1,0.5154948830604553,1,1
SIHDR_164,152,test,1,0.5429748892784119,0.49353474378585815,0.7078319787979126,1,1,0.5154948830604553,1,1
SIHDR_178,166,test,1,0.7243099212646484,0.5215196013450623,0.9897192716598511,1,1,0.5154948830604553,1,1
SIHDR_182,170,test,1,0.7671384811401367,0.5292963981628418,0.9934418201446533,1,1,0.5154948830604553,1,1
SIHDR_187,174,test,1,0.629421055316925,0.5090265274047852,0.8946611881256104,1,1,0.5154948830604553,1,1
