scene_id,target_log_exposure,acceptable_min_log_exposure,acceptable_max_log_exposure,hdr_benefit_if_static,hdr_enable_if_static,hdr_ratio_class,hdr_anchor_log_exposure,label_confidence,label_source,hdr_label_mask,hdr_ratio_mask,target_ev_mask
SIHDR_001,11.287712379549449,9.380821783948145,12.287712379549449,,,,,0.55,human_review,0,0,1
SIHDR_002,11.287712379549449,9.380821783948145,12.287712379549449,,,,,0.55,human_review,0,0,1
SIHDR_003,11.287712379549449,9.380821783948145,12.287712379549449,,,,,0.55,human_review,0,0,1
SIHDR_004,11.287712379549449,9.380821783948145,12.287712379549449,,,,,0.55,human_review,0,0,1
SIHDR_005,11.287712379549449,10.287712379549449,12.287712379549449,,,,,0.55,human_review,0,0,1
SIHDR_006,12.287712379549449,9.380821783948145,13.287712379549449,,,,,0.55,human_review,0,0,1
SIHDR_007,10.287712379549449,8.380821783926503,12.287712379549449,,,,,0.55,human_review,0,0,1
SIHDR_008,8.380821783926503,7.380821783969785,10.287712379549449,,,,,0.55,human_review,0,0,1
SIHDR_009,11.287712379549449,9.380821783948145,12.287712379549449,,,,,0.55,human_review,0,0,1
SIHDR_010,11.287712379549449,9.380821783948145,12.287712379549449,,,,,0.55,human_review,0,0,1
SIHDR_011,10.287712379549449,8.380821783926503,10.287712379549449,,,,,0.55,human_review,0,0,1
SIHDR_012,11.287712379549449,10.287712379549449,12.287712379549449,,,,,0.55,human_review,0,0,1
SIHDR_013,11.287712379549449,10.287712379549449,12.287712379549449,,,,,0.55,human_review,0,0,1
SIHDR_014,10.287712379549449,10.287712379549449,11.287712379549449,,,,,0.55,human_review,0,0,1
SIHDR_015,10.287712379549449,10.287712379549449,11.287712379549449,,,,,0.55,human_review,0,0,1
SIHDR_018,14.287712379549449,13.287712379549449,15.287712379549449,,,,,0.55,human_review,0,0,1
SIHDR_019,15.872674880270605,14.287712379549449,17.194602975157967,,,,,0.55,human_review,0,0,1
SIHDR_020,16.28771237954945,15.287712379549449,17.194602975157967,,,,,0.55,human_review,0,0,1
SIHDR_021,16.28771237954945,15.287712379549449,17.194602975157967,,,,,0.55,human_review,0,0,1
SIHDR_022,15.872674880270605,12.287712379549449,17.194602975157967,,,,,0.55,human_review,0,0,1
SIHDR_023,17.194602975157967,17.194602975157967,17.194602975157967,,,,,0.55,human_review,0,0,0
SIHDR_025,16.28771237954945,15.287712379549449,17.194602975157967,,,,,0.55,human_review,0,0,1
SIHDR_027,17.194602975157967,15.872674880270605,17.194602975157967,,,,,0.55,human_review,0,0,0
SIHDR_028,17.194602975157967,17.194602975157967,17.194602975157967,,,,,0.55,human_review,0,0,0
SIHDR_029,8.380821783926503,7.380821783969785,8.380821783926503,,,,,0.55,human_review,0,0,1
SIHDR_030,8.380821783926503,7.380821783969785,8.380821783926503,,,,,0.55,human_review,0,0,1
SIHDR_031,7.380821783969785,5.321928094887363,7.380821783969785,,,,,0.55,human_review,0,0,1
SIHDR_032,6.321928094887363,6.321928094887363,7.380821783969785,,,,,0.55,human_review,0,0,1
SIHDR_033,7.380821783969785,6.321928094887363,8.380821783926503,,,,,0.55,human_review,0,0,1
SIHDR_034,7.380821783969785,6.321928094887363,9.380821783948145,,,,,0.55,human_review,0,0,1
SIHDR_035,8.380821783926503,7.380821783969785,8.380821783926503,,,,,0.55,human_review,0,0,1
SIHDR_036,7.380821783969785,6.321928094887363,9.380821783948145,,,,,0.55,human_review,0,0,1
SIHDR_037,8.380821783926503,7.380821783969785,9.380821783948145,,,,,0.55,human_review,0,0,1
SIHDR_038,7.380821783969785,6.321928094887363,9.380821783948145,,,,,0.55,human_review,0,0,1
SIHDR_039,8.380821783926503,7.380821783969785,10.287712379549449,,,,,0.55,human_review,0,0,1
SIHDR_040,8.380821783926503,7.380821783969785,9.380821783948145,,,,,0.55,human_review,0,0,1
SIHDR_041,12.287712379549449,11.287712379549449,12.287712379549449,,,,,0.55,human_review,0,0,1
SIHDR_042,11.287712379549449,10.287712379549449,12.287712379549449,,,,,0.55,human_review,0,0,1
SIHDR_043,12.287712379549449,12.287712379549449,13.287712379549449,,,,,0.55,human_review,0,0,1
SIHDR_044,10.287712379549449,8.380821783926503,10.287712379549449,,,,,0.55,human_review,0,0,1
SIHDR_045,7.380821783969785,7.380821783969785,9.380821783948145,,,,,0.55,human_review,0,0,1
SIHDR_046,8.380821783926503,6.321928094887363,10.287712379549449,,,,,0.55,human_review,0,0,1
SIHDR_047,10.287712379549449,9.380821783948145,11.287712379549449,,,,,0.55,human_review,0,0,1
SIHDR_049,12.287712379549449,11.287712379549449,12.287712379549449,,,,,0.55,human_review,0,0,1
SIHDR_050,13.287712379549449,12.287712379549449,13.287712379549449,,,,,0.55,human_review,0,0,1
SIHDR_051,11.287712379549449,9.380821783948145,11.287712379549449,,,,,0.55,human_review,0,0,1
SIHDR_052,10.287712379549449,9.380821783948145,10.287712379549449,,,,,0.55,human_review,0,0,1
SIHDR_053,8.380821783926503,7.380821783969785,9.380821783948145,,,,,0.55,human_review,0,0,1
SIHDR_054,10.287712379549449,9.380821783948145,11.287712379549449,,,,,0.55,human_review,0,0,1
SIHDR_055,9.380821783948145,8.380821783926503,10.287712379549449,,,,,0.55,human_review,0,0,1
SIHDR_056,8.380821783926503,7.380821783969785,9.380821783948145,,,,,0.55,human_review,0,0,1
SIHDR_057,10.287712379549449,9.380821783948145,11.287712379549449,,,,,0.55,human_review,0,0,1
SIHDR_058,7.380821783969785,7.380821783969785,8.380821783926503,,,,,0.55,human_review,0,0,1
SIHDR_059,8.380821783926503,7.380821783969785,9.380821783948145,,,,,0.55,human_review,0,0,1
SIHDR_060,11.287712379549449,8.380821783926503,12.287712379549449,,,,,0.55,human_review,0,0,1
SIHDR_061,11.287712379549449,8.380821783926503,11.287712379549449,,,,,0.55,human_review,0,0,1
SIHDR_062,11.287712379549449,9.380821783948145,11.287712379549449,,,,,0.55,human_review,0,0,1
SIHDR_063,16.28771237954945,15.872674880270605,17.194602975157967,,,,,0.55,human_review,0,0,1
SIHDR_064,17.194602975157967,15.872674880270605,17.194602975157967,,,,,0.55,human_review,0,0,0
SIHDR_066,12.287712379549449,11.287712379549449,14.287712379549449,,,,,0.55,human_review,0,0,1
SIHDR_067,9.380821783948145,7.380821783969785,9.380821783948145,,,,,0.55,human_review,0,0,1
SIHDR_068,8.380821783926503,7.380821783969785,9.380821783948145,,,,,0.55,human_review,0,0,1
SIHDR_069,12.287712379549449,10.287712379549449,12.287712379549449,,,,,0.55,human_review,0,0,1
SIHDR_070,12.287712379549449,9.380821783948145,12.287712379549449,,,,,0.55,human_review,0,0,1
SIHDR_071,11.287712379549449,10.287712379549449,12.287712379549449,,,,,0.55,human_review,0,0,1
SIHDR_072,9.380821783948145,8.380821783926503,11.287712379549449,,,,,0.55,human_review,0,0,1
SIHDR_073,9.380821783948145,7.380821783969785,11.287712379549449,,,,,0.55,human_review,0,0,1
SIHDR_074,12.287712379549449,10.287712379549449,13.287712379549449,,,,,0.55,human_review,0,0,1
SIHDR_075,9.380821783948145,7.380821783969785,10.287712379549449,,,,,0.55,human_review,0,0,1
SIHDR_076,16.28771237954945,15.287712379549449,17.194602975157967,,,,,0.55,human_review,0,0,1
SIHDR_077,13.287712379549449,11.287712379549449,15.287712379549449,,,,,0.55,human_review,0,0,1
SIHDR_078,11.287712379549449,11.287712379549449,13.287712379549449,,,,,0.55,human_review,0,0,1
SIHDR_079,10.287712379549449,10.287712379549449,12.287712379549449,,,,,0.55,human_review,0,0,1
SIHDR_080,10.287712379549449,9.380821783948145,12.287712379549449,,,,,0.55,human_review,0,0,1
SIHDR_081,10.287712379549449,9.380821783948145,10.287712379549449,,,,,0.55,human_review,0,0,1
SIHDR_082,12.287712379549449,9.380821783948145,13.287712379549449,,,,,0.55,human_review,0,0,1
SIHDR_083,8.380821783926503,8.380821783926503,11.287712379549449,,,,,0.55,human_review,0,0,1
SIHDR_084,9.380821783948145,8.380821783926503,12.287712379549449,,,,,0.55,human_review,0,0,1
SIHDR_085,11.287712379549449,8.380821783926503,13.287712379549449,,,,,0.55,human_review,0,0,1
SIHDR_086,9.380821783948145,8.380821783926503,11.287712379549449,,,,,0.55,human_review,0,0,1
SIHDR_087,10.287712379549449,8.380821783926503,12.287712379549449,,,,,0.55,human_review,0,0,1
SIHDR_088,10.287712379549449,8.380821783926503,11.287712379549449,,,,,0.55,human_review,0,0,1
SIHDR_089,9.380821783948145,8.380821783926503,10.287712379549449,,,,,0.55,human_review,0,0,1
SIHDR_090,9.380821783948145,8.380821783926503,10.287712379549449,,,,,0.55,human_review,0,0,1
SIHDR_091,8.380821783926503,7.380821783969785,10.287712379549449,,,,,0.55,human_review,0,0,1
SIHDR_092,10.287712379549449,8.380821783926503,11.287712379549449,,,,,0.55,human_review,0,0,1
SIHDR_093,11.287712379549449,11.287712379549449,11.287712379549449,,,,,0.55,human_review,0,0,1
SIHDR_096,17.194602975157967,17.194602975157967,17.194602975157967,,,,,0.55,human_review,0,0,0
SIHDR_097,17.194602975157967,17.194602975157967,17.194602975157967,,,,,0.55,human_review,0,0,0
SIHDR_098,17.194602975157967,17.194602975157967,17.194602975157967,,,,,0.55,human_review,0,0,0
SIHDR_099,17.194602975157967,17.194602975157967,17.194602975157967,,,,,0.55,human_review,0,0,0
SIHDR_100,17.194602975157967,17.194602975157967,17.194602975157967,,,,,0.55,human_review,0,0,0
SIHDR_101,17.194602975157967,17.194602975157967,17.194602975157967,,,,,0.55,human_review,0,0,0
SIHDR_103,15.872674880270605,15.287712379549449,17.194602975157967,,,,,0.55,human_review,0,0,1
SIHDR_104,17.194602975157967,17.194602975157967,17.194602975157967,,,,,0.55,human_review,0,0,0
SIHDR_105,13.287712379549449,11.287712379549449,15.872674880270605,,,,,0.55,human_review,0,0,1
SIHDR_106,15.287712379549449,12.287712379549449,16.28771237954945,,,,,0.55,human_review,0,0,1
SIHDR_107,14.287712379549449,13.287712379549449,15.287712379549449,,,,,0.55,human_review,0,0,1
SIHDR_108,17.194602975157967,17.194602975157967,17.194602975157967,,,,,0.55,human_review,0,0,0
SIHDR_109,16.28771237954945,15.872674880270605,17.194602975157967,,,,,0.55,human_review,0,0,1
SIHDR_110,16.28771237954945,15.872674880270605,17.194602975157967,,,,,0.55,human_review,0,0,1
SIHDR_111,16.28771237954945,15.872674880270605,17.194602975157967,,,,,0.55,human_review,0,0,1
SIHDR_112,17.194602975157967,17.194602975157967,17.194602975157967,,,,,0.55,human_review,0,0,0
SIHDR_113,16.28771237954945,15.872674880270605,17.194602975157967,,,,,0.55,human_review,0,0,1
SIHDR_114,16.28771237954945,15.872674880270605,17.194602975157967,,,,,0.55,human_review,0,0,1
SIHDR_115,16.28771237954945,15.872674880270605,17.194602975157967,,,,,0.55,human_review,0,0,1
SIHDR_116,16.28771237954945,15.872674880270605,17.194602975157967,,,,,0.55,human_review,0,0,1
SIHDR_117,16.28771237954945,15.872674880270605,17.194602975157967,,,,,0.55,human_review,0,0,1
SIHDR_118,16.28771237954945,15.872674880270605,17.194602975157967,,,,,0.55,human_review,0,0,1
SIHDR_119,16.28771237954945,15.872674880270605,17.194602975157967,,,,,0.55,human_review,0,0,1
SIHDR_120,16.28771237954945,15.872674880270605,17.194602975157967,,,,,0.55,human_review,0,0,1
SIHDR_121,16.28771237954945,15.872674880270605,17.194602975157967,,,,,0.55,human_review,0,0,1
SIHDR_122,16.28771237954945,15.872674880270605,17.194602975157967,,,,,0.55,human_review,0,0,1
SIHDR_123,13.287712379549449,12.287712379549449,13.287712379549449,,,,,0.55,human_review,0,0,1
SIHDR_124,11.287712379549449,10.287712379549449,11.287712379549449,,,,,0.55,human_review,0,0,1
SIHDR_125,9.380821783948145,8.380821783926503,11.287712379549449,,,,,0.55,human_review,0,0,1
SIHDR_126,10.287712379549449,10.287712379549449,11.287712379549449,,,,,0.55,human_review,0,0,1
SIHDR_128,12.287712379549449,11.287712379549449,13.287712379549449,,,,,0.55,human_review,0,0,1
SIHDR_129,9.380821783948145,8.380821783926503,10.287712379549449,,,,,0.55,human_review,0,0,1
SIHDR_130,10.287712379549449,10.287712379549449,10.287712379549449,,,,,0.55,human_review,0,0,1
SIHDR_131,10.287712379549449,9.380821783948145,10.287712379549449,,,,,0.55,human_review,0,0,1
SIHDR_132,10.287712379549449,9.380821783948145,10.287712379549449,,,,,0.55,human_review,0,0,1
SIHDR_133,9.380821783948145,8.380821783926503,10.287712379549449,,,,,0.55,human_review,0,0,1
SIHDR_134,9.380821783948145,8.380821783926503,9.380821783948145,,,,,0.55,human_review,0,0,1
SIHDR_135,8.380821783926503,7.380821783969785,8.380821783926503,,,,,0.55,human_review,0,0,1
SIHDR_136,9.380821783948145,8.380821783926503,9.380821783948145,,,,,0.55,human_review,0,0,1
SIHDR_137,10.287712379549449,9.380821783948145,11.287712379549449,,,,,0.55,human_review,0,0,1
SIHDR_138,10.287712379549449,9.380821783948145,10.287712379549449,,,,,0.55,human_review,0,0,1
SIHDR_139,10.287712379549449,10.287712379549449,11.287712379549449,,,,,0.55,human_review,0,0,1
SIHDR_140,10.287712379549449,9.380821783948145,10.287712379549449,,,,,0.55,human_review,0,0,1
SIHDR_141,11.287712379549449,10.287712379549449,11.287712379549449,,,,,0.55,human_review,0,0,1
SIHDR_142,10.287712379549449,9.380821783948145,10.287712379549449,,,,,0.55,human_review,0,0,1
SIHDR_143,16.28771237954945,15.872674880270605,17.194602975157967,,,,,0.55,human_review,0,0,1
SIHDR_144,17.194602975157967,17.194602975157967,17.194602975157967,,,,,0.55,human_review,0,0,0
SIHDR_145,11.287712379549449,11.287712379549449,12.287712379549449,,,,,0.55,human_review,0,0,1
SIHDR_146,10.287712379549449,9.380821783948145,11.287712379549449,,,,,0.55,human_review,0,0,1
SIHDR_147,10.287712379549449,9.380821783948145,10.287712379549449,,,,,0.55,human_review,0,0,1
SIHDR_148,11.287712379549449,10.287712379549449,11.287712379549449,,,,,0.55,human_review,0,0,1
SIHDR_149,10.287712379549449,10.287712379549449,11.287712379549449,,,,,0.55,human_review,0,0,1
SIHDR_150,9.380821783948145,9.380821783948145,10.287712379549449,,,,,0.55,human_review,0,0,1
SIHDR_151,8.380821783926503,8.380821783926503,9.380821783948145,,,,,0.55,human_review,0,0,1
SIHDR_152,9.380821783948145,9.380821783948145,10.287712379549449,,,,,0.55,human_review,0,0,1
SIHDR_153,10.287712379549449,9.380821783948145,11.287712379549449,,,,,0.55,human_review,0,0,1
SIHDR_154,9.380821783948145,8.380821783926503,10.287712379549449,,,,,0.55,human_review,0,0,1
SIHDR_155,10.287712379549449,9.380821783948145,10.287712379549449,,,,,0.55,human_review,0,0,1
SIHDR_156,6.321928094887363,6.321928094887363,8.380821783926503,,,,,0.55,human_review,0,0,1
SIHDR_158,16.28771237954945,16.28771237954945,17.194602975157967,,,,,0.55,human_review,0,0,1
SIHDR_159,16.28771237954945,16.28771237954945,17.194602975157967,,,,,0.55,human_review,0,0,1
SIHDR_160,16.28771237954945,16.28771237954945,17.194602975157967,,,,,0.55,human_review,0,0,1
SIHDR_161,17.194602975157967,16.28771237954945,17.194602975157967,,,,,0.55,human_review,0,0,0
SIHDR_162,17.194602975157967,15.872674880270605,17.194602975157967,,,,,0.55,human_review,0,0,0
SIHDR_163,16.28771237954945,15.872674880270605,17.194602975157967,,,,,0.55,human_review,0,0,1
SIHDR_164,16.28771237954945,15.872674880270605,17.194602975157967,,,,,0.55,human_review,0,0,1
SIHDR_165,16.28771237954945,15.872674880270605,17.194602975157967,,,,,0.55,human_review,0,0,1
SIHDR_166,16.28771237954945,16.28771237954945,17.194602975157967,,,,,0.55,human_review,0,0,1
SIHDR_167,16.28771237954945,15.872674880270605,17.194602975157967,,,,,0.55,human_review,0,0,1
SIHDR_168,16.28771237954945,16.28771237954945,17.194602975157967,,,,,0.55,human_review,0,0,1
SIHDR_169,17.194602975157967,17.194602975157967,17.194602975157967,,,,,0.55,human_review,0,0,0
SIHDR_170,17.194602975157967,16.28771237954945,17.194602975157967,,,,,0.55,human_review,0,0,0
SIHDR_171,16.28771237954945,15.872674880270605,17.194602975157967,,,,,0.55,human_review,0,0,1
SIHDR_172,16.28771237954945,15.872674880270605,17.194602975157967,,,,,0.55,human_review,0,0,1
SIHDR_173,16.28771237954945,15.872674880270605,17.194602975157967,,,,,0.55,human_review,0,0,1
SIHDR_174,17.194602975157967,16.28771237954945,17.194602975157967,,,,,0.55,human_review,0,0,0
SIHDR_175,17.194602975157967,16.28771237954945,17.194602975157967,,,,,0.55,human_review,0,0,0
SIHDR_176,16.28771237954945,16.28771237954945,17.194602975157967,,,,,0.55,human_review,0,0,1
SIHDR_177,16.28771237954945,15.287712379549449,17.194602975157967,,,,,0.55,human_review,0,0,1
SIHDR_178,12.287712379549449,12.287712379549449,13.287712379549449,,,,,0.55,human_review,0,0,1
SIHDR_179,13.287712379549449,12.287712379549449,13.287712379549449,,,,,0.55,human_review,0,0,1
SIHDR_180,13.287712379549449,12.287712379549449,13.287712379549449,,,,,0.55,human_review,0,0,1
SIHDR_181,11.287712379549449,11.287712379549449,11.287712379549449,,,,,0.55,human_review,0,0,1
SIHDR_182,11.287712379549449,11.287712379549449,11.287712379549449,,,,,0.55,human_review,0,0,1
SIHDR_183,12.287712379549449,12.287712379549449,13.287712379549449,,,,,0.55,human_review,0,0,1
SIHDR_184,15.872674880270605,15.287712379549449,17.194602975157967,,,,,0.55,human_review,0,0,1
SIHDR_185,15.287712379549449,13.287712379549449,16.28771237954945,,,,,0.55,human_review,0,0,1
SIHDR_187,14.287712379549449,14.287712379549449,15.287712379549449,,,,,0.55,human_review,0,0,1
SIHDR_190,14.287712379549449,14.287712379549449,14.287712379549449,,,,,0.55,human_review,0,0,1
SIHDR_191,16.28771237954945,15.287712379549449,17.194602975157967,,,,,0.55,human_review,0,0,1
SIHDR_192,16.28771237954945,14.287712379549449,17.194602975157967,,,,,0.55,human_review,0,0,1
SIHDR_193,16.28771237954945,14.287712379549449,17.194602975157967,,,,,0.55,human_review,0,0,1
SIHDR_194,15.287712379549449,15.287712379549449,15.287712379549449,,,,,0.55,human_review,0,0,1
SIHDR_195,15.872674880270605,14.287712379549449,16.28771237954945,,,,,0.55,human_review,0,0,1
