scene_id,split,stratum,hdr_class,preferred_exposure_index,target_at_boundary
SIHDR_001,train,unknown_medium,unknown,7,0
SIHDR_002,train,unknown_medium,unknown,7,0
SIHDR_003,train,unknown_medium,unknown,7,0
SIHDR_004,validation,unknown_medium,unknown,7,0
SIHDR_005,train,unknown_medium,unknown,7,0
SIHDR_006,test,unknown_medium,unknown,6,0
SIHDR_007,train,unknown_medium,unknown,8,0
SIHDR_008,validation,unknown_short,unknown,10,0
SIHDR_009,train,unknown_medium,unknown,7,0
SIHDR_010,train,unknown_medium,unknown,7,0
SIHDR_011,validation,unknown_medium,unknown,8,0
SIHDR_012,train,unknown_medium,unknown,7,0
SIHDR_013,train,unknown_medium,unknown,7,0
SIHDR_014,train,unknown_medium,unknown,8,0
SIHDR_015,test,unknown_medium,unknown,8,0
SIHDR_018,train,unknown_long,unknown,4,0
SIHDR_019,train,unknown_long,unknown,2,0
SIHDR_020,test,unknown_long,unknown,1,0
SIHDR_021,validation,unknown_long,unknown,1,0
SIHDR_022,validation,unknown_long,unknown,2,0
SIHDR_023,test,unknown_boundary_long,unknown,0,1
SIHDR_025,train,unknown_long,unknown,1,0
SIHDR_027,validation,unknown_boundary_long,unknown,0,1
SIHDR_028,train,unknown_boundary_long,unknown,0,1
SIHDR_029,train,unknown_short,unknown,10,0
SIHDR_030,validation,unknown_short,unknown,10,0
SIHDR_031,test,unknown_short,unknown,11,0
SIHDR_032,train,unknown_short,unknown,12,0
SIHDR_033,train,unknown_short,unknown,11,0
SIHDR_034,train,unknown_short,unknown,11,0
SIHDR_035,train,unknown_short,unknown,10,0
SIHDR_036,train,unknown_short,unknown,11,0
SIHDR_037,train,unknown_short,unknown,10,0
SIHDR_038,test,unknown_short,unknown,11,0
SIHDR_039,train,unknown_short,unknown,10,0
SIHDR_040,train,unknown_short,unknown,10,0
SIHDR_041,test,unknown_medium,unknown,6,0
SIHDR_042,train,unknown_medium,unknown,7,0
SIHDR_043,train,unknown_medium,unknown,6,0
SIHDR_044,train,unknown_medium,unknown,8,0
SIHDR_045,test,unknown_short,unknown,11,0
SIHDR_046,train,unknown_short,unknown,10,0
SIHDR_047,train,unknown_medium,unknown,8,0
SIHDR_049,train,unknown_medium,unknown,6,0
SIHDR_050,train,unknown_medium,unknown,5,0
SIHDR_051,train,unknown_medium,unknown,7,0
SIHDR_052,train,unknown_medium,unknown,8,0
SIHDR_053,train,unknown_short,unknown,10,0
SIHDR_054,train,unknown_medium,unknown,8,0
SIHDR_055,validation,unknown_medium,unknown,9,0
SIHDR_056,train,unknown_short,unknown,10,0
SIHDR_057,test,unknown_medium,unknown,8,0
SIHDR_058,test,unknown_short,unknown,11,0
SIHDR_059,train,unknown_short,unknown,10,0
SIHDR_060,train,unknown_medium,unknown,7,0
SIHDR_061,train,unknown_medium,unknown,7,0
SIHDR_062,validation,unknown_medium,unknown,7,0
SIHDR_063,train,unknown_long,unknown,1,0
SIHDR_064,train,unknown_boundary_long,unknown,0,1
SIHDR_066,test,unknown_medium,unknown,6,0
SIHDR_067,train,unknown_medium,unknown,9,0
SIHDR_068,train,unknown_short,unknown,10,0
SIHDR_069,test,unknown_medium,unknown,6,0
SIHDR_070,train,unknown_medium,unknown,6,0
SIHDR_071,train,unknown_medium,unknown,7,0
SIHDR_072,train,unknown_medium,unknown,9,0
SIHDR_073,train,unknown_medium,unknown,9,0
SIHDR_074,train,unknown_medium,unknown,6,0
SIHDR_075,train,unknown_medium,unknown,9,0
SIHDR_076,test,unknown_long,unknown,1,0
SIHDR_077,train,unknown_medium,unknown,5,0
SIHDR_078,train,unknown_medium,unknown,7,0
SIHDR_079,train,unknown_medium,unknown,8,0
SIHDR_080,train,unknown_medium,unknown,8,0
SIHDR_081,train,unknown_medium,unknown,8,0
SIHDR_082,train,unknown_medium,unknown,6,0
SIHDR_083,train,unknown_short,unknown,10,0
SIHDR_084,test,unknown_medium,unknown,9,0
SIHDR_085,train,unknown_medium,unknown,7,0
SIHDR_086,train,unknown_medium,unknown,9,0
SIHDR_087,train,unknown_medium,unknown,8,0
SIHDR_088,test,unknown_medium,unknown,8,0
SIHDR_089,train,unknown_medium,unknown,9,0
SIHDR_090,train,unknown_medium,unknown,9,0
SIHDR_091,train,unknown_short,unknown,10,0
SIHDR_092,validation,unknown_medium,unknown,8,0
SIHDR_093,train,unknown_medium,unknown,7,0
SIHDR_096,train,unknown_boundary_long,unknown,0,1
SIHDR_097,test,unknown_boundary_long,unknown,0,1
SIHDR_098,train,unknown_boundary_long,unknown,0,1
SIHDR_099,train,unknown_boundary_long,unknown,0,1
SIHDR_100,train,unknown_boundary_long,unknown,0,1
SIHDR_101,train,unknown_boundary_long,unknown,0,1
SIHDR_103,validation,unknown_long,unknown,2,0
SIHDR_104,validation,unknown_boundary_long,unknown,0,1
SIHDR_105,validation,unknown_medium,unknown,5,0
SIHDR_106,test,unknown_long,unknown,3,0
SIHDR_107,train,unknown_long,unknown,4,0
SIHDR_108,train,unknown_boundary_long,unknown,0,1
SIHDR_109,train,unknown_long,unknown,1,0
SIHDR_110,train,unknown_long,unknown,1,0
SIHDR_111,train,unknown_long,unknown,1,0
SIHDR_112,train,unknown_boundary_long,unknown,0,1
SIHDR_113,train,unknown_long,unknown,1,0
SIHDR_114,train,unknown_long,unknown,1,0
SIHDR_115,train,unknown_long,unknown,1,0
SIHDR_116,test,unknown_long,unknown,1,0
SIHDR_117,train,unknown_long,unknown,1,0
SIHDR_118,train,unknown_long,unknown,1,0
SIHDR_119,test,unknown_long,unknown,1,0
SIHDR_120,train,unknown_long,unknown,1,0
SIHDR_121,train,unknown_long,unknown,1,0
SIHDR_122,validation,unknown_long,unknown,1,0
SIHDR_123,validation,unknown_medium,unknown,5,0
SIHDR_124,train,unknown_medium,unknown,7,0
SIHDR_125,train,unknown_medium,unknown,9,0
SIHDR_126,test,unknown_medium,unknown,8,0
SIHDR_128,train,unknown_medium,unknown,6,0
SIHDR_129,train,unknown_medium,unknown,9,0
SIHDR_130,train,unknown_medium,unknown,8,0
SIHDR_131,train,unknown_medium,unknown,8,0
SIHDR_132,test,unknown_medium,unknown,8,0
SIHDR_133,train,unknown_medium,unknown,9,0
SIHDR_134,validation,unknown_medium,unknown,9,0
SIHDR_135,validation,unknown_short,unknown,10,0
SIHDR_136,validation,unknown_medium,unknown,9,0
SIHDR_137,train,unknown_medium,unknown,8,0
SIHDR_138,train,unknown_medium,unknown,8,0
SIHDR_139,train,unknown_medium,unknown,8,0
SIHDR_140,validation,unknown_medium,unknown,8,0
SIHDR_141,train,unknown_medium,unknown,7,0
SIHDR_142,train,unknown_medium,unknown,8,0
SIHDR_143,train,unknown_long,unknown,1,0
SIHDR_144,train,unknown_boundary_long,unknown,0,1
SIHDR_145,validation,unknown_medium,unknown,7,0
SIHDR_146,train,unknown_medium,unknown,8,0
SIHDR_147,train,unknown_medium,unknown,8,0
SIHDR_148,test,unknown_medium,unknown,7,0
SIHDR_149,train,unknown_medium,unknown,8,0
SIHDR_150,train,unknown_medium,unknown,9,0
SIHDR_151,train,unknown_short,unknown,10,0
SIHDR_152,validation,unknown_medium,unknown,9,0
SIHDR_153,train,unknown_medium,unknown,8,0
SIHDR_154,train,unknown_medium,unknown,9,0
SIHDR_155,train,unknown_medium,unknown,8,0
SIHDR_156,validation,unknown_short,unknown,12,0
SIHDR_158,train,unknown_long,unknown,1,0
SIHDR_159,train,unknown_long,unknown,1,0
SIHDR_160,train,unknown_long,unknown,1,0
SIHDR_161,train,unknown_boundary_long,unknown,0,1
SIHDR_162,train,unknown_boundary_long,unknown,0,1
SIHDR_163,train,unknown_long,unknown,1,0
SIHDR_164,train,unknown_long,unknown,1,0
SIHDR_165,train,unknown_long,unknown,1,0
SIHDR_166,test,unknown_long,unknown,1,0
SIHDR_167,train,unknown_long,unknown,1,0
SIHDR_168,train,unknown_long,unknown,1,0
SIHDR_169,train,unknown_boundary_long,unknown,0,1
SIHDR_170,validation,unknown_boundary_long,unknown,0,1
SIHDR_171,train,unknown_long,unknown,1,0
SIHDR_172,train,unknown_long,unknown,1,0
SIHDR_173,test,unknown_long,unknown,1,0
SIHDR_174,test,unknown_boundary_long,unknown,0,1
SIHDR_175,train,unknown_boundary_long,unknown,0,1
SIHDR_176,train,unknown_long,unknown,1,0
SIHDR_177,train,unknown_long,unknown,1,0
SIHDR_178,train,unknown_medium,unknown,6,0
SIHDR_179,train,unknown_medium,unknown,5,0
SIHDR_180,validation,unknown_medium,unknown,5,0
SIHDR_181,test,unknown_medium,unknown,7,0
SIHDR_182,train,unknown_medium,unknown,7,0
SIHDR_183,test,unknown_medium,unknown,6,0
SIHDR_184,train,unknown_long,unknown,2,0
SIHDR_185,train,unknown_long,unknown,3,0
SIHDR_187,validation,unknown_long,unknown,4,0
SIHDR_190,validation,unknown_long,unknown,4,0
SIHDR_191,train,unknown_long,unknown,1,0
SIHDR_192,train,unknown_long,unknown,1,0
SIHDR_193,train,unknown_long,unknown,1,0
SIHDR_194,validation,unknown_long,unknown,3,0
SIHDR_195,train,unknown_long,unknown,2,0
