scene_id,preferred_exposure_index,target_ev_mask,hdr_retained,reason
SIHDR_023,0,0,1,SDR target is censored by the 15-shutter boundary
SIHDR_027,0,0,1,SDR target is censored by the 15-shutter boundary
SIHDR_028,0,0,1,SDR target is censored by the 15-shutter boundary
SIHDR_064,0,0,1,SDR target is censored by the 15-shutter boundary
SIHDR_096,0,0,1,SDR target is censored by the 15-shutter boundary
SIHDR_097,0,0,1,SDR target is censored by the 15-shutter boundary
SIHDR_098,0,0,1,SDR target is censored by the 15-shutter boundary
SIHDR_099,0,0,1,SDR target is censored by the 15-shutter boundary
SIHDR_100,0,0,1,SDR target is censored by the 15-shutter boundary
SIHDR_101,0,0,1,SDR target is censored by the 15-shutter boundary
SIHDR_104,0,0,1,SDR target is censored by the 15-shutter boundary
SIHDR_108,0,0,1,SDR target is censored by the 15-shutter boundary
SIHDR_112,0,0,1,SDR target is censored by the 15-shutter boundary
SIHDR_144,0,0,1,SDR target is censored by the 15-shutter boundary
SIHDR_161,0,0,1,SDR target is censored by the 15-shutter boundary
SIHDR_162,0,0,1,SDR target is censored by the 15-shutter boundary
SIHDR_169,0,0,1,SDR target is censored by the 15-shutter boundary
SIHDR_170,0,0,1,SDR target is censored by the 15-shutter boundary
SIHDR_174,0,0,1,SDR target is censored by the 15-shutter boundary
SIHDR_175,0,0,1,SDR target is censored by the 15-shutter boundary
