scene_id,time_index,split,target_hdr_enable,applied_ev,target_ev,distance_to_target_ev,hdr_probability,decision_threshold,predicted_hdr_enable,correct
Scene4_t000,0,train,1,13.287712097167969,13.287712097167969,0.0,0.8329470157623291,0.7880644798278809,1,1
Scene4_t001,1,train,1,13.287712097167969,13.287712097167969,0.0,0.8331394791603088,0.7880644798278809,1,1
Scene4_t002,2,train,1,13.287712097167969,13.287712097167969,0.0,0.8333450555801392,0.7880644798278809,1,1
Scene4_t003,3,train,1,13.287712097167969,13.287712097167969,0.0,0.8333279490470886,0.7880644798278809,1,1
Scene4_t004,4,train,1,13.287712097167969,13.287712097167969,0.0,0.8337357640266418,0.7880644798278809,1,1
Scene4_t005,5,train,1,13.287712097167969,13.287712097167969,0.0,0.8338468670845032,0.7880644798278809,1,1
Scene4_t006,6,train,1,13.287712097167969,13.287712097167969,0.0,0.8338823318481445,0.7880644798278809,1,1
Scene4_t007,7,train,1,13.287712097167969,13.287712097167969,0.0,0.8341832160949707,0.7880644798278809,1,1
Scene4_t008,8,train,1,13.287712097167969,13.287712097167969,0.0,0.8342550992965698,0.7880644798278809,1,1
Scene4_t009,9,train,1,13.287712097167969,13.287712097167969,0.0,0.8341188430786133,0.7880644798278809,1,1
Scene4_t010,10,train,1,13.287712097167969,13.287712097167969,0.0,0.8343451023101807,0.7880644798278809,1,1
Scene4_t011,11,train,1,13.287712097167969,13.287712097167969,0.0,0.8344773650169373,0.7880644798278809,1,1
Scene4_t012,12,train,1,13.287712097167969,13.287712097167969,0.0,0.8344538807868958,0.7880644798278809,1,1
Scene4_t013,13,train,1,13.287712097167969,13.287712097167969,0.0,0.8341836929321289,0.7880644798278809,1,1
Scene4_t014,14,train,1,13.287712097167969,13.287712097167969,0.0,0.8334982991218567,0.7880644798278809,1,1
Scene4_t015,15,train,1,13.287712097167969,13.287712097167969,0.0,0.8323724269866943,0.7880644798278809,1,1
Scene4_t016,16,train,1,13.287712097167969,13.287712097167969,0.0,0.8306906819343567,0.7880644798278809,1,1
Scene4_t017,17,train,1,13.287712097167969,13.287712097167969,0.0,0.8282336592674255,0.7880644798278809,1,1
Scene4_t018,18,train,1,13.287712097167969,13.287712097167969,0.0,0.827492356300354,0.7880644798278809,1,1
Scene4_t019,19,train,1,13.287712097167969,13.287712097167969,0.0,0.8263798952102661,0.7880644798278809,1,1
Scene4_t020,20,train,1,13.287712097167969,13.287712097167969,0.0,0.8259771466255188,0.7880644798278809,1,1
Scene4_t021,21,train,1,13.287712097167969,13.287712097167969,0.0,0.8261017203330994,0.7880644798278809,1,1
Scene4_t022,22,train,1,13.287712097167969,13.287712097167969,0.0,0.8267183899879456,0.7880644798278809,1,1
Scene4_t023,23,train,1,13.287712097167969,13.287712097167969,0.0,0.8266851902008057,0.7880644798278809,1,1
Scene4_t024,24,train,1,13.287712097167969,13.287712097167969,0.0,0.8267872929573059,0.7880644798278809,1,1
Scene4_t025,25,train,1,13.287712097167969,13.287712097167969,0.0,0.8270217180252075,0.7880644798278809,1,1
Scene4_t026,26,train,1,13.287712097167969,13.287712097167969,0.0,0.8273131847381592,0.7880644798278809,1,1
Scene4_t027,27,train,1,13.287712097167969,13.287712097167969,0.0,0.8276796936988831,0.7880644798278809,1,1
Scene4_t028,28,train,1,13.287712097167969,13.287712097167969,0.0,0.8276415467262268,0.7880644798278809,1,1
Scene4_t029,29,train,1,13.287712097167969,13.287712097167969,0.0,0.8268904089927673,0.7880644798278809,1,1
Scene4_t030,30,train,0,14.287712097167969,14.287712097167969,0.0,0.7466922402381897,0.7880644798278809,0,1
Scene4_t031,31,train,0,14.287712097167969,14.287712097167969,0.0,0.7456440329551697,0.7880644798278809,0,1
Scene4_t032,32,train,0,14.287712097167969,14.287712097167969,0.0,0.7452570796012878,0.7880644798278809,0,1
Scene4_t033,33,train,0,14.287712097167969,14.287712097167969,0.0,0.7456563115119934,0.7880644798278809,0,1
Scene4_t034,34,train,0,14.287712097167969,14.287712097167969,0.0,0.7457486391067505,0.7880644798278809,0,1
Scene4_t035,35,train,0,14.287712097167969,14.287712097167969,0.0,0.7426160573959351,0.7880644798278809,0,1
Scene4_t036,36,train,0,14.287712097167969,14.287712097167969,0.0,0.7460950613021851,0.7880644798278809,0,1
Scene4_t037,37,train,0,14.287712097167969,14.287712097167969,0.0,0.7466270923614502,0.7880644798278809,0,1
Scene4_t038,38,train,0,14.287712097167969,14.287712097167969,0.0,0.7468339800834656,0.7880644798278809,0,1
Scene4_t039,39,train,0,14.287712097167969,14.287712097167969,0.0,0.7465498447418213,0.7880644798278809,0,1
Scene4_t040,40,train,0,14.287712097167969,14.287712097167969,0.0,0.7465987801551819,0.7880644798278809,0,1
Scene4_t041,41,train,0,14.287712097167969,14.287712097167969,0.0,0.7468021512031555,0.7880644798278809,0,1
Scene4_t042,42,train,0,14.287712097167969,14.287712097167969,0.0,0.7465501427650452,0.7880644798278809,0,1
Scene4_t043,43,train,0,14.287712097167969,14.287712097167969,0.0,0.7462235689163208,0.7880644798278809,0,1
Scene4_t044,44,train,0,14.287712097167969,14.287712097167969,0.0,0.7455296516418457,0.7880644798278809,0,1
Scene4_t045,45,train,0,14.287712097167969,14.287712097167969,0.0,0.745835542678833,0.7880644798278809,0,1
Scene4_t046,46,train,0,14.287712097167969,14.287712097167969,0.0,0.7467063069343567,0.7880644798278809,0,1
Scene4_t047,47,train,0,14.287712097167969,14.287712097167969,0.0,0.7461138367652893,0.7880644798278809,0,1
Scene4_t048,48,train,0,14.287712097167969,14.287712097167969,0.0,0.7466680407524109,0.7880644798278809,0,1
Scene4_t049,49,train,0,14.287712097167969,14.287712097167969,0.0,0.7465574741363525,0.7880644798278809,0,1
Scene4_t050,50,train,1,12.287712097167969,12.287712097167969,0.0,0.8341745734214783,0.7880644798278809,1,1
Scene4_t051,51,train,1,12.287712097167969,12.287712097167969,0.0,0.8264775276184082,0.7880644798278809,1,1
Scene4_t052,52,train,1,13.287712097167969,13.287712097167969,0.0,0.8403695821762085,0.7880644798278809,1,1
Scene4_t053,53,train,1,13.287712097167969,13.287712097167969,0.0,0.8403123617172241,0.7880644798278809,1,1
Scene4_t054,54,train,1,13.287712097167969,13.287712097167969,0.0,0.8402498364448547,0.7880644798278809,1,1
Scene4_t055,55,train,1,13.287712097167969,13.287712097167969,0.0,0.8396468162536621,0.7880644798278809,1,1
Scene4_t056,56,train,1,13.287712097167969,13.287712097167969,0.0,0.8388267159461975,0.7880644798278809,1,1
Scene4_t057,57,train,1,13.287712097167969,13.287712097167969,0.0,0.8375014662742615,0.7880644798278809,1,1
Scene4_t058,58,train,1,13.287712097167969,13.287712097167969,0.0,0.8351424932479858,0.7880644798278809,1,1
Scene4_t059,59,train,1,13.287712097167969,13.287712097167969,0.0,0.8323038816452026,0.7880644798278809,1,1
Scene4_t060,60,train,1,13.287712097167969,13.287712097167969,0.0,0.830834686756134,0.7880644798278809,1,1
Scene4_t061,61,train,1,13.287712097167969,13.287712097167969,0.0,0.8304561972618103,0.7880644798278809,1,1
Scene4_t062,62,train,1,13.287712097167969,13.287712097167969,0.0,0.8305297493934631,0.7880644798278809,1,1
Scene4_t063,63,train,1,13.287712097167969,13.287712097167969,0.0,0.830342710018158,0.7880644798278809,1,1
Scene4_t064,64,train,1,13.287712097167969,13.287712097167969,0.0,0.8304493427276611,0.7880644798278809,1,1
Scene4_t065,65,train,1,13.287712097167969,13.287712097167969,0.0,0.830309271812439,0.7880644798278809,1,1
Scene4_t066,66,train,1,13.287712097167969,13.287712097167969,0.0,0.8303977847099304,0.7880644798278809,1,1
Scene4_t067,67,train,1,13.287712097167969,13.287712097167969,0.0,0.8305445313453674,0.7880644798278809,1,1
Scene4_t068,68,train,1,13.287712097167969,13.287712097167969,0.0,0.8305147886276245,0.7880644798278809,1,1
Scene4_t069,69,train,1,13.287712097167969,13.287712097167969,0.0,0.8306596875190735,0.7880644798278809,1,1
Scene4_t070,70,validation,1,13.287712097167969,13.287712097167969,0.0,0.8305554986000061,0.7880644798278809,1,1
Scene4_t071,71,validation,1,13.287712097167969,13.287712097167969,0.0,0.8308939933776855,0.7880644798278809,1,1
Scene4_t072,72,validation,1,13.287712097167969,13.287712097167969,0.0,0.8310415148735046,0.7880644798278809,1,1
Scene4_t073,73,validation,1,13.287712097167969,13.287712097167969,0.0,0.8309133648872375,0.7880644798278809,1,1
Scene4_t074,74,validation,1,13.287712097167969,13.287712097167969,0.0,0.8309744596481323,0.7880644798278809,1,1
Scene4_t075,75,validation,0,14.287712097167969,14.287712097167969,0.0,0.7425165772438049,0.7880644798278809,0,1
Scene4_t076,76,validation,0,14.287712097167969,14.287712097167969,0.0,0.7444118857383728,0.7880644798278809,0,1
Scene4_t077,77,validation,0,14.287712097167969,14.287712097167969,0.0,0.7444432973861694,0.7880644798278809,0,1
Scene4_t078,78,validation,0,14.287712097167969,14.287712097167969,0.0,0.7452973127365112,0.7880644798278809,0,1
Scene4_t079,79,validation,0,14.287712097167969,14.287712097167969,0.0,0.7448335289955139,0.7880644798278809,0,1
Scene4_t080,80,validation,0,14.287712097167969,14.287712097167969,0.0,0.7455729246139526,0.7880644798278809,0,1
Scene4_t081,81,validation,0,14.287712097167969,14.287712097167969,0.0,0.745511531829834,0.7880644798278809,0,1
Scene4_t082,82,validation,0,14.287712097167969,14.287712097167969,0.0,0.7455734610557556,0.7880644798278809,0,1
Scene4_t083,83,validation,0,14.287712097167969,14.287712097167969,0.0,0.7452157735824585,0.7880644798278809,0,1
Scene4_t084,84,validation,0,14.287712097167969,14.287712097167969,0.0,0.7454469799995422,0.7880644798278809,0,1
Scene4_t085,85,test,0,14.287712097167969,14.287712097167969,0.0,0.7455119490623474,0.7880644798278809,0,1
Scene4_t086,86,test,0,14.287712097167969,14.287712097167969,0.0,0.74608314037323,0.7880644798278809,0,1
Scene4_t087,87,test,0,14.287712097167969,14.287712097167969,0.0,0.7446700930595398,0.7880644798278809,0,1
Scene4_t088,88,test,0,14.287712097167969,14.287712097167969,0.0,0.7464867830276489,0.7880644798278809,0,1
Scene4_t089,89,test,0,14.287712097167969,14.287712097167969,0.0,0.7460952401161194,0.7880644798278809,0,1
Scene4_t090,90,test,1,12.287712097167969,12.287712097167969,0.0,0.8337812423706055,0.7880644798278809,1,1
Scene4_t091,91,test,1,12.287712097167969,12.287712097167969,0.0,0.8252060413360596,0.7880644798278809,1,1
Scene4_t092,92,test,1,12.287712097167969,12.287712097167969,0.0,0.825107753276825,0.7880644798278809,1,1
Scene4_t093,93,test,1,12.287712097167969,12.287712097167969,0.0,0.823986828327179,0.7880644798278809,1,1
Scene4_t094,94,test,1,12.287712097167969,12.287712097167969,0.0,0.8217723965644836,0.7880644798278809,1,1
Scene4_t095,95,test,1,12.287712097167969,12.287712097167969,0.0,0.8185408711433411,0.7880644798278809,1,1
Scene4_t096,96,test,1,12.287712097167969,12.287712097167969,0.0,0.813834011554718,0.7880644798278809,1,1
Scene4_t097,97,test,1,13.287712097167969,13.287712097167969,0.0,0.83209627866745,0.7880644798278809,1,1
Scene4_t098,98,test,1,13.287712097167969,13.287712097167969,0.0,0.8300521969795227,0.7880644798278809,1,1
Scene4_t099,99,test,1,13.287712097167969,13.287712097167969,0.0,0.8301075100898743,0.7880644798278809,1,1
