epoch,train_loss,validation_loss,train_ev_mse,validation_ev_mse
0,171.8433594621931,183.99937143961589,171.7633819580078,183.92041015625
1,151.63878749302455,166.4122149251302,151.55764770507812,166.3320770263672
2,132.73975151134673,149.9852159016927,132.65672302246094,149.9034423828125
3,115.00810457066127,134.25918394639757,114.92290496826172,134.17556762695312
4,98.5831897030785,119.47526158311632,98.49562072753906,119.38965606689453
5,84.2736770891462,106.29313974338108,84.18377685546875,106.20558166503906
6,72.5660407656715,95.11890795220269,72.4739990234375,95.0295639038086
7,63.85432382638114,86.31667035590277,63.760536193847656,86.22586822509766
8,58.15297815813337,79.96925422498914,58.058006286621094,79.87745666503906
9,54.9098567679269,75.74546543375651,54.81432342529297,75.65318298339844
10,53.17184958176386,73.11324661593967,53.07634353637695,73.02095794677734
11,51.8800820719401,71.36720525444879,51.785003662109375,71.27523803710938
12,50.62352792939686,69.81182384575737,50.52900314331055,69.72028350830078
13,49.369167059035526,68.28215276421442,49.275230407714844,68.19107055664062
14,48.1144353129069,66.74901403808593,48.02109909057617,66.65840148925781
15,46.85715394810268,65.20644426812066,46.764434814453125,65.11631774902344
16,45.597941285632906,63.65566020033095,45.5058479309082,63.5660285949707
17,44.33658836437407,62.09733437093099,44.24512481689453,62.008201599121094
18,43.07156143624442,60.53012356228299,42.98072814941406,60.441490173339844
19,41.80087951369513,58.950828525119356,41.710670471191406,58.862693786621094
20,40.52490320260184,57.35885507880317,40.43526840209961,57.271175384521484
21,39.24326454089937,55.75578903876411,39.154197692871094,55.66856002807617
22,37.95539673578172,54.140559746636285,37.866886138916016,54.05377197265625
23,36.65811019752139,52.511017740885414,36.57013702392578,52.424652099609375
24,35.35320837257022,50.86438042534722,35.2657585144043,50.77842712402344
25,34.04240156773159,49.20486662801107,33.955467224121094,49.119319915771484
26,32.72641993640718,47.532779405381945,32.639991760253906,47.4476318359375
27,31.406138783046178,45.848239264594184,31.320207595825195,45.76348114013672
28,30.090808430262975,44.15987553236219,30.005369186401367,44.075504302978516
29,28.780700998215448,42.4716246609158,28.69572639465332,42.38761901855469
30,27.476090823218936,40.781057359483505,27.391563415527344,40.69740295410156
31,26.1786476222447,39.090030968560114,26.094554901123047,39.006717681884766
32,24.892523989722843,37.40309541829427,24.808853149414062,37.32011413574219
33,23.624217576526462,35.72896495564779,23.540956497192383,35.646305084228516
34,22.377971611386254,34.07262966918945,22.295108795166016,33.99028396606445
35,21.1617222042992,32.4348253241645,21.079242706298828,32.352783203125
36,19.974709695725213,30.82047784084744,19.89259910583496,30.738727569580078
37,18.818569320678712,29.248779051038955,18.7368221282959,29.16731834411621
38,17.699726807367234,27.699699796888563,17.618303298950195,27.618501663208008
39,16.61943466477167,26.19471164449056,16.538272857666016,26.113718032836914
40,15.578121650332497,24.730673426310222,15.497249603271484,24.64991569519043
41,14.57839075324649,23.309553949991862,14.497773170471191,23.2289981842041
42,13.622684381030854,21.935628028021917,13.542319297790527,21.855274200439453
43,12.712534821646553,20.61307396443685,12.63242244720459,20.53292465209961
44,11.84931561206636,19.339292405870225,11.769445419311523,19.25933837890625
45,11.033851950872512,18.123024317423504,10.95422077178955,18.043264389038086
46,10.266352731250581,16.95974430847168,10.186951637268066,16.880170822143555
47,9.546624313354492,15.855929188198514,9.467451095581055,15.776541709899902
48,8.874024896167574,14.808164496527779,8.795073509216309,14.728958129882812
49,8.24726113528297,13.817595102945964,8.168527603149414,13.738567352294922
50,7.6654967687697635,12.88421538035075,7.586977005004883,12.805363655090332
51,7.1270222605750675,12.007530549791124,7.0487141609191895,11.928853988647461
52,6.629792572203137,11.18597063530816,6.551693439483643,11.107467651367188
53,6.171706863948277,10.417854916890462,6.093814373016357,10.339524269104004
54,5.750648002079555,9.70173528289795,5.672959804534912,9.623576164245605
55,5.364277803875151,9.034873174031576,5.2867913246154785,8.956884384155273
56,5.010221957615443,8.414141512552897,4.932934761047363,8.336321830749512
57,4.68604565792992,7.840397748311361,4.608957290649414,7.762747764587402
58,4.389398143949963,7.3086347817315,4.312507629394531,7.231154441833496
59,4.1175486159551715,6.818671749114991,4.040855407714844,6.741361141204834
60,3.8680337329137893,6.366614432440864,3.791536569595337,6.289472579956055
61,3.638976146970476,5.949350056118435,3.562675714492798,5.872378349304199
62,3.4285779834928967,5.562659120347765,3.3524727821350098,5.485857009887695
63,3.23491630372547,5.20688641442193,3.1590051651000977,5.130253791809082
64,3.0563458042144775,4.878273519304064,2.9806272983551025,4.801809787750244
65,2.891392767406645,4.5748986998664005,2.8158655166625977,4.498603343963623
66,2.7388454160236178,4.295030754937066,2.6635072231292725,4.218902587890625
67,2.5976539640880767,4.036525709364149,2.522502899169922,3.9605636596679688
68,2.466667442775908,3.7978408597310382,2.3917009830474854,3.7220425605773926
69,2.3448182670048303,3.5775937107933893,2.270036458969116,3.5019595623016357
70,2.2311916648319787,3.374068759918213,2.156593084335327,3.298597812652588
71,2.125036937531971,3.185875556733873,2.0506200790405273,3.1105668544769287
72,2.0257514295578005,3.0114823886023627,1.9515141248703003,2.9363343715667725
73,1.9325910863422213,2.849821122487386,1.858532190322876,2.7748312950134277
74,1.8451937675930206,2.7000400204128687,1.7713123559951782,2.6252079010009766
75,1.7631914505277362,2.560800856060452,1.6894854307174683,2.4861252307891846
76,1.6863226070404054,2.431209068722195,1.6127889156341553,2.356687068939209
77,1.6139452666782197,2.3109612471262615,1.540582537651062,2.2365915775299072
78,1.5457303797858102,2.1991870695749918,1.4725371599197388,2.1249687671661377
79,1.4813087026959373,2.0955726598103843,1.4082831144332886,2.0215044021606445
80,1.4203312397911434,1.9997848054038154,1.347470760345459,1.925864815711975
81,1.3627339031582788,1.9101864576339722,1.2900364398956299,1.8364132642745972
82,1.3083172353562855,1.8262977605395847,1.2357808351516724,1.752670407295227
83,1.257094497589838,1.747874404695299,1.1847169399261475,1.674391508102417
84,1.2088941448302497,1.6743342929416232,1.1366733312606812,1.6009941101074219
85,1.163374898592631,1.6058820487128365,1.0913094282150269,1.5326833724975586
86,1.1203206148147582,1.5421320296393501,1.0484086275100708,1.4690728187561035
87,1.0796036494118826,1.4825263858371311,1.007843255996704,1.4096050262451172
88,1.0410829690297445,1.4266018981933595,0.9694721698760986,1.3538169860839844
89,1.0045951392082941,1.3744302696651882,0.933131992816925,1.3017804622650146
90,0.9700624326297215,1.3253589564429389,0.8987451195716858,1.2528431415557861
91,0.9372480179922922,1.2795789614783393,0.8660740852355957,1.2071950435638428
92,0.9061915124484471,1.2366042998631794,0.8351595997810364,1.1643511056900024
93,0.8768597556977045,1.1960427394443087,0.8059691190719604,1.12391996383667
94,0.8490711261204311,1.1580728436575995,0.7783198356628418,1.0860790014266968
95,0.8226528402737209,1.122753688176473,0.7520396113395691,1.0508878231048584
96,0.7976382810047694,1.0893776998519897,0.7271615266799927,1.0176385641098022
97,0.773972062496912,1.0580453192922805,0.7036301493644714,0.9864316582679749
98,0.7515482876868476,1.028330041355557,0.681339681148529,0.9568406343460083
99,0.7302819516772315,1.0004143997298347,0.6602052450180054,0.9290481209754944
100,0.7101199743180048,0.9741356359057957,0.6401736736297607,0.9028912782669067
101,0.690996476604825,0.9493244277106391,0.6211794018745422,0.8782010078430176
102,0.672855845837366,0.9261643563906352,0.6031665205955505,0.855160653591156
103,0.6556680398895627,0.9041507722536722,0.5861051678657532,0.8332657217979431
104,0.6393663553510394,0.8833911424742804,0.5699286460876465,0.8126236796379089
105,0.6239150774138315,0.863813776228163,0.55460125207901,0.7931628227233887
106,0.6092758904411679,0.8453570098347134,0.5400846004486084,0.7748214602470398
107,0.5953930016245161,0.8279240371386211,0.5263230204582214,0.7575028538703918
108,0.5822121765500023,0.8115818605422973,0.5132622718811035,0.7412739992141724
109,0.5696958468528021,0.7962247603204515,0.5008648037910461,0.7260292172431946
110,0.55780987291109,0.7815362275971307,0.4890965521335602,0.711452066898346
111,0.5465325622331528,0.7676669375631544,0.4779357314109802,0.6976931691169739
112,0.5358304504099346,0.7545900559955173,0.46734878420829773,0.6847256422042847
113,0.525668445621218,0.7423042905065749,0.45730075240135193,0.672548234462738
114,0.5160218897206442,0.730520898713006,0.4477669894695282,0.6608721017837524
115,0.5068604613826388,0.719494518438975,0.43871715664863586,0.6499518752098083
116,0.4981511767251151,0.7089870873027377,0.4301183223724365,0.6395495533943176
117,0.4898580717245738,0.6990678723123338,0.4219348132610321,0.6297346949577332
118,0.4819592561608269,0.689725682788425,0.4141446053981781,0.6204960346221924
119,0.4744410311153957,0.6808603247536553,0.4067339301109314,0.6117333173751831
120,0.4672742768582844,0.6726299860742357,0.39967378973960876,0.6036048531532288
121,0.46045503909247265,0.664693208164639,0.3929601311683655,0.5957690477371216
122,0.4539677668185461,0.6571701743337843,0.38657739758491516,0.5883460640907288
123,0.44778911466825577,0.6500724125438266,0.380502313375473,0.5813475251197815
124,0.44190394379979087,0.6433006742795309,0.3747197687625885,0.5746741890907288
125,0.4362983903203692,0.6368752575980292,0.3692159056663513,0.568346381187439
126,0.430960623445965,0.6307679830657111,0.36397892236709595,0.5623359084129333
127,0.42587437544550216,0.6249741554790073,0.35899248719215393,0.5566380620002747
128,0.4210296109630948,0.6194610640207926,0.3542466461658478,0.551220178604126
129,0.41641402819043116,0.6142183307011922,0.34972912073135376,0.5460718870162964
130,0.4120144239607312,0.609221597565545,0.34542667865753174,0.5411688089370728
131,0.40781846085048856,0.6044817519187927,0.3413270115852356,0.536521852016449
132,0.40381587016014825,0.599956903828515,0.33741989731788635,0.5320891737937927
133,0.40000116826239085,0.5956395959324307,0.3336998522281647,0.5278633236885071
134,0.3963634765715826,0.5915262994236417,0.33015596866607666,0.5238407254219055
135,0.39289123252459934,0.5875959792137146,0.3267767131328583,0.5200003981590271
136,0.3895711326599121,0.5839397179815504,0.3235487937927246,0.5164334177970886
137,0.38638776852971035,0.5803838424152798,0.32045701146125793,0.5129663348197937
138,0.3833342310701098,0.5770196803940667,0.3174944221973419,0.5096904635429382
139,0.3804019589878264,0.5738116236792671,0.31465238332748413,0.5065701007843018
140,0.37759545741762435,0.5707041700151232,0.3119351267814636,0.503549337387085
141,0.37491162405695233,0.5677074818081326,0.3093396723270416,0.500638484954834
142,0.3723454143773942,0.5648342898156908,0.30686113238334656,0.4978504776954651
143,0.369890098129,0.562084222846561,0.3044927418231964,0.4951849579811096
144,0.36753975267637345,0.5594476208421919,0.3022286593914032,0.49263229966163635
145,0.3652868125665756,0.5569210700988769,0.30006125569343567,0.4901890754699707
146,0.3631288201695397,0.5544911583264669,0.29798799753189087,0.48784178495407104
147,0.36106523110753014,0.5521669181187947,0.29600849747657776,0.4855996370315552
148,0.3590911017940158,0.549937848356035,0.2941177189350128,0.4834520220756531
149,0.3572011877582187,0.547783140235477,0.2923104465007782,0.48137813806533813
150,0.35538724104563396,0.5457203296555413,0.2905784845352173,0.4793955683708191
151,0.35364748588062467,0.5437336308426327,0.2889200747013092,0.47748854756355286
152,0.3519775405838376,0.5418198292520311,0.2873308062553406,0.47565382719039917
153,0.35037309110732306,0.5399795398447249,0.28580641746520996,0.47389206290245056
154,0.3488309246131352,0.5382018251683977,0.2843436896800995,0.47219231724739075
155,0.3473466020311628,0.536494833389918,0.28293824195861816,0.47056278586387634
156,0.34591767883300784,0.5348390941354964,0.2815876007080078,0.4689839780330658
157,0.3445414124670483,0.533247713830736,0.2802889943122864,0.46746885776519775
158,0.3432144011315845,0.5317137064139048,0.27903908491134644,0.46601054072380066
159,0.3419352193900517,0.5302272262308333,0.277836412191391,0.46459922194480896
160,0.34070140601339793,0.5287911045021481,0.27667853236198425,0.4632377326488495
161,0.3395117660477048,0.5274061917463938,0.27556437253952026,0.4619270861148834
162,0.33836329813230603,0.5260621467431387,0.2744908034801483,0.4606567919254303
163,0.337254376241139,0.5247579588890076,0.27345624566078186,0.4594258666038513
164,0.3361832776523772,0.5234993827078077,0.2724589705467224,0.4582400918006897
165,0.3351474103019351,0.5222832361327278,0.27149641513824463,0.45709627866744995
166,0.3341450260026114,0.5210956150425805,0.27056676149368286,0.455980509519577
167,0.3331738539650327,0.5199381057421366,0.26966774463653564,0.45489436388015747
168,0.33223267376990545,0.5188053099049462,0.26879820227622986,0.4538324773311615
169,0.33132040598278956,0.5177162753211128,0.26795703172683716,0.45281386375427246
170,0.3304356927985237,0.5166571926275889,0.2671429216861725,0.45182475447654724
171,0.3295775500025068,0.5156258903609382,0.26635485887527466,0.45086294412612915
172,0.32874501229467845,0.5146200466156006,0.26559188961982727,0.44992613792419434
173,0.3279369769891103,0.5136402642197079,0.264852911233902,0.44901493191719055
174,0.32716372948601136,0.512712973912557,0.26414811611175537,0.44815564155578613
175,0.326416555699848,0.5119674059020148,0.26346832513809204,0.4474770426750183
176,0.3256760424999964,0.5109777427514394,0.2627955377101898,0.4465548098087311
177,0.32496688688369024,0.5101577776273092,0.26215338706970215,0.4458015561103821
178,0.32427840430395943,0.5094085006184048,0.2615310549736023,0.44511812925338745
179,0.32360566325414747,0.5085199150509304,0.26092469692230225,0.44429564476013184
180,0.3229542834645226,0.5078584166367849,0.2603384852409363,0.4436989724636078
181,0.3223112440790449,0.5069828720357683,0.25976091623306274,0.44288864731788635
182,0.32169132724262417,0.5063258570300209,0.2592053711414337,0.44229575991630554
183,0.3210851289771852,0.5054982180065579,0.25866368412971497,0.4415324926376343
184,0.3204975551423572,0.5049354205131531,0.25813913345336914,0.4410325884819031
185,0.3199076880954561,0.5041082271469964,0.25761258602142334,0.44026869535446167
186,0.3193518610227676,0.5034542614883847,0.2571198344230652,0.43967774510383606
187,0.318805304879234,0.5029280627303654,0.25663504004478455,0.43921324610710144
188,0.3182582896096366,0.502144143263499,0.256150484085083,0.4384918808937073
189,0.31773995340438116,0.5014815524684059,0.25569403171539307,0.43789127469062805
190,0.3172295194353376,0.500975159989463,0.25524425506591797,0.4374455511569977
191,0.31671020797320776,0.5002075069745382,0.2547855079174042,0.43673843145370483
192,0.3162075095176697,0.4996214877764384,0.2543415427207947,0.43621116876602173
193,0.3157149271510896,0.4989358474413554,0.2539077401161194,0.4355843663215637
194,0.3152372578552791,0.49845939644177756,0.2534876763820648,0.4351656138896942
195,0.31475036090896247,0.49773299672868515,0.2530588209629059,0.4344974756240845
196,0.3142915208680289,0.4971173347897,0.25265759229660034,0.43393969535827637
197,0.3138373593375796,0.49666809995969136,0.25225985050201416,0.43354716897010803
198,0.3133790228026254,0.4960178095234765,0.25185853242874146,0.4329544007778168
199,0.312940089520954,0.4954149258666568,0.251475989818573,0.4324084222316742
200,0.31251222729682926,0.4949370633231269,0.2511041462421417,0.4319871664047241
201,0.31209155398323424,0.49425882744789124,0.25073951482772827,0.43136563897132874
202,0.31168611944289437,0.49390611418088276,0.25038909912109375,0.4310685694217682
203,0.3112750556696029,0.493212785826789,0.250034362077713,0.43043220043182373
204,0.3108904624950318,0.4927297821044922,0.2497059851884842,0.4300060272216797
205,0.31050850392523266,0.4922604832119412,0.24937930703163147,0.4295926094055176
206,0.3101196932168234,0.491620513704088,0.24904634058475494,0.42900919914245605
207,0.30975309834026155,0.49119935819837784,0.24873563647270203,0.42864465713500977
208,0.3093948284103757,0.4905659888850318,0.24843400716781616,0.4280686676502228
209,0.30904504836173285,0.4902362895541721,0.24814048409461975,0.4277958869934082
210,0.3086805516367867,0.4895441944864061,0.24783281981945038,0.42716139554977417
211,0.30832157282034556,0.4890913112693363,0.2475300282239914,0.42676547169685364
212,0.3079553999276388,0.48855200436380175,0.24721981585025787,0.4262828528881073
213,0.3075829516138349,0.4878904545572069,0.24690371751785278,0.42567843198776245
214,0.3072164134808949,0.4874867278734843,0.2465931922197342,0.4253314137458801
215,0.3068511003369377,0.4867844297620985,0.2462834268808365,0.4246854782104492
216,0.3064951718818574,0.4864186532497406,0.24598269164562225,0.42437562346458435
217,0.30613580624262493,0.48572578965293034,0.24567824602127075,0.4237385392189026
218,0.30578790310450965,0.48534158515930176,0.24538493156433105,0.42340970039367676
219,0.3054409087555749,0.4846854498386383,0.24509204924106598,0.42280855774879456
220,0.3051003643047242,0.4843107599947188,0.24480529129505157,0.4224884808063507
221,0.30476061450867425,0.48371415850851274,0.24451881647109985,0.42194607853889465
222,0.30442874553657717,0.4832483258777195,0.24424003064632416,0.4215341806411743
223,0.30409846974554516,0.48271375589900545,0.24396243691444397,0.4210532605648041
224,0.30377647406714303,0.4823288119898902,0.2436925768852234,0.4207213222980499
225,0.3034450069722675,0.48169476956791346,0.24341300129890442,0.42014017701148987
226,0.3031272488548642,0.4813260440296597,0.2431468963623047,0.4198240637779236
227,0.30280986013298944,0.4807305681705475,0.24288056790828705,0.41928067803382874
228,0.3024971099183673,0.48038931470447116,0.24261857569217682,0.4189911484718323
229,0.30218579921268285,0.47983071576224434,0.2423577904701233,0.4184841513633728
230,0.3018793267749605,0.47941231322288513,0.24210119247436523,0.41811665892601013
231,0.301572217186292,0.4789135134749942,0.24184386432170868,0.41766878962516785
232,0.3012728515920185,0.4785281585322486,0.2415936291217804,0.4173336327075958
233,0.30097216740676336,0.4780019333627489,0.24134202301502228,0.41685765981674194
234,0.30067708988984426,0.47758977044953244,0.24109558761119843,0.4164952337741852
235,0.3003801496369498,0.4771074029074775,0.24084705114364624,0.41606247425079346
236,0.30008946515264967,0.4767369952201843,0.24060431122779846,0.4157411456108093
237,0.29979804239386604,0.4761730068259769,0.24036051332950592,0.415226012468338
238,0.29951162264460607,0.475871875471539,0.24012133479118347,0.41497328877449036
239,0.2992214688403266,0.4753403559260898,0.239878311753273,0.4144901633262634
240,0.2989381163347335,0.4749811459382375,0.23964163661003113,0.4141788184642792
241,0.2986531599022093,0.4744234105481042,0.23940321803092957,0.4136689007282257
242,0.2983741070088886,0.47410340367423165,0.239170104265213,0.41339606046676636
243,0.29809359403451285,0.47354794383049015,0.238935187458992,0.4128875434398651
244,0.2978175149645124,0.4731449476877848,0.23870444297790527,0.41253113746643066
245,0.29753788941814785,0.4725322108268738,0.2384701520204544,0.4119650721549988
246,0.2972611686786016,0.47216960827509563,0.23823826014995575,0.41164857149124146
247,0.2969686737457911,0.47158788281016883,0.23799048364162445,0.4111129343509674
248,0.2966590826624916,0.47112184516588845,0.23772519826889038,0.4106924831867218
249,0.29633169982546853,0.4704626670678457,0.2374417781829834,0.41007867455482483
250,0.2960090663546608,0.47004489636421204,0.23716282844543457,0.40970590710639954
251,0.2956858396984282,0.4694394049379561,0.23688316345214844,0.40914538502693176
252,0.2953711360011782,0.4689480109214783,0.23661164939403534,0.40869849920272827
253,0.2950553988672438,0.46840856915050083,0.23633866012096405,0.40820327401161194
254,0.29474889930089315,0.4679599516656664,0.23607474565505981,0.4077985882759094
255,0.294439922451973,0.4673524390856425,0.23580820858478546,0.40723496675491333
256,0.2941390996319907,0.4669651283952925,0.23554936051368713,0.40689101815223694
257,0.29383466482730136,0.4663953680727217,0.2352866679430008,0.40636447072029114
258,0.2935393189021519,0.465935619380739,0.2350327968597412,0.40594759583473206
259,0.2932390885807219,0.4654301405482822,0.23477381467819214,0.4054848551750183
260,0.29294185330186573,0.4649728497664134,0.23451758921146393,0.4050699770450592
261,0.2926396660861515,0.46438757424884375,0.2342563420534134,0.40452712774276733
262,0.2923466716437113,0.4640042073461744,0.23400388658046722,0.4041857123374939
263,0.2920505969070253,0.4634551275836097,0.23374804854393005,0.40367838740348816
264,0.29176710414886475,0.4630169412030114,0.23350465297698975,0.40328171849250793
265,0.29148049949464344,0.46253937935829165,0.23325788974761963,0.4028455317020416
266,0.29120683001904263,0.46210574258698356,0.2330237478017807,0.40245285630226135
267,0.2909299276385989,0.46165372331937155,0.232786163687706,0.4020417034626007
268,0.29066134393782844,0.46126424487431844,0.23255646228790283,0.40169256925582886
269,0.2903895481370744,0.4607472827964359,0.2323235720396042,0.401216059923172
270,0.29012588205223994,0.4604116846455468,0.23209844529628754,0.40092048048973083
271,0.2898605200960523,0.4598965289327833,0.23187150061130524,0.40044528245925903
272,0.28960207495802925,0.4595768515004052,0.23165087401866913,0.400164932012558
273,0.2893397486436935,0.4591066789362166,0.2314264476299286,0.399734228849411
274,0.289085410736856,0.4586981067127652,0.23120982944965363,0.3993648886680603
275,0.2888318995010285,0.45830062953631084,0.2309936136007309,0.39900627732276917
276,0.2885835929257529,0.4579405116505093,0.23078206181526184,0.39868444204330444
277,0.2883283349786486,0.45745241917504204,0.23056408762931824,0.3982352018356323
278,0.28805088196481976,0.4570359684891171,0.23032304644584656,0.397856742143631
279,0.2877145501261666,0.45633457904391816,0.23002319037914276,0.39719343185424805
280,0.2873837239231382,0.45586081761784025,0.22972841560840607,0.3967572748661041
281,0.2870517989567348,0.4551981678273943,0.2294323444366455,0.39613214135169983
282,0.2867304204134714,0.4546866875489553,0.22914691269397736,0.3956582248210907
283,0.28650647692453296,0.45417905163764954,0.22895795106887817,0.3951871693134308
284,0.28633052878152754,0.4541603724161784,0.2288174033164978,0.3952054977416992
285,0.28616298766363235,0.4538557688395182,0.2286849021911621,0.39493751525878906
286,0.2859947140841257,0.4537382796075609,0.22855134308338165,0.3948562741279602
287,0.28582385605289823,0.4534664793014527,0.22841517627239227,0.39462077617645264
288,0.28565883738654,0.4532889426814185,0.22828465700149536,0.39447930455207825
289,0.2854941853455135,0.45302093728383386,0.2281542718410492,0.3942471742630005
290,0.2853330767381759,0.4528806312878927,0.2280270755290985,0.3941423296928406
291,0.28516675124849594,0.452561007393731,0.2278946042060852,0.3938581943511963
292,0.285004870227405,0.4524017351733314,0.22776637971401215,0.3937341868877411
293,0.284844882948058,0.4521964906586541,0.22763963043689728,0.39356380701065063
294,0.2846870450349081,0.45199696159362796,0.22751493752002716,0.3933990001678467
295,0.284525930251394,0.4517427277829912,0.22738678753376007,0.39317938685417175
296,0.28437005329699744,0.45160555929607815,0.22726358473300934,0.39307647943496704
297,0.28421059785002756,0.4512979513274299,0.22713671624660492,0.3928031325340271
298,0.2840562951621555,0.4511712764898936,0.22701464593410492,0.39271029829978943
299,0.283898513952891,0.45094252459208173,0.22688907384872437,0.3925154209136963
300,0.28374624968142736,0.4507595549689399,0.22676868736743927,0.3923659324645996
301,0.28359034837427594,0.45051231673028735,0.22664450109004974,0.3921521008014679
302,0.28343965910729907,0.4503792488839891,0.22652527689933777,0.3920521140098572
303,0.28328595759187425,0.45008150696754456,0.22640295326709747,0.39178743958473206
304,0.28313732450348994,0.449965947204166,0.22628530859947205,0.3917044997215271
305,0.28298327288173497,0.44974449282222323,0.22616234421730042,0.3915158212184906
306,0.2828340956483568,0.44954909960428874,0.2260439693927765,0.39135289192199707
307,0.28268573059922175,0.44929444885253905,0.22592611610889435,0.3911304473876953
308,0.2825389584075837,0.44920793782340157,0.22580955922603607,0.3910757899284363
309,0.28238731353623525,0.44893890237808226,0.2256881296634674,0.3908386826515198
310,0.282240078994206,0.44876283412509493,0.22557097673416138,0.39069437980651855
311,0.2820949959414346,0.44858195985688104,0.22545573115348816,0.3905450403690338
312,0.2819508897236415,0.4483754397233327,0.22534120082855225,0.3903697431087494
313,0.2818020644982656,0.4481759151087867,0.22522178292274475,0.3902013599872589
314,0.28165816246895564,0.4479913255638546,0.22510728240013123,0.3900478780269623
315,0.28151695220243367,0.44785113151868183,0.22499479353427887,0.389938086271286
316,0.28137004479907807,0.44757834084828696,0.22487711906433105,0.38969624042510986
317,0.28122869174821036,0.44742468542522856,0.2247646152973175,0.3895731568336487
318,0.28108824887162165,0.4472590029239655,0.22465236485004425,0.38943734765052795
319,0.28094311738581884,0.4470657946533627,0.22453586757183075,0.3892745077610016
320,0.2808045281569163,0.4468530512385898,0.22442570328712463,0.3890919089317322
321,0.2806647334609713,0.44667334061198766,0.22431357204914093,0.38894155621528625
322,0.28052146877561296,0.44648402897516887,0.22419840097427368,0.3887820839881897
323,0.28038382459822153,0.4463171074655321,0.22408849000930786,0.38864463567733765
324,0.28024645616327015,0.4461520883242289,0.22397856414318085,0.38850873708724976
325,0.2801048932132267,0.44589560174942017,0.2238643914461136,0.3882814049720764
326,0.27996933395521983,0.4457454418341319,0.22375616431236267,0.3881603181362152
327,0.27983312573887054,0.4456221047507392,0.22364673018455505,0.3880654573440552
328,0.2796929666825703,0.4453839523262448,0.2235337346792221,0.38785621523857117
329,0.27955842370646344,0.4451973368856642,0.22342582046985626,0.3876979947090149
330,0.2794238290616444,0.4450251677301195,0.2233176976442337,0.38755398988723755
331,0.2792850897709529,0.44483982700771757,0.2232055813074112,0.38739705085754395
332,0.2791516674757004,0.4446773425473107,0.22309832274913788,0.3872624933719635
333,0.2790177853675116,0.44452465788523354,0.22299045324325562,0.3871375322341919
334,0.27887914332889374,0.44428485798835754,0.22287803888320923,0.38692572712898254
335,0.2787458571763266,0.4441370448536343,0.22277052700519562,0.3868054747581482
336,0.2786127282948721,0.4439930143091414,0.22266291081905365,0.3866886794567108
337,0.2784754081737427,0.4437752121289571,0.22255106270313263,0.3864981532096863
338,0.2783437730073929,0.44363461973932056,0.22244484722614288,0.3863847553730011
339,0.278211289031165,0.44345538518163896,0.22233733534812927,0.3862322270870209
340,0.2780744056133997,0.4432842959298028,0.22222551703453064,0.3860880136489868
341,0.2779418211607706,0.4431076193915473,0.22211746871471405,0.3859376907348633
342,0.2778092431681497,0.4429788680341509,0.22200921177864075,0.38583502173423767
343,0.27767222324439456,0.4427743900352054,0.221896693110466,0.38565686345100403
344,0.2775401089872633,0.442601822482215,0.22178885340690613,0.3855103850364685
345,0.27740792839300066,0.44246982198291357,0.2216804474592209,0.38540393114089966
346,0.2772712379126322,0.44228544629944694,0.22156773507595062,0.38524535298347473
347,0.2771394337699527,0.4421130204730564,0.2214595079421997,0.38509833812713623
348,0.2770067074639457,0.44198825981881884,0.2213500738143921,0.3849986493587494
349,0.27687040497007825,0.44178446981641983,0.22123730182647705,0.38482022285461426
350,0.2767378650903702,0.4416241617732578,0.22112800180912018,0.3846849799156189
351,0.276605027005786,0.44149379081196255,0.22101792693138123,0.3845791518688202
352,0.27646879809811004,0.44129589009284975,0.22090472280979156,0.38440611958503723
353,0.27633765473252253,0.44116145245234173,0.22079630196094513,0.3842962384223938
354,0.2762060660407657,0.44101645909415355,0.2206871509552002,0.38417547941207886
355,0.27607108938694,0.44082432362768387,0.220574751496315,0.3840077817440033
356,0.2759407672938846,0.44066232866711086,0.22046686708927155,0.38387006521224976
357,0.27581072126683737,0.44053652373949687,0.22035886347293854,0.38376811146736145
358,0.27567677334944407,0.44034359094831677,0.2202470451593399,0.3835991621017456
359,0.2755471205654598,0.44018651927842034,0.22013942897319794,0.383465975522995
360,0.275418137828509,0.44006056785583497,0.22003211081027985,0.3833634853363037
361,0.2752857031878971,0.43987036975224814,0.2199215441942215,0.38319700956344604
362,0.27515754001481196,0.4397183832327525,0.21981504559516907,0.3830685317516327
363,0.27502999014513835,0.43959197658962673,0.2197086662054062,0.382965087890625
364,0.27489847813333784,0.4394135664833917,0.21959862112998962,0.38280999660491943
365,0.2747708832366126,0.43925392667452495,0.21949230134487152,0.3826734721660614
366,0.2746447332473028,0.43913441758685645,0.21938705444335938,0.3825766444206238
367,0.2745141289631526,0.4389791203604804,0.2192775160074234,0.38244426250457764
368,0.2743867694423312,0.43880834645695155,0.21917107701301575,0.38229623436927795
369,0.27426124152115416,0.43869072688950433,0.2190660685300827,0.3822009265422821
370,0.2741328370287305,0.43850205625428096,0.21895839273929596,0.3820348083972931
371,0.2740083834670839,0.43835348349147374,0.21885451674461365,0.3819086253643036
372,0.27388468682198297,0.4382088573243883,0.21875104308128357,0.3817859888076782
373,0.27375701779410955,0.43806179931428696,0.21864372491836548,0.3816611170768738
374,0.273632582227389,0.43790451198154023,0.21853940188884735,0.38152575492858887
375,0.2735096210468383,0.43779730648464626,0.21843628585338593,0.3814401626586914
376,0.2733814714011692,0.4376231972641415,0.2183281034231186,0.3812878429889679
377,0.2732551668712071,0.43748851545651757,0.2182215452194214,0.3811747133731842
378,0.27312578343209765,0.4373870787885454,0.21811142563819885,0.3810943067073822
379,0.27299091784159346,0.43726081124941507,0.21799588203430176,0.3809891641139984
380,0.2728601842096874,0.4370979912545946,0.21788440644741058,0.38084739446640015
381,0.27273059418655576,0.436998339176178,0.2177736908197403,0.380768358707428
382,0.27259507391566323,0.4368378393120236,0.2176571786403656,0.38062867522239685
383,0.27246260902995156,0.43671225314670137,0.21754351258277893,0.380523681640625
384,0.2723338104770297,0.43659983587265017,0.21743330359458923,0.380431592464447
385,0.2722015345550719,0.4364421838389503,0.21731975674629211,0.38029447197914124
386,0.272072836296899,0.4363327732086182,0.2172096073627472,0.3802053928375244
387,0.2719441779000419,0.43621543018023173,0.21709918975830078,0.3801080286502838
388,0.27181193856398267,0.4360556036631266,0.21698535978794098,0.37996840476989746
389,0.2716842850957598,0.43594813323020937,0.21687597036361694,0.37988099455833435
390,0.27155952637536185,0.4358211804760827,0.216769278049469,0.379773885011673
391,0.2714309442838033,0.4356692328453064,0.21665889024734497,0.37964195013046265
392,0.2713059307677405,0.4355669307178921,0.21655188500881195,0.3795594573020935
393,0.2711819446030117,0.43545189730326334,0.21644563972949982,0.37946391105651855
394,0.2710540256840842,0.4352981090810564,0.21633562445640564,0.3793298304080963
395,0.27092787811302005,0.43519943714141845,0.216227188706398,0.3792506456375122
396,0.2708051410175505,0.43507728330294293,0.21612197160720825,0.3791477382183075
397,0.2706776824678694,0.4349591431352827,0.2160121202468872,0.3790489733219147
398,0.2705492948804583,0.4348327764670054,0.21590113639831543,0.37894174456596375
399,0.27041932578881583,0.43478602663675947,0.21578814089298248,0.37891364097595215
400,0.27029052456787656,0.4346205614672767,0.21567665040493011,0.3787672221660614
401,0.27016486961500985,0.43453143040339154,0.2155681550502777,0.3786969780921936
402,0.270041779370535,0.4344465357462565,0.21546193957328796,0.3786306381225586
403,0.26991599644365766,0.43428726233376397,0.21535320580005646,0.378490149974823
404,0.2697964170603525,0.43420268389913774,0.21525050699710846,0.37842419743537903
405,0.26968160309678035,0.4341088141070472,0.21515245735645294,0.37834879755973816
406,0.2695649738198235,0.4339696485201518,0.21505281329154968,0.3782283663749695
407,0.269452597510247,0.43385119162665475,0.2149573117494583,0.3781285285949707
408,0.2693430447181066,0.43370116284158494,0.21486444771289825,0.37799689173698425
409,0.26923074323790414,0.4336058780617184,0.2147689163684845,0.37792012095451355
410,0.26912209032830736,0.43348091570536296,0.21467694640159607,0.37781357765197754
411,0.26901387453646886,0.4333956009811825,0.21458514034748077,0.3777463734149933
412,0.2689040666250956,0.4332063366307153,0.214492067694664,0.3775756061077118
413,0.2687965061607815,0.4331127698686388,0.2144010215997696,0.3775002956390381
414,0.2686910797471092,0.433004284646776,0.214311882853508,0.37740981578826904
415,0.26858321577026734,0.4328526617156135,0.21422043442726135,0.37727636098861694
416,0.26847831744807105,0.4326777396202087,0.21413184702396393,0.3771194815635681
417,0.26837396668820157,0.43262168865733674,0.21404342353343964,0.3770810663700104
418,0.2682667048034214,0.43246033840709264,0.2139522284269333,0.37693753838539124
419,0.2681629428920292,0.432294007062912,0.21386457979679108,0.37678906321525574
420,0.2680607705627169,0.43221059025658504,0.21377821266651154,0.37672317028045654
421,0.26795575326397303,0.43204721898502774,0.2136891633272171,0.3765775263309479
422,0.2678537001439503,0.43191457480854456,0.2136029154062271,0.3764624297618866
423,0.2677524068923224,0.43177744030952453,0.2135171890258789,0.3763425648212433
424,0.26764797498498644,0.43164742498927644,0.21342842280864716,0.3762299716472626
425,0.2675458265542984,0.4314813313749101,0.2133418470621109,0.3760811984539032
426,0.26744527278060004,0.4313969744841258,0.21325652301311493,0.37601378560066223
427,0.26734205686478385,0.43123619871669344,0.21316874027252197,0.3758701980113983
428,0.26724176443758463,0.43107594940397476,0.21308375895023346,0.37572699785232544
429,0.26714176445347926,0.43099906577004327,0.21299873292446136,0.3756667971611023
430,0.2670388846227101,0.4308348854117923,0.21291102468967438,0.3755195438861847
431,0.2669373545703434,0.4306736590597365,0.21282453835010529,0.37537509202957153
432,0.266836376508077,0.430576181491216,0.21273839473724365,0.37529417872428894
433,0.26673594831285025,0.43042817346254986,0.21265274286270142,0.37516269087791443
434,0.2666369436638696,0.4302922302087148,0.21256835758686066,0.3750430643558502
435,0.2665350264140538,0.43016625769933065,0.21248114109039307,0.37493354082107544
436,0.26643489181427726,0.43003091655837167,0.21239560842514038,0.37481454014778137
437,0.2663360062837601,0.4298954423003727,0.21231110394001007,0.37469515204429626
438,0.26623437534059796,0.4297715548939175,0.21222394704818726,0.3745874762535095
439,0.26613451468376886,0.4296369049284193,0.21213844418525696,0.37446892261505127
440,0.26603653877122063,0.429493869278166,0.21205464005470276,0.374341756105423
441,0.26593680853503093,0.4293699713548025,0.21196912229061127,0.37423381209373474
442,0.2658389412675585,0.42923350649409825,0.21188536286354065,0.37411317229270935
443,0.26574114661557335,0.42909642757309807,0.21180148422718048,0.3739916980266571
444,0.2656396379754657,0.42897529270913864,0.2117139846086502,0.3738863170146942
445,0.2655389259713037,0.4288400736649831,0.21162720024585724,0.3737667500972748
446,0.26543824589252474,0.42870028559366863,0.21154029667377472,0.3736424446105957
447,0.26533702609652565,0.42858808090951706,0.21145284175872803,0.37354573607444763
448,0.26523750355697817,0.4284503174357944,0.21136702597141266,0.37342339754104614
449,0.2651388074556986,0.4282959196302626,0.21128195524215698,0.37328433990478516
450,0.26504119577294305,0.4282128614584605,0.21119771897792816,0.3732163608074188
451,0.26494249090694244,0.4280611215962304,0.21111252903938293,0.3730798661708832
452,0.26484550581091926,0.42790810987684463,0.21102894842624664,0.3729419708251953
453,0.264749395779201,0.42783080659972295,0.2109459638595581,0.3728794753551483
454,0.2646527570088705,0.42764912719196746,0.2108626365661621,0.3727128207683563
455,0.2645566942180906,0.42755183601379393,0.21077968180179596,0.37263035774230957
456,0.2644614974941526,0.4274196843306224,0.21069754660129547,0.37251296639442444
457,0.26436654278777894,0.4272706402672662,0.21061556041240692,0.3723785877227783
458,0.26427213139761063,0.4271675893995497,0.21053403615951538,0.37229013442993164
459,0.26417861546221233,0.42705955370267235,0.21045322716236115,0.3721964657306671
460,0.26408335069247657,0.42688736555311413,0.21037080883979797,0.3720388412475586
461,0.2639894971052806,0.4267903370857239,0.2102896273136139,0.3719561696052551
462,0.2638966585965384,0.4266573643419478,0.2102094143629074,0.3718375265598297
463,0.263804620322727,0.4265232675075531,0.21012982726097107,0.37171754240989685
464,0.2637107844977152,0.4264061381816864,0.21004854142665863,0.3716146647930145
465,0.2636181352762949,0.4262496658696069,0.20996834337711334,0.3714723289012909
466,0.26352562228838605,0.42615315601560805,0.20988813042640686,0.37138980627059937
467,0.263433272475288,0.4260215167204539,0.20980805158615112,0.37127211689949036
468,0.2633413980234237,0.4258700867229038,0.2097283899784088,0.37113457918167114
469,0.2632496892838251,0.42576766263114085,0.20964884757995605,0.3710460066795349
470,0.26315924525260925,0.42565503830379914,0.20957037806510925,0.370947003364563
471,0.263066989506994,0.4254842457241482,0.20949022471904755,0.3707900047302246
472,0.26297566303185055,0.4253878169059754,0.2094108611345291,0.3707072138786316
473,0.26288477957816353,0.4252275922033522,0.20933189988136292,0.37056058645248413
474,0.26279430745329174,0.42514499203364053,0.20925311744213104,0.3704913258552551
475,0.26270299218949816,0.4249985253016154,0.20917361974716187,0.37035834789276123
476,0.2626124321335838,0.4248493879636129,0.2090948075056076,0.37022262811660767
477,0.262522049001285,0.42475514133771264,0.20901598036289215,0.3701415956020355
478,0.2624317774659112,0.42459268254703947,0.20893731713294983,0.3699924051761627
479,0.26234167270433334,0.4244990103774601,0.2088586986064911,0.36991187930107117
480,0.26225201096421197,0.42436512613296506,0.20878048241138458,0.36979109048843384
481,0.262162557102385,0.4242147551377614,0.2087024450302124,0.3696537911891937
482,0.26207321294716424,0.424116233587265,0.20862437784671783,0.36956819891929626
483,0.26198432745252337,0.42398390335506864,0.20854675769805908,0.36944878101348877
484,0.26189552080063594,0.4238385279178619,0.20846915245056152,0.3693162500858307
485,0.26180664144243515,0.4237346813943651,0.20839142799377441,0.3692252039909363
486,0.2617180560940788,0.42357636711332536,0.2083139568567276,0.3690796494483948
487,0.2616300558135623,0.4234945902029673,0.20823687314987183,0.36901041865348816
488,0.2615412149315789,0.4233470929198795,0.20815905928611755,0.3688755929470062
489,0.2614530249493463,0.42319739847713045,0.20808182656764984,0.3687385022640228
490,0.2613650075537818,0.4230963910420736,0.2080046385526657,0.368649959564209
491,0.2612777769679115,0.42295582932896086,0.2079281210899353,0.36852172017097473
492,0.2611890850067139,0.42284318007363214,0.20785021781921387,0.3684214949607849
493,0.26110067395369213,0.4227138334910075,0.20777250826358795,0.3683044910430908
494,0.26101199901671635,0.4225537526872423,0.20769447088241577,0.36815667152404785
495,0.2609232673361188,0.4224585279888577,0.20761625468730927,0.36807358264923096
496,0.26083299502304624,0.4222883138656616,0.2075365036725998,0.3679155111312866
497,0.2607425682090578,0.4221854023138682,0.20745649933815002,0.36782464385032654
498,0.2606516688948586,0.42204588548342387,0.20737595856189728,0.3676970899105072
499,0.2605604177656628,0.42188458315531413,0.20729506015777588,0.36754775047302246
500,0.2604695122241974,0.4217800239192115,0.2072143852710724,0.36745503544807434
501,0.2603790537175678,0.4216125953462389,0.2071341574192047,0.3672994375228882
502,0.2602888339530854,0.4215116084681617,0.20705406367778778,0.36721017956733704
503,0.26019950825827465,0.421372146791882,0.20697486400604248,0.3670824468135834
504,0.2601104064044498,0.4212202204333411,0.20689578354358673,0.3669421374797821
505,0.26002174503462655,0.42111484262678356,0.2068171203136444,0.366848349571228
506,0.25993370623815626,0.42095406230290733,0.20673906803131104,0.3666991591453552
507,0.2598478484096981,0.42085128087467616,0.20666305720806122,0.36660781502723694
508,0.2597625288225356,0.42067054817411637,0.2065875381231308,0.36643844842910767
509,0.2596777358509246,0.420584179798762,0.20651251077651978,0.36636343598365784
510,0.25959327176639013,0.4204327022764418,0.20643773674964905,0.36622321605682373
511,0.2595094582580385,0.4202911874718136,0.20636364817619324,0.3660930097103119
512,0.2594257595312028,0.4201728469265832,0.20628949999809265,0.36598578095436096
513,0.25934244971048265,0.4200267786184947,0.20621579885482788,0.36585089564323425
514,0.259259508728981,0.419911320871777,0.20614232122898102,0.36574646830558777
515,0.259177123103823,0.41979393810696075,0.2060694396495819,0.36564016342163086
516,0.2590949140787125,0.41962382772233753,0.20599664747714996,0.36548101902008057
517,0.2590128202495121,0.4195404624409146,0.205923929810524,0.36540859937667847
518,0.25893117451667785,0.419369093047248,0.20585158467292786,0.36524808406829834
519,0.2588493939354306,0.41928589587741427,0.2057790756225586,0.365175724029541
520,0.25876811270486744,0.41911333314577737,0.20570701360702515,0.3650139272212982
521,0.25868645493189496,0.4190322940614488,0.20563453435897827,0.36494362354278564
522,0.2586053826411565,0.4188869565592872,0.20556257665157318,0.36480894684791565
523,0.2585246414513815,0.41875555298063494,0.20549096167087555,0.3646882176399231
524,0.25844371194498883,0.4186395275857714,0.20541901886463165,0.36458271741867065
525,0.2583632425751005,0.4185049637158712,0.20534758269786835,0.36445873975753784
526,0.2582825525488172,0.41839194032880994,0.20527580380439758,0.3643561601638794
527,0.2582025330747877,0.4182828074826135,0.20520469546318054,0.36425748467445374
528,0.2581223035085769,0.41811773104137845,0.205133318901062,0.3641027808189392
529,0.2580423737650826,0.4180391016801198,0.20506219565868378,0.364034503698349
530,0.2579627049536932,0.41787337851524353,0.20499128103256226,0.3638790547847748
531,0.25788282932553974,0.41779463887214663,0.20492011308670044,0.36381056904792786
532,0.25780334546452477,0.4176552868419223,0.2048492729663849,0.3636813759803772
533,0.25772404696827844,0.41752581151326496,0.20477864146232605,0.36356210708618164
534,0.25764472406818756,0.41741683430141874,0.20470784604549408,0.3634631633758545
535,0.25756568576608385,0.4172842650678423,0.20463739335536957,0.36334070563316345
536,0.25748665867533005,0.41717727658483716,0.2045668065547943,0.3632436692714691
537,0.2574080851702463,0.41707063823276097,0.20449669659137726,0.3631470203399658
538,0.25732955489272163,0.4169112119409773,0.204426571726799,0.36299750208854675
539,0.2572510329655239,0.41683660984039306,0.20435643196105957,0.36293280124664307
540,0.25717281339849746,0.4166757253805796,0.20428653061389923,0.36278173327445984
541,0.2570947595437368,0.41660066215197245,0.20421674847602844,0.3627164661884308
542,0.25701695171991984,0.416462840769026,0.20414716005325317,0.3625883460044861
543,0.25693935578777677,0.4163379589451684,0.2040777951478958,0.3624732196331024
544,0.25686197207087563,0.41623317352930705,0.204008549451828,0.3623780608177185
545,0.2567849376315162,0.41610361149575975,0.20393967628479004,0.3622581660747528
546,0.25670774795327866,0.4159980669286516,0.2038705199956894,0.36216214299201965
547,0.25663116816111975,0.415870440085729,0.20380204916000366,0.3620441257953644
548,0.2565544589190256,0.41576609653896757,0.20373328030109406,0.36194920539855957
549,0.25647811131817955,0.4156621985965305,0.20366491377353668,0.36185479164123535
550,0.25640181930859884,0.4155090490182241,0.2035965621471405,0.3617110550403595
551,0.2563257609662556,0.4154360223611196,0.20352837443351746,0.3616473972797394
552,0.25625001481033505,0.41527853735287984,0.2034604698419571,0.36149922013282776
553,0.25617437042508806,0.4152046003871494,0.20339268445968628,0.3614346385002136
554,0.2560990632772446,0.41506935612360635,0.20332513749599457,0.36130863428115845
555,0.25602428643476394,0.4149247110949622,0.2032582312822342,0.3611733615398407
556,0.2559489821479434,0.41483138193024527,0.20319056510925293,0.36108914017677307
557,0.25587436086790905,0.4146656199031406,0.20312383770942688,0.36093276739120483
558,0.25579922409284683,0.41458171719974946,0.2030562460422516,0.36085787415504456
559,0.25572501012824833,0.4144554632504781,0.20298965275287628,0.3607407212257385
560,0.2556504945414407,0.4143112925688426,0.20292285084724426,0.36060574650764465
561,0.255576119525092,0.41423120527797275,0.20285597443580627,0.3605346381664276
562,0.25550219661848883,0.4140800476604038,0.2027895152568817,0.36039239168167114
563,0.25542848020508174,0.41396769783231946,0.2027234137058258,0.36028915643692017
564,0.2553543878964015,0.41383553661240474,0.20265668630599976,0.3601658046245575
565,0.2552810537474496,0.41375587887234155,0.20259076356887817,0.3600950241088867
566,0.2552079489287876,0.4135788075129191,0.2025250643491745,0.35992681980133057
567,0.25513443555150717,0.41352859126196967,0.20245882868766785,0.3598853349685669
568,0.2550617984817142,0.4133573049439324,0.20239359140396118,0.35972291231155396
569,0.25498889531408037,0.4132651805612776,0.2023279368877411,0.3596394956111908
570,0.25491634756042847,0.41315132636494106,0.20226255059242249,0.35953423380851746
571,0.2548438209352039,0.4130086991786957,0.20219731330871582,0.35940036177635193
572,0.25477134801092605,0.4129327462249332,0.20213189721107483,0.3593328893184662
573,0.2546997470571881,0.41277466252115036,0.2020675390958786,0.35918352007865906
574,0.2546274689095361,0.4126989961730109,0.20200224220752716,0.35911625623703003
575,0.254554998199145,0.4125691645410326,0.20193691551685333,0.3589950203895569
576,0.2544829875344322,0.4124470634990268,0.201871857047081,0.35888129472732544
577,0.25441165364923934,0.4123373464743296,0.20180760324001312,0.3587801158428192
578,0.25433979559512365,0.4122102177672916,0.20174260437488556,0.3586612641811371
579,0.2542677286011832,0.41212060054143274,0.20167750120162964,0.3585800528526306
580,0.2541967391513643,0.41201700425148013,0.20161330699920654,0.3584846556186676
581,0.25412533509731294,0.41185487315389846,0.20154891908168793,0.35833099484443665
582,0.254053430449395,0.4117830259799957,0.20148368179798126,0.358267217874527
583,0.25398202016807736,0.4116302827994029,0.2014191597700119,0.3581227958202362
584,0.2539105469158718,0.41156274750497607,0.20135432481765747,0.35806331038475037
585,0.2538400921083632,0.4114021243784163,0.20129071176052094,0.35791096091270447
586,0.25376885833626706,0.41133334970474245,0.20122604072093964,0.3578501343727112
587,0.2536980520373299,0.411204041507509,0.2011619657278061,0.3577289879322052
588,0.25362716352939607,0.41109014950858225,0.20109762251377106,0.35762304067611694
589,0.2535571720429829,0.4109825557867686,0.2010342925786972,0.35752353072166443
590,0.253486785423188,0.410863357729382,0.2009703814983368,0.357412189245224
591,0.2534164522715977,0.41076132562425405,0.2009066343307495,0.3573181629180908
592,0.25334626697926294,0.41064700640572444,0.20084287226200104,0.3572116494178772
593,0.2532766029040019,0.4105406577852037,0.2007797360420227,0.357113242149353
594,0.25320649571645826,0.41044655685954623,0.20071595907211304,0.3570268452167511
595,0.25313659903549013,0.41029729967647127,0.2006525844335556,0.35688552260398865
596,0.25306643837974185,0.41023287455240887,0.2005886435508728,0.3568286895751953
597,0.2529973365352267,0.41007525719536675,0.20052602887153625,0.35667896270751953
598,0.25292746661390575,0.41001118773884243,0.20046232640743256,0.3566224277019501
599,0.25285792059557777,0.40988173982832166,0.20039914548397064,0.3565007448196411
600,0.2527886888867333,0.4097706287437015,0.20033609867095947,0.35639718174934387
601,0.2527204883098602,0.4096688686211904,0.20027419924736023,0.3563031256198883
602,0.2526519630920319,0.4095554690096114,0.20021174848079681,0.35619714856147766
603,0.25258337942191533,0.4094603962103526,0.20014940202236176,0.35610970854759216
604,0.2525154513120651,0.4093712408807543,0.20008747279644012,0.35602790117263794
605,0.2524476432402929,0.40921757939126757,0.20002593100070953,0.3558818995952606
606,0.25237963587329504,0.4091641388469272,0.19996385276317596,0.3558357357978821
607,0.2523121112471535,0.4090092779530419,0.1999024897813797,0.3556884229183197
608,0.25224445421922775,0.40895131566789417,0.19984070956707,0.35563766956329346
609,0.2521768925019673,0.40879999589920046,0.19977925717830658,0.35549384355545044
610,0.2521092877898897,0.40874601499239605,0.1997174769639969,0.35544702410697937
611,0.25204241332553684,0.40861126335461934,0.1996566653251648,0.35531970858573914
612,0.2519754602511724,0.4085109541151259,0.19959549605846405,0.3552265167236328
613,0.25190796934990656,0.4084119179778629,0.19953396916389465,0.3551348149776459
614,0.2518410329761959,0.4083050502671136,0.19947277009487152,0.3550350069999695
615,0.251774092679932,0.40820285579893323,0.1994117647409439,0.35494011640548706
616,0.25170753243423644,0.4081189150015513,0.19935084879398346,0.35486313700675964
617,0.25164031081540245,0.40797598218917847,0.19928951561450958,0.35472744703292847
618,0.2515738243375506,0.40791899286376104,0.19922864437103271,0.3546774089336395
619,0.251507298321951,0.40777074042956035,0.19916793704032898,0.3545363247394562
620,0.25144096265520366,0.4077058684825897,0.19910717010498047,0.3544783294200897
621,0.25137466121855234,0.4075851351949904,0.19904661178588867,0.35436469316482544
622,0.25130839678219385,0.4074830503198836,0.19898590445518494,0.35426947474479675
623,0.2512423141116188,0.4073872569402059,0.19892549514770508,0.3541806936264038
624,0.25117673291478837,0.4072821939786275,0.1988653838634491,0.3540824055671692
625,0.25111041034970966,0.407186756266488,0.19880467653274536,0.3539939224720001
626,0.25104473393304005,0.4070939684708913,0.19874447584152222,0.35390791296958923
627,0.250979391569183,0.40695861260096233,0.19868473708629608,0.35377949476242065
628,0.25091386628718604,0.40690348227818807,0.19862453639507294,0.3537309765815735
629,0.2508483054808208,0.4067554875479804,0.1985645443201065,0.35358989238739014
630,0.25078270749251047,0.40670836869875593,0.1985042244195938,0.3535493314266205
631,0.2507173919791267,0.4065826750331455,0.1984443962574005,0.35343044996261597
632,0.25065229883080437,0.4064647708468967,0.198384627699852,0.3533191680908203
633,0.25058737688405175,0.40639257182015315,0.19832508265972137,0.35325366258621216
634,0.2505225032397679,0.40626229770978295,0.19826549291610718,0.35312995314598083
635,0.25045732903480533,0.40619566708140903,0.1982056200504303,0.353069931268692
636,0.25039265418052675,0.4060853246582879,0.19814619421958923,0.3529661297798157
637,0.25032792045956564,0.4059727991686927,0.19808673858642578,0.3528601825237274
638,0.25026306711492086,0.40589115246136986,0.19802702963352203,0.3527849614620209
639,0.2501983424822489,0.4057664608425564,0.19796758890151978,0.35266685485839844
640,0.2501334084045319,0.4057099742624495,0.19790767133235931,0.35261663794517517
641,0.250067699557259,0.4055858164098528,0.19784721732139587,0.3524990379810333
642,0.2500019117764064,0.40546581893497047,0.19778650999069214,0.35238540172576904
643,0.24993691375709715,0.40540191621250576,0.19772659242153168,0.3523278534412384
644,0.24987168640749796,0.40525500724050734,0.1976664513349533,0.35218730568885803
645,0.2498056877965019,0.40520504397816126,0.1976054459810257,0.35214361548423767
646,0.24973985203674862,0.40504904601309033,0.19754467904567719,0.35199394822120667
647,0.24967352338631948,0.4050103305445777,0.19748325645923615,0.3519614040851593
648,0.24960635740984055,0.40485511154598663,0.1974211186170578,0.351812481880188
649,0.24953939562184468,0.40478809208340116,0.19735901057720184,0.35175156593322754
650,0.2494704541932969,0.4046607139905294,0.19729501008987427,0.35163038969039917
651,0.24940176608448938,0.40453827630149,0.197231262922287,0.35151416063308716
652,0.2493319643111456,0.404456934955385,0.19716620445251465,0.3514387905597687
653,0.2492616487003508,0.40432663962576126,0.19710081815719604,0.3513146936893463
654,0.24919125415597643,0.40419837586085,0.19703517854213715,0.3511924147605896
655,0.2491212997720355,0.40410480931070114,0.19697006046772003,0.3511049449443817
656,0.24905109672886985,0.40397926309373644,0.1969045251607895,0.3509852886199951
657,0.24898074255103156,0.40387942520777387,0.19683898985385895,0.3508915305137634
658,0.24891065617970057,0.4037428317864736,0.19677358865737915,0.3507608473300934
659,0.24884075009822845,0.403655122200648,0.19670842587947845,0.3506791293621063
660,0.24877084286439988,0.40353088943163556,0.19664309918880463,0.3505606949329376
661,0.24870039706570762,0.4034349117543962,0.19657738506793976,0.3504706919193268
662,0.2486306661083585,0.4033117281330956,0.19651225209236145,0.35035333037376404
663,0.24856104928538914,0.4032018254597982,0.19644726812839508,0.3502492904663086
664,0.24849162470159075,0.4030931528939141,0.19638241827487946,0.35014641284942627
665,0.2484223880200159,0.4029841653505961,0.19631776213645935,0.35004323720932007
666,0.24835330870037986,0.4028677313327789,0.19625324010849,0.34993258118629456
667,0.2482846691267831,0.4027738259103563,0.19618910551071167,0.34984439611434937
668,0.24821586310295832,0.402653260257509,0.1961248219013214,0.3497295677661896
669,0.24814765820049103,0.40256595471170215,0.19606110453605652,0.34964796900749207
670,0.24807925958292826,0.4024204885959625,0.1959971934556961,0.3495081961154938
671,0.24801102086475918,0.4023564993540446,0.19593340158462524,0.34944987297058105
672,0.24794305290494645,0.40220573663711545,0.19586986303329468,0.349304735660553
673,0.2478751768895558,0.40213935107654997,0.19580639898777008,0.34924396872520447
674,0.2478072463444301,0.40201450424724156,0.19574284553527832,0.3491246998310089
675,0.24773919077714285,0.4019092801941766,0.195679172873497,0.34902507066726685
676,0.24767131001041048,0.4018064119550917,0.19561563432216644,0.34892773628234863
677,0.2476040823573158,0.40169520513216656,0.1955527663230896,0.34882208704948425
678,0.24753653047766006,0.4016057365205553,0.19548948109149933,0.34873807430267334
679,0.24746968116646723,0.40148373786608377,0.19542698562145233,0.3486216366291046
680,0.24740271476904552,0.4014035561614566,0.19536422193050385,0.3485468327999115
681,0.24733650800727663,0.401302953614129,0.1953023225069046,0.34845173358917236
682,0.24727120546499887,0.4011777263217502,0.19524125754833221,0.34833192825317383
683,0.24720653130894615,0.4011221010155148,0.19518080353736877,0.34828171133995056
684,0.24714213118666695,0.4009836455980937,0.19512061774730682,0.3481486439704895
685,0.247078225340162,0.4009148117966122,0.19506090879440308,0.3480851948261261
686,0.24701431801773252,0.4007942791779836,0.19500114023685455,0.34796997904777527
687,0.24695071019445147,0.4006854276392195,0.19494172930717468,0.3478665053844452
688,0.24688654553890227,0.40059364551968046,0.19488166272640228,0.3477799892425537
689,0.2468232458886646,0.4004840605258942,0.1948224902153015,0.34767571091651917
690,0.2467595755088897,0.4003900371657477,0.19476290047168732,0.3475869297981262
691,0.24669656405562446,0.4003003310362498,0.19470398128032684,0.3475024998188019
692,0.2466328754992712,0.40016462779045103,0.19464436173439026,0.34737202525138855
693,0.24656976407482512,0.4001014675034417,0.19458527863025665,0.3473140597343445
694,0.24650667082695735,0.39995208909776475,0.19452622532844543,0.3471698760986328
695,0.24644393119357882,0.39989918152491255,0.1944674849510193,0.3471221327781677
696,0.24638081903117043,0.39974226384692724,0.1944083720445633,0.3469703793525696
697,0.24631821530773526,0.3996950831413269,0.1943497210741043,0.34692829847335815
698,0.24625695015135265,0.3995506601333618,0.19429242610931396,0.34678900241851807
699,0.24619619089648836,0.39949677390522426,0.19423560798168182,0.3467402160167694
700,0.24613538620017825,0.39936860137515595,0.1941787153482437,0.34661710262298584
701,0.24607480248383112,0.3992787410683102,0.1941220611333847,0.34653231501579285
702,0.24601421401614235,0.39918957442707487,0.19406533241271973,0.34644815325737
703,0.2459540533451807,0.39906915995809766,0.19400909543037415,0.3463328182697296
704,0.24589349066643487,0.3989973627196418,0.19395235180854797,0.346265971660614
705,0.2458337017865408,0.3988775484032101,0.19389645755290985,0.346151202917099
706,0.24577348363399507,0.39880356346236334,0.19384001195430756,0.3460821211338043
707,0.24571380667459397,0.39870244341426425,0.1937841773033142,0.3459859788417816
708,0.24565377969968888,0.39858698987960817,0.19372794032096863,0.34587544202804565
709,0.24559421466078077,0.39851878926489087,0.19367216527462006,0.3458121716976166
710,0.24553458927926564,0.39838959079318575,0.19361630082130432,0.3456878662109375
711,0.2454753622157233,0.3983314255343543,0.19356079399585724,0.3456345498561859
712,0.24541596870195298,0.39820419812202457,0.19350513815879822,0.34551218152046204
713,0.24535681614421662,0.3981339331203037,0.1934497058391571,0.34544676542282104
714,0.2452977133648736,0.39803629745377433,0.19339428842067719,0.3453539311885834
715,0.2452389780396507,0.39792073292202423,0.1933392733335495,0.3452432155609131
716,0.24517987632183802,0.3978525407049391,0.1932837814092636,0.3451797366142273
717,0.24512108065400806,0.39773146345880295,0.19322867691516876,0.3450634777545929
718,0.24506216356300173,0.3976632218095991,0.1931733638048172,0.34499993920326233
719,0.24500370988391695,0.3975440363883972,0.19311857223510742,0.34488552808761597
720,0.2449451224179495,0.3974754148059421,0.19306354224681854,0.344821572303772
721,0.24488678974764688,0.39737567138671875,0.19300882518291473,0.3447265625
722,0.24482658133052643,0.39725830337736345,0.19295218586921692,0.34461385011672974
723,0.24476223219008672,0.39716787399186027,0.19289135932922363,0.34452804923057556
724,0.24468425683748155,0.3970072412225935,0.19281688332557678,0.3443720042705536
725,0.2445875525247483,0.3968293705781301,0.19272363185882568,0.34419867396354675
726,0.2444914700474058,0.3966294144524468,0.19263096153736115,0.34400320053100586
727,0.2443963619584129,0.39646962168481614,0.1925392597913742,0.3438479006290436
728,0.2443008209977831,0.3962572786808014,0.19244709610939026,0.343639999628067
729,0.24420662114166078,0.39609388393825956,0.19235627353191376,0.34348106384277344
730,0.24411211924893517,0.3959146852228377,0.1922651082277298,0.3433062732219696
731,0.24401788959049042,0.39572227319081626,0.1921742558479309,0.3431183099746704
732,0.24392330664112455,0.3955526187154982,0.1920829862356186,0.34295302629470825
733,0.24382854234036944,0.39536536998218963,0.19199155271053314,0.34277018904685974
734,0.24375489224706376,0.39522838224305046,0.191921204328537,0.3426375687122345
735,0.2436905561174665,0.3951542367140452,0.19186019897460938,0.3425678312778473
736,0.24363425171375275,0.3950238907867008,0.19180722534656525,0.3424418866634369
737,0.2435790714479628,0.39499951781166925,0.19175539910793304,0.3424219489097595
738,0.24352356990746088,0.3948756477302975,0.19170327484607697,0.342302531003952
739,0.24346848813692729,0.39482596919271684,0.19165155291557312,0.3422572910785675
740,0.24341327806881496,0.39470204022195604,0.19159969687461853,0.34213778376579285
741,0.24335840671403067,0.39466257513893976,0.19154813885688782,0.34210270643234253
742,0.24330327876408894,0.39455616119172837,0.19149631261825562,0.34200066328048706
743,0.24324860366185508,0.39447368529107835,0.19144493341445923,0.3419225513935089
744,0.2431934956879843,0.39439446873135037,0.19139309227466583,0.34184765815734863
745,0.24313910043239595,0.3943164239194658,0.19134198129177094,0.34177395701408386
746,0.2430843500863938,0.39421353414323596,0.1912904977798462,0.34167540073394775
747,0.24302987958703723,0.3941561132536994,0.19123928248882294,0.3416222929954529
748,0.24297517574401128,0.3940433237552643,0.1911877989768982,0.3415137827396393
749,0.2429207517476309,0.39399305007192825,0.19113658368587494,0.3414677679538727
750,0.24286626487118856,0.3938923576407962,0.19108529388904572,0.3413713276386261
751,0.24281213889803205,0.39380673840310837,0.19103437662124634,0.3412899672985077
752,0.24275743611653647,0.3937328762743208,0.19098281860351562,0.34122028946876526
753,0.2427035874525706,0.3936568466027578,0.19093218445777893,0.3411485254764557
754,0.24264912890252613,0.39354555614789327,0.19088086485862732,0.3410414159297943
755,0.24259530201412383,0.39349626808696325,0.19083017110824585,0.34099629521369934
756,0.24254092050734022,0.3933801435894436,0.190778911113739,0.34088432788848877
757,0.24248703581378572,0.39333265116479665,0.1907281130552292,0.3408409655094147
758,0.24243297230629693,0.39323337925804985,0.19067713618278503,0.34074580669403076
759,0.24237925553889503,0.39314760976367524,0.19062654674053192,0.34066420793533325
760,0.24232506880873725,0.393071932554245,0.19057540595531464,0.3405925929546356
761,0.24227153593017942,0.39297610415352713,0.19052496552467346,0.3405008912086487
762,0.24221754799002693,0.3929072490003374,0.1904739886522293,0.34043607115745544
763,0.24216409141676767,0.3928316246138679,0.19042357802391052,0.3403645157814026
764,0.24211013327893757,0.39272296033965215,0.19037263095378876,0.3402598798274994
765,0.24205680680274963,0.39267039081785415,0.19032230973243713,0.34021133184432983
766,0.24200306636946542,0.3925566831694709,0.19027158617973328,0.3401016592979431
767,0.24194967955067043,0.3925080150763194,0.1902211755514145,0.34005698561668396
768,0.24189608992849077,0.39240473288959926,0.190170556306839,0.33995768427848816
769,0.24184287283534095,0.3923199809657203,0.19012030959129333,0.3398769199848175
770,0.24178937695707595,0.3922464368608263,0.19006972014904022,0.33980727195739746
771,0.24173620710486457,0.39215279777844747,0.19001950323581696,0.3397175967693329
772,0.2416826996008555,0.3920837002860175,0.18996891379356384,0.339652419090271
773,0.24162974925268263,0.39200476802719963,0.1899188756942749,0.33957740664482117
774,0.24157640492348442,0.39189609376589457,0.18986842036247253,0.33947262167930603
775,0.24152351999282837,0.39184759985076056,0.18981844186782837,0.33942803740501404
776,0.241470246894019,0.3917239255640242,0.18976804614067078,0.3393082320690155
777,0.2414173099710828,0.3916759099165599,0.18971796333789825,0.33926406502723694
778,0.24136403613431112,0.39156189907921685,0.18966753780841827,0.33915388584136963
779,0.24131115300314768,0.39151277057329814,0.18961751461029053,0.3391086161136627
780,0.2412579703728358,0.39141078095965914,0.18956713378429413,0.33901041746139526
781,0.24120525622935524,0.3913251886897617,0.18951724469661713,0.3389286398887634
782,0.2411521332036881,0.39124952469931706,0.1894669234752655,0.3388567566871643
783,0.24109944812456768,0.3911543103853862,0.1894170343875885,0.33876532316207886
784,0.24104625820545922,0.3910893136660258,0.18936659395694733,0.33870404958724976
785,0.2409936319930213,0.3910066732565562,0.1893167346715927,0.3386251628398895
786,0.24094071610768636,0.39089797009362115,0.18926656246185303,0.3385201692581177
787,0.2408881047964096,0.3908451191584269,0.1892167180776596,0.33847105503082275
788,0.2408352750426247,0.390722594499588,0.1891666203737259,0.338352233171463
789,0.24078268952029092,0.3906793440183004,0.18911676108837128,0.33831268548965454
790,0.24073003456706094,0.39057459921307036,0.1890667974948883,0.3382115960121155
791,0.24067746394588835,0.39049027434984845,0.18901695311069489,0.33813098073005676
792,0.2406247544629233,0.3904100183116065,0.18896690011024475,0.3380543291568756
793,0.24057245787552425,0.3903210978243086,0.18891732394695282,0.3379690945148468
794,0.24051974765459697,0.3902447100215488,0.1888672411441803,0.33789628744125366
795,0.24046746195497967,0.3901689364645216,0.18881763517856598,0.33782416582107544
796,0.24041503485611507,0.39005344801478914,0.18876783549785614,0.33771225810050964
797,0.2403627484185355,0.39000797128677367,0.18871819972991943,0.33767038583755493
798,0.240310264252481,0.38988508240381875,0.18866832554340363,0.3375510573387146
799,0.24025809628622874,0.3898385565280914,0.18861877918243408,0.33750811219215393
800,0.24020575785636902,0.3897172444926368,0.18856903910636902,0.33739033341407776
801,0.24015386646134512,0.3896705073250665,0.18851974606513977,0.337347149848938
802,0.24010142879826682,0.3895665077633328,0.18846987187862396,0.3372466564178467
803,0.2400495613926933,0.38948108718130325,0.1884206086397171,0.3371647894382477
804,0.23999725382668632,0.38940377836757234,0.18837082386016846,0.33709093928337097
805,0.23994540385972885,0.3893103315035502,0.1883215606212616,0.3370010256767273
806,0.23989321804046632,0.38923519558376735,0.1882718801498413,0.3369293212890625
807,0.23984152469748543,0.3891609462367164,0.1882227212190628,0.3368585407733917
808,0.23978940757115683,0.38904697450002035,0.1881731152534485,0.33674800395965576
809,0.23973764225982486,0.38899711362520856,0.18812386691570282,0.3367016017436981
810,0.23968563197907947,0.3888758308622572,0.18807435035705566,0.3365837335586548
811,0.23963400331565313,0.38882849711842005,0.18802522122859955,0.3365398347377777
812,0.23958210823081788,0.38872450041770934,0.18797577917575836,0.33643922209739685
813,0.23953051264513106,0.3886416754987505,0.18792669475078583,0.33635982871055603
814,0.23947868879068465,0.38856150441699555,0.18787731230258942,0.33628302812576294
815,0.2394271844114576,0.38846895858976577,0.18782827258110046,0.33619385957717896
816,0.23937532747927165,0.388393039782842,0.18777884542942047,0.3361212909221649
817,0.23932396228540512,0.38831420034832426,0.18772991001605988,0.3360458016395569
818,0.23927213515554155,0.3882079427772098,0.18768051266670227,0.3359428942203522
819,0.2392207997639974,0.3881499751408895,0.18763160705566406,0.3358882665634155
820,0.23916921285220555,0.3880347749127282,0.18758240342140198,0.33577635884284973
821,0.23911779640402114,0.3879813311629825,0.1875333935022354,0.33572623133659363
822,0.2390664479108084,0.38786669378810457,0.18748442828655243,0.3356148898601532
823,0.23901506633985609,0.3878127312660217,0.18743541836738586,0.33556419610977173
824,0.23896352666900272,0.3877139460510678,0.18738624453544617,0.33546867966651917
825,0.23891249691304706,0.38762452822261384,0.18733759224414825,0.3353825509548187
826,0.23886098630655378,0.387552449994617,0.18728841841220856,0.33531370759010315
827,0.23880978534902844,0.38744548002878826,0.18723954260349274,0.3352099657058716
828,0.2387585131611143,0.3873833029535082,0.18719060719013214,0.3351510167121887
829,0.2387073569070725,0.3872977940506405,0.1871417760848999,0.3350687325000763
830,0.23865628350916362,0.3871930335627662,0.18709300458431244,0.33496716618537903
831,0.23860518939722153,0.3871343142721388,0.18704421818256378,0.33491164445877075
832,0.23855416979108537,0.38702287128236557,0.1869955062866211,0.33480340242385864
833,0.23850320905163175,0.38696700694825914,0.1869468241930008,0.3347507119178772
834,0.23845213745321547,0.38686907940440707,0.18689800798892975,0.33465591073036194
835,0.2384011709008898,0.3867747402720981,0.18684932589530945,0.334564745426178
836,0.2383501887094407,0.38670970092879403,0.18680059909820557,0.33450284600257874
837,0.23829945402485983,0.3866014976501465,0.18675212562084198,0.3343977928161621
838,0.23824849836031597,0.3865421377023061,0.1867034137248993,0.33434155583381653
839,0.23819781926700045,0.38642887285020616,0.1866549551486969,0.3342313766479492
840,0.23814708384445735,0.38637730487187705,0.18660645186901093,0.3341829180717468
841,0.23809607365017846,0.38627878877851696,0.18655765056610107,0.3340874910354614
842,0.2380452902487346,0.3861824414730072,0.18650908768177032,0.3339942395687103
843,0.23799439271291098,0.38611262912220423,0.18646037578582764,0.3339274823665619
844,0.23794376086053393,0.3860121068159739,0.18641194701194763,0.3338300287723541
845,0.23789280953293757,0.3859449604352315,0.18636317551136017,0.3337659239768982
846,0.23784233176708222,0.3858573730521732,0.18631486594676971,0.3336813747882843
847,0.2377917289790653,0.38575673225190904,0.1862664371728897,0.3335837721824646
848,0.23774124466237567,0.3856917323536343,0.18621809780597687,0.3335217833518982
849,0.2376907785222644,0.3855862277083927,0.1861697882413864,0.3334192931652069
850,0.2376402106114796,0.38552312231063846,0.1861213594675064,0.3333591818809509
851,0.23758991345905123,0.38543454949061073,0.1860731840133667,0.33327358961105347
852,0.23753951854932875,0.38533618116378787,0.18602493405342102,0.33317822217941284
853,0.23748905093329292,0.3852678780290816,0.1859765648841858,0.3331128656864166
854,0.2374388431878317,0.38516589416397945,0.18592847883701324,0.3330138623714447
855,0.23738846170334588,0.38509703495767383,0.18588018417358398,0.3329479396343231
856,0.23733837570462907,0.38499924715360007,0.1858322024345398,0.3328531086444855
857,0.23728796695527576,0.38492791167895,0.18578386306762695,0.3327846825122833
858,0.23723783297765821,0.38484758196936714,0.185735821723938,0.3327072858810425
859,0.23718763284456162,0.3847412253750695,0.18568769097328186,0.3326038420200348
860,0.23713771255811056,0.3846860495408376,0.18563982844352722,0.3325515687465668
861,0.23708746444611323,0.38457094462712604,0.18559163808822632,0.3324393630027771
862,0.23703739768550508,0.3845113221804301,0.18554361164569855,0.3323826193809509
863,0.236987417056447,0.3844216759469774,0.18549565970897675,0.33229583501815796
864,0.23693770211083548,0.38432396274142794,0.18544799089431763,0.3322010040283203
865,0.23688794753665016,0.38425764565997655,0.18540024757385254,0.3321375250816345
866,0.2368385124376842,0.3841587505340576,0.1853528469800949,0.33204150199890137
867,0.23678873059863137,0.38409144390953914,0.18530505895614624,0.3319770097732544
868,0.2367392467828024,0.38400499063067967,0.18525756895542145,0.3318933844566345
869,0.23668974552835736,0.3839056261645423,0.18521007895469666,0.3317968547344208
870,0.23664027587572734,0.3838417177200317,0.18516257405281067,0.3317357301712036
871,0.23659100648902712,0.38373980720837914,0.1851152926683426,0.3316366374492645
872,0.23654161134220306,0.38367644537819756,0.18506786227226257,0.33157604932785034
873,0.23649247279053642,0.38359127770529855,0.18502070009708405,0.33149367570877075
874,0.23644314306122916,0.3834910504023234,0.1849733293056488,0.331396222114563
875,0.2363939648809887,0.38342833137512206,0.1849260926246643,0.33133625984191895
876,0.2363446467774255,0.3833249253961775,0.18487872183322906,0.3312356173992157
877,0.23629530722186678,0.38326196188396877,0.18483130633831024,0.33117538690567017
878,0.23624620027201515,0.3831559008227454,0.18478412926197052,0.331072062253952
879,0.2361968425398781,0.38309709000587466,0.1847366839647293,0.3310159742832184
880,0.23614780354499817,0.3830092686812083,0.18468955159187317,0.3309308588504791
881,0.23609872312205177,0.38291133080588446,0.18464238941669464,0.33083564043045044
882,0.23604959725765956,0.38284754032558865,0.18459515273571014,0.33077454566955566
883,0.2360006592954908,0.382742712047365,0.18454810976982117,0.33067241311073303
884,0.2359516046614874,0.38268439234627616,0.18450093269348145,0.3306167721748352
885,0.2359027139402571,0.3825966347323524,0.18445391952991486,0.33053168654441833
886,0.23585371891089849,0.3824996912214491,0.1844068020582199,0.33043742179870605
887,0.23580481582596188,0.38243252433670893,0.18435975909233093,0.3303728997707367
888,0.2357558978398641,0.3823329853481717,0.18431270122528076,0.3302760124206543
889,0.2357069078854152,0.3822690804799398,0.18426555395126343,0.3302147388458252
890,0.2356582159541902,0.3821695516639286,0.18421870470046997,0.3301178514957428
891,0.2356092732406798,0.3821052465173933,0.18417158722877502,0.33005616068840027
892,0.23556048281419845,0.38202043398221336,0.1841246336698532,0.329973965883255
893,0.23551167421113878,0.38191950517230566,0.184077650308609,0.329875648021698
894,0.2354629964431127,0.3818640750514136,0.18403078615665436,0.3298228085041046
895,0.23541402646473475,0.3817547853522831,0.18398362398147583,0.32971611618995667
896,0.23536517823310127,0.38169631271892124,0.18393656611442566,0.32966020703315735
897,0.23531645502362933,0.3816066634654999,0.18388962745666504,0.3295731246471405
898,0.23526760679199582,0.3815124476750692,0.18384256958961487,0.32948148250579834
899,0.23521875200952802,0.38144708802964955,0.1837954819202423,0.3294186592102051
900,0.2351698856013162,0.38134776319397823,0.18374839425086975,0.32932189106941223
901,0.23512092323530287,0.3812836159865062,0.18370118737220764,0.3292602598667145
902,0.23507211315631865,0.38118049340777926,0.18365414440631866,0.329159677028656
903,0.23502323364643823,0.38111943279372323,0.18360699713230133,0.3291011154651642
904,0.2349744973352977,0.38103398709826997,0.18355999886989594,0.32901817560195923
905,0.23492568651835125,0.3809372395409478,0.18351292610168457,0.32892394065856934
906,0.23487684843653725,0.3808732522328695,0.18346580862998962,0.32886242866516113
907,0.23482829675220307,0.3807710644139184,0.18341898918151855,0.3287627398967743
908,0.23477925259158725,0.38070808092753095,0.1833716481924057,0.3287022113800049
909,0.23473039633319492,0.38062508312861126,0.18332450091838837,0.32862168550491333
910,0.2346815458876746,0.3805247769620683,0.18327735364437103,0.3285238444805145
911,0.23463275758425395,0.3804614229996999,0.18323025107383728,0.3284629285335541
912,0.23458412156786237,0.38035562035772535,0.18318331241607666,0.32835957407951355
913,0.23453535979134696,0.38029904169506495,0.1831362247467041,0.3283054232597351
914,0.23448675611473266,0.38019153086344404,0.18308930099010468,0.3282003402709961
915,0.23443802086512247,0.3801352041827308,0.1830422282218933,0.32814642786979675
916,0.23438949423176902,0.3800475586520301,0.18299536406993866,0.32806119322776794
917,0.2343408276750928,0.37995412468910217,0.18294836580753326,0.3279701769351959
918,0.23429204117116476,0.3798842684692807,0.18290121853351593,0.3279027044773102
919,0.23424340695426576,0.37978936473528546,0.18285423517227173,0.3278101980686188
920,0.23419456665856497,0.37972238649262324,0.18280702829360962,0.32774558663368225
921,0.23414625699179514,0.3796238238546583,0.1827603578567505,0.32764941453933716
922,0.2340974134206772,0.3795587401125166,0.18271313607692719,0.32758668065071106
923,0.23404891838913872,0.37947770195537145,0.18266625702381134,0.32750800251960754
924,0.23400062034811292,0.37937866319550406,0.1826195865869522,0.32741132378578186
925,0.23395221144812448,0.3793168909019894,0.18257278203964233,0.3273518979549408
926,0.23390392503284274,0.3792111635737949,0.1825261116027832,0.3272485136985779
927,0.2338555873632431,0.37915659398502777,0.1824793666601181,0.32719627022743225
928,0.2338073987052554,0.3790657285584344,0.18243277072906494,0.3271077275276184
929,0.23375922822384607,0.37897794561915926,0.18238620460033417,0.3270222842693329
930,0.23371083348705654,0.3789094258679284,0.1823393851518631,0.3269560635089874
931,0.23366296356632596,0.3788088814682431,0.182293102145195,0.3268578350543976
932,0.23361504566669464,0.3787519250180986,0.18224675953388214,0.32680317759513855
933,0.23356750938438234,0.37864566535419886,0.18220080435276031,0.32669922709465027
934,0.23351983571620216,0.3785898515648312,0.18215470016002655,0.32664570212364197
935,0.23347227216902233,0.3785042354530758,0.18210870027542114,0.32656237483024597
936,0.23342512331690107,0.3784168210294512,0.18206313252449036,0.3264772593975067
937,0.23337748780137016,0.37835021273295083,0.18201704323291779,0.3264129161834717
938,0.23333025789260864,0.3782510135438707,0.18197137117385864,0.3263159990310669
939,0.23328302470843,0.3781993131902483,0.1819256842136383,0.3262665569782257
940,0.2332360299428304,0.37810695907804703,0.18188023567199707,0.3261764645576477
941,0.23318889525390807,0.3780211248927646,0.1818346530199051,0.3260928988456726
942,0.23314203713621412,0.37795737155278525,0.1817893236875534,0.3260313868522644
943,0.2330953701961608,0.3778667425844404,0.18174420297145844,0.3259430229663849
944,0.23304836306685495,0.37780100266138716,0.1816987246274948,0.3258795142173767
945,0.2330017284665789,0.37770672835244073,0.18165361881256104,0.3257874846458435
946,0.23295501027220772,0.377650263733334,0.1816084235906601,0.3257332444190979
947,0.2329083516824813,0.3775614039897919,0.18156328797340393,0.32564660906791687
948,0.2328618388289497,0.377479256550471,0.1815182864665985,0.32556667923927307
949,0.232815173688389,0.3774155405097538,0.18147312104701996,0.32550516724586487
950,0.2327688636382421,0.37732462440596687,0.18142832815647125,0.3254164755344391
951,0.23272201059545788,0.3772590179708269,0.18138296902179718,0.32535305619239807
952,0.23267575359912146,0.3771839208337996,0.18133820593357086,0.32528015971183777
953,0.23262924328304474,0.3770885052945879,0.18129318952560425,0.32518693804740906
954,0.2325829441206796,0.3770347175333235,0.18124836683273315,0.32513532042503357
955,0.23253676744302115,0.37693322910202876,0.1812036782503128,0.32503601908683777
956,0.23249055768762317,0.3768822129567464,0.18115894496440887,0.32498717308044434
957,0.23244439263570876,0.37677614853117203,0.18111425638198853,0.32488328218460083
958,0.2323982690118608,0.3767330503463745,0.18106959760189056,0.32484233379364014
959,0.2323520559810457,0.3766428014967177,0.18102484941482544,0.3247542381286621
960,0.2323059770606813,0.3765533837212457,0.18098023533821106,0.32466697692871094
961,0.23225982035909382,0.3764967390431298,0.18093553185462952,0.32461246848106384
962,0.23221381266911825,0.3763987151781718,0.1808909773826599,0.3245165944099426
963,0.23216777190140314,0.37634864735603335,0.18084637820720673,0.3244686424732208
964,0.23212193974994477,0.37624032884173925,0.18080198764801025,0.32436245679855347
965,0.23207604799384163,0.3761949928071764,0.180757537484169,0.3243192434310913
966,0.23202996506009782,0.37611179836591085,0.18071287870407104,0.3242381513118744
967,0.2319840791168667,0.3760190868112776,0.1806684285402298,0.3241475522518158
968,0.23193824041457403,0.37596018465360004,0.18062400817871094,0.32409074902534485
969,0.23189244060289294,0.3758637613720364,0.18057963252067566,0.3239964246749878
970,0.2318466284275055,0.3758142340977987,0.180535227060318,0.3239489793777466
971,0.2318009445496968,0.37571129428015815,0.18049095571041107,0.3238481283187866
972,0.2317552664847601,0.3756622438430786,0.18044668436050415,0.3238011598587036
973,0.23170940633047193,0.3755727123949263,0.1804022192955017,0.3237136900424957
974,0.2316637845947629,0.37548477670881486,0.18035799264907837,0.3236278295516968
975,0.2316180585509255,0.3754277927875519,0.18031366169452667,0.32357290387153625
976,0.23157239792460488,0.3753332051171197,0.18026939034461975,0.32348036766052246
977,0.23152680852867308,0.3752773936589559,0.1802251785993576,0.32342660427093506
978,0.23148143683728717,0.3751764878961775,0.18018119037151337,0.3233277499675751
979,0.2314358532542274,0.37512897843784754,0.18013697862625122,0.32328227162361145
980,0.23139039796874636,0.37503846083747017,0.18009290099143982,0.3231937885284424
981,0.23134507351829892,0.37495982758204144,0.18004894256591797,0.323117196559906
982,0.231299486659822,0.37489350679185657,0.18000471591949463,0.32305288314819336
983,0.23125413240705217,0.37479649906688267,0.1799607276916504,0.3229579031467438
984,0.23120871199880327,0.374746337917116,0.179916650056839,0.32290974259376526
985,0.23116354818571183,0.37464642312791613,0.17987284064292908,0.3228118419647217
986,0.2311181724809465,0.37459787808524236,0.17982880771160126,0.3227652907371521
987,0.23107293669950393,0.3745102025932736,0.17978490889072418,0.3226796090602875
988,0.23102783830392928,0.3744260336028205,0.17974115908145905,0.3225974440574646
989,0.2309824088073912,0.37436364743444656,0.17969706654548645,0.32253703474998474
990,0.2309372293551763,0.3742739027341207,0.17965321242809296,0.322449266910553
991,0.230892106232189,0.37421551685863075,0.17960940301418304,0.32239285111427307
992,0.23084709978103637,0.374122404495875,0.17956572771072388,0.3223017156124115
993,0.2308017589535032,0.3740673470232222,0.17952169477939606,0.3222486078739166
994,0.23075686843622298,0.37398816251754763,0.17947812378406525,0.3221713900566101
995,0.23071185543423606,0.3738936731815338,0.1794344186782837,0.3220788538455963
996,0.23066690784976596,0.3738467619154188,0.1793907731771469,0.3220338821411133
997,0.23062190066065108,0.37374408711327445,0.17934706807136536,0.32193315029144287
998,0.23057689928440822,0.37369050351778665,0.1793033629655838,0.321881502866745
999,0.2305320022162937,0.373587660074234,0.1792597621679306,0.32178059220314026
1000,0.23048697357518333,0.37353928581873574,0.17921601235866547,0.32173413038253784
1001,0.230442171726908,0.37345993338690864,0.17917250096797943,0.3216567039489746
1002,0.2303974560101827,0.37336619321505227,0.17912906408309937,0.3215648829936981
1003,0.23035266578765143,0.3733182727760739,0.17908555269241333,0.3215188682079315
1004,0.23030778288273585,0.37321551606390213,0.17904193699359894,0.32141801714897156
1005,0.23026309369291578,0.37316865226957535,0.17899851500988007,0.3213730454444885
1006,0.23021835979961214,0.37306381278567846,0.1789550483226776,0.3212701082229614
1007,0.23017373021443685,0.3730173994170295,0.17891168594360352,0.3212255835533142
1008,0.23012892435278212,0.3729350844224294,0.1788681298494339,0.3211451470851898
1009,0.23008431548164004,0.3728435537285275,0.178824782371521,0.32105550169944763
1010,0.23003971496082487,0.37279156125916374,0.1787814199924469,0.32100537419319153
1011,0.2299952369247164,0.37269326882892184,0.17873819172382355,0.32090896368026733
1012,0.22995057098638444,0.37264101152949863,0.17869476974010468,0.32085856795310974
1013,0.2299060838619868,0.37253803406821356,0.17865152657032013,0.3207574486732483
1014,0.22986174828665598,0.37249147918489245,0.17860841751098633,0.32071274518966675
1015,0.2298169896659397,0.3724098239474827,0.1785648912191391,0.3206329345703125
1016,0.2297726242882865,0.37231766812006634,0.1785217523574829,0.3205426335334778
1017,0.22972816041537694,0.37226711365911697,0.17847850918769836,0.3204939067363739
1018,0.22968375033424016,0.37216748762130736,0.1784353256225586,0.3203961253166199
1019,0.2296393369776862,0.37211839686499704,0.17839212715625763,0.320348858833313
1020,0.22959499812693823,0.37201544653044805,0.17834900319576263,0.32024773955345154
1021,0.22955065018790108,0.37196513387891983,0.17830586433410645,0.32019925117492676
1022,0.22950644217218671,0.3718861385451423,0.178262859582901,0.3201220631599426
1023,0.22946212403547195,0.37179722849527996,0.1782197505235672,0.3200349807739258
1024,0.22941788875489008,0.3717399760087331,0.17817670106887817,0.3199795186519623
1025,0.229373853740238,0.3716453574763404,0.17813387513160706,0.319886714220047
1026,0.22932941565627143,0.37158995951546564,0.17809061706066132,0.31983309984207153
1027,0.22928528795923506,0.37149332798851864,0.17804768681526184,0.3197382688522339
1028,0.22924113299733118,0.3714449071619246,0.17800471186637878,0.31969162821769714
1029,0.2291970765306836,0.37135693187183805,0.17796184122562408,0.31960543990135193
1030,0.22915310619558607,0.3712779006693098,0.17791904509067535,0.319528192281723
1031,0.22910882874897548,0.37121695001920063,0.17787593603134155,0.31946900486946106
1032,0.22906491801852272,0.37112123629781935,0.1778331995010376,0.31937506794929504
1033,0.22902087899049123,0.37107256759537594,0.1777903288602829,0.3193281590938568
1034,0.2289769591717493,0.3709664068222046,0.17774757742881775,0.3192237615585327
1035,0.22893302117642902,0.3709239735868242,0.1777047961950302,0.3191830813884735
1036,0.22888900867530276,0.3708372872935401,0.1776619404554367,0.3190981447696686
1037,0.2288450557788213,0.37075125665134856,0.17761914432048798,0.3190138638019562
1038,0.2288010847057615,0.37069459486007694,0.17757631838321686,0.31895893812179565
1039,0.22875737604073115,0.3705985276169247,0.17753376066684723,0.3188646137714386
1040,0.2287135299898329,0.3705492866039276,0.17749105393886566,0.3188171088695526
1041,0.22866976753302984,0.37044810692469277,0.17744843661785126,0.3187176585197449
1042,0.22862602579025995,0.37040257496303985,0.17740583419799805,0.31867384910583496
1043,0.22858211104642778,0.3703116574552324,0.1773630529642105,0.3185846507549286
1044,0.2285383900176911,0.3702294422255622,0.1773204654455185,0.3185041546821594
1045,0.22849474021934327,0.37017344019148085,0.17727793753147125,0.31844985485076904
1046,0.22845106970696222,0.37007844315634836,0.17723539471626282,0.31835657358169556
1047,0.22840741990861438,0.37002477248509724,0.17719286680221558,0.3183045983314514
1048,0.2283640830346516,0.3699330537054274,0.1771506518125534,0.3182145953178406
1049,0.22832047466437022,0.36987242285410565,0.17710815370082855,0.3181556463241577
1050,0.2282773224172138,0.3698033443821801,0.1770661175251007,0.31808826327323914
1051,0.22823364535399845,0.36970882829030355,0.17702354490756989,0.31799542903900146
1052,0.22819027540229617,0.36965362146165637,0.17698128521442413,0.31794190406799316
1053,0.2281469170763379,0.3695616751511892,0.17693902552127838,0.31785163283348083
1054,0.22810373756431399,0.369511548280716,0.17689694464206696,0.31780317425727844
1055,0.2280604537441617,0.36940630674362185,0.17685475945472717,0.3176996111869812
1056,0.22801714593455905,0.3693646241029104,0.176812544465065,0.3176595866680145
1057,0.22797382322379522,0.36926234994994267,0.17677031457424164,0.31755897402763367
1058,0.22793049723761422,0.36921432619624667,0.17672806978225708,0.3175126016139984
1059,0.22788738895597913,0.36913062228096855,0.17668604850769043,0.3174305558204651
1060,0.22784422106969923,0.3690481802357568,0.176643967628479,0.31734976172447205
1061,0.22780113022668022,0.3689898320304023,0.17660194635391235,0.31729304790496826
1062,0.22775808154968988,0.36889631976021664,0.17655998468399048,0.3172011971473694
1063,0.22771475810096378,0.3688470978471968,0.17651772499084473,0.31715360283851624
1064,0.22767181626955668,0.3687472715907627,0.17647585272789001,0.3170554041862488
1065,0.22762865673360372,0.36870151013798186,0.1764337569475174,0.3170112669467926
1066,0.227585744704519,0.3686147339079115,0.17639191448688507,0.31692612171173096
1067,0.22754257608027684,0.36853396150800916,0.17634980380535126,0.31684696674346924
1068,0.22749974109445298,0.36847417333390975,0.1763080209493637,0.31678879261016846
1069,0.22745670658066158,0.36838732804192437,0.17626604437828064,0.31670355796813965
1070,0.22741383270422616,0.3683268909984165,0.1762242168188095,0.31664472818374634
1071,0.22737090249856312,0.3682371880743239,0.1761823445558548,0.3165566325187683
1072,0.2273280286221277,0.36818638396263126,0.17614051699638367,0.3165074288845062
1073,0.22728509186563037,0.36810524786843196,0.17609861493110657,0.31642788648605347
1074,0.22724227759383975,0.3680220222208235,0.1760568469762802,0.31634625792503357
1075,0.22719938554082597,0.36795982755555046,0.1760149896144867,0.316285640001297
1076,0.2271568064121973,0.3678750589688619,0.17597344517707825,0.31620246171951294
1077,0.2271138158639272,0.36781543069415623,0.17593148350715637,0.3161444067955017
1078,0.22707136503287723,0.3677241882218255,0.17589007318019867,0.3160547614097595
1079,0.22702829089051202,0.36766609342892964,0.17584802210330963,0.31599822640419006
1080,0.22698573828878857,0.36758995805846323,0.17580649256706238,0.31592366099357605
1081,0.22694307229064759,0.3675034284591675,0.17576484382152557,0.31583869457244873
1082,0.22690051968892416,0.36745138014687434,0.17572331428527832,0.315788209438324
1083,0.2268578744048164,0.3673532642258538,0.1756816804409027,0.31569164991378784
1084,0.22681534251712618,0.3673086434735192,0.17564016580581665,0.3156485855579376
1085,0.2267727121341796,0.3672031067742242,0.17559854686260223,0.31554460525512695
1086,0.22673011736642745,0.36715921823183695,0.1755569577217102,0.31550225615501404
1087,0.22668770722548168,0.3670593541463216,0.1755155473947525,0.31540393829345703
1088,0.22664524656818028,0.3670127535925971,0.17547409236431122,0.31535887718200684
1089,0.22660256820633298,0.3669282214641571,0.17543241381645203,0.3152758777141571
1090,0.2265603368793215,0.3668485701349047,0.17539118230342865,0.31519776582717896
1091,0.22651777445134663,0.3667872973812951,0.17534960806369781,0.3151380121707916
1092,0.22647560272897993,0.366701602962282,0.1753084361553192,0.3150538504123688
1093,0.22643294761862073,0.3666420357227326,0.17526675760746002,0.31499579548835754
1094,0.2263907072033201,0.3665556660228305,0.17522551119327545,0.3149109482765198
1095,0.22634864232653662,0.36648153222931756,0.175184428691864,0.31483832001686096
1096,0.2263062496242069,0.3664356110625797,0.1751430183649063,0.3147939145565033
1097,0.22626392233939396,0.3663281216886308,0.17510166764259338,0.31468793749809265
1098,0.22622184256144934,0.3662874328825209,0.17506057024002075,0.31464874744415283
1099,0.2261798398267655,0.36617021171251934,0.1750195324420929,0.3145330250263214
1100,0.2261372145187287,0.36614395740297107,0.1749778836965561,0.31450825929641724
1101,0.22609525976294564,0.36603742509418064,0.174936905503273,0.314403235912323
1102,0.22605336133639017,0.3659780637953016,0.1748959720134735,0.3143453598022461
1103,0.22601071785177504,0.36591652692688836,0.17485429346561432,0.3142853081226349
1104,0.22596857191835132,0.36582217770152625,0.17481310665607452,0.31419244408607483
1105,0.2259268134151186,0.3657545747227139,0.17477230727672577,0.31412631273269653
1106,0.22588441997482664,0.3656829680601756,0.17473086714744568,0.3140561878681183
1107,0.22584237834953128,0.3656245143943363,0.17468978464603424,0.313999205827713
1108,0.22580088479178292,0.36551435708999636,0.17464923858642578,0.3138905167579651
1109,0.2257585360549745,0.36548910999298095,0.17460784316062927,0.3138667345046997
1110,0.22571637194497246,0.3653808932304382,0.1745666265487671,0.313759982585907
1111,0.22567427325248718,0.3653333011733161,0.17452546954154968,0.31371384859085083
1112,0.22563245186919256,0.36525274774763317,0.17448459565639496,0.3136347532272339
1113,0.2255906064964476,0.3651703465779622,0.17444369196891785,0.3135538101196289
1114,0.22554883235409146,0.3651014066007402,0.1744028478860855,0.3134863078594208
1115,0.22550691247554053,0.36503093314170837,0.17436186969280243,0.3134172856807709
1116,0.22546515323434557,0.3649517113632626,0.1743210405111313,0.313339501619339
1117,0.22542322426750547,0.3648876487943861,0.174280047416687,0.31327688694000244
1118,0.22538143194857096,0.3648067716492547,0.1742391735315323,0.31319743394851685
1119,0.22533944337708608,0.36475515021218197,0.17419812083244324,0.31314724683761597
1120,0.2252976510581516,0.3646531364387936,0.1741572469472885,0.3130466639995575
1121,0.22525605245431263,0.3646103764639961,0.1741165667772293,0.31300532817840576
1122,0.22521455815860203,0.36449535263909233,0.17407599091529846,0.31289172172546387
1123,0.22517258702573323,0.36447229878107706,0.1740349382162094,0.3128700852394104
1124,0.22513116396041144,0.36434958595699735,0.17399442195892334,0.3127487897872925
1125,0.22508927314622063,0.36432454212506615,0.17395344376564026,0.31272515654563904
1126,0.22504779047625406,0.3642069620821211,0.1739128679037094,0.3126089870929718
1127,0.2250059890690304,0.3641800474855635,0.1738719791173935,0.31258347630500793
1128,0.2249644079038075,0.36407675631841024,0.1738312989473343,0.3124815821647644
1129,0.2249225734188443,0.3640194467438592,0.1737903654575348,0.3124256730079651
1130,0.22488095336300987,0.36394692174593607,0.173749640583992,0.31235453486442566
1131,0.22483962551752726,0.36386815110842385,0.1737092137336731,0.3122771680355072
1132,0.22479802617572603,0.36379116593466865,0.1736685037612915,0.3122015595436096
1133,0.22475646572453634,0.3637282636960347,0.1736278384923935,0.3121400475502014
1134,0.22471480677809033,0.3636586031119029,0.17358706891536713,0.3120717704296112
1135,0.22467363956996372,0.3635945521460639,0.17354679107666016,0.3120090961456299
1136,0.2246320609421957,0.36349902992778355,0.17350609600543976,0.31191495060920715
1137,0.2245906909306844,0.36345587717162237,0.17346560955047607,0.3118731677532196
1138,0.22454960404123578,0.3633442982832591,0.17342540621757507,0.3117629587650299
1139,0.22450812972159612,0.363317447397444,0.17338481545448303,0.3117374777793884
1140,0.22446700394153596,0.36319883516099716,0.17334456741809845,0.31162023544311523
1141,0.22442552380902425,0.3631758057541318,0.1733039766550064,0.3115985691547394
1142,0.22438447834764208,0.36305549817615085,0.1732638031244278,0.3114796280860901
1143,0.22434306035723006,0.36303155167897544,0.17322325706481934,0.3114570379257202
1144,0.22430205378645943,0.3629283574157291,0.1731831282377243,0.31135520339012146
1145,0.22426068958782014,0.3628680222829183,0.17314264178276062,0.3112962245941162
1146,0.22421929812431335,0.36279869702127243,0.17310211062431335,0.3112282454967499
1147,0.22417871459892819,0.3627081755267249,0.17306239902973175,0.3111390769481659
1148,0.22413711451916468,0.3626631161371867,0.17302165925502777,0.31109535694122314
1149,0.22409644739968437,0.3625602036582099,0.172981858253479,0.3109937906265259
1150,0.22405503522214434,0.36252128693792557,0.17294131219387054,0.310956209897995
1151,0.22401429940973008,0.36243128903706867,0.1729014366865158,0.3108675479888916
1152,0.22397290467080616,0.3623604872226715,0.17286089062690735,0.3107980787754059
1153,0.22393231787000384,0.36229105631510417,0.17282116413116455,0.31072998046875
1154,0.22389096783456347,0.36221483386887443,0.17278066277503967,0.3106550872325897
1155,0.22385038103376115,0.362147168080012,0.17274093627929688,0.3105887472629547
1156,0.2238090815146764,0.3620728929572635,0.17270047962665558,0.31051579117774963
1157,0.2237684020314898,0.3620024955272675,0.17266064882278442,0.31044670939445496
1158,0.2237273856344677,0.36194333357281155,0.1726204752922058,0.31038886308670044
1159,0.22368676575592586,0.36184298141797383,0.17258070409297943,0.31028982996940613
1160,0.22364562106132507,0.3618029993110233,0.17254039645195007,0.3102511465549469
1161,0.22360521561191196,0.361697219742669,0.1725008338689804,0.310146689414978
1162,0.22356401712553842,0.36166328411632115,0.17246046662330627,0.3101140558719635
1163,0.22352361748899732,0.3615539418326484,0.1724209040403366,0.3100060224533081
1164,0.2234823950131734,0.3615162910885281,0.1723805069923401,0.3099696636199951
1165,0.22344204008011592,0.361409694009357,0.172340989112854,0.3098643720149994
1166,0.22340101131938753,0.3613742588096195,0.172300785779953,0.3098302185535431
1167,0.22336074579329718,0.3612810795572069,0.17226135730743408,0.3097383379936218
1168,0.22331963343847366,0.3612141101095412,0.17222106456756592,0.30967265367507935
1169,0.22327929594403223,0.36114293514357676,0.17218154668807983,0.3096027672290802
1170,0.2232383267879486,0.3610670913855235,0.1721414029598236,0.3095282018184662
1171,0.2231980281841187,0.36099947306844926,0.1721019297838211,0.3094618618488312
1172,0.22315724946771348,0.3609258082707723,0.1720619648694992,0.30938947200775146
1173,0.2231168283791769,0.36085384220547145,0.17202235758304596,0.30931878089904785
1174,0.22307610926741644,0.3607960688273112,0.17198245227336884,0.3092622756958008
1175,0.22303564347539628,0.36070764848921033,0.171942800283432,0.30917513370513916
1176,0.22299527871608735,0.3606406695842743,0.17190323770046234,0.3091094195842743
1177,0.22295466391245525,0.3605697533819411,0.17186343669891357,0.30903977155685425
1178,0.22291420974617912,0.36049670497576397,0.17182378470897675,0.3089679777622223
1179,0.22287380355880373,0.3604276101059384,0.1717841923236847,0.3089001476764679
1180,0.22283337010656085,0.36035007172160677,0.17174455523490906,0.3088238537311554
1181,0.22279288613796233,0.3602860764397515,0.17170487344264984,0.3087611198425293
1182,0.2227523483775911,0.3602204027705722,0.17166513204574585,0.3086966872215271
1183,0.22271238013676234,0.36014029460483127,0.17162597179412842,0.30861783027648926
1184,0.22267163048471722,0.3600682960616218,0.17158600687980652,0.30854707956314087
1185,0.2226317425625665,0.359997585799959,0.17154692113399506,0.30847761034965515
1186,0.22259098709764935,0.3599262232780457,0.17150695621967316,0.3084074854850769
1187,0.22255085748150236,0.35987128522661,0.1714676171541214,0.3083537817001343
1188,0.22251071877706619,0.35976532559924657,0.17142826318740845,0.3082490563392639
1189,0.2224703714563733,0.35973878577020435,0.17138870060443878,0.30822375416755676
1190,0.22243036686238787,0.35961771975623236,0.17134948074817657,0.30810391902923584
1191,0.22238989451953342,0.35959592866897583,0.17130979895591736,0.30808335542678833
1192,0.22234982123261407,0.3594926052093506,0.17127050459384918,0.3079812526702881
1193,0.22230952442827678,0.3594361011981964,0.1712309867143631,0.3079259693622589
1194,0.22226948675655184,0.3593568085829417,0.1711917221546173,0.30784788727760315
1195,0.22222938366731007,0.3592924035655128,0.17115239799022675,0.30778470635414124
1196,0.222189182082812,0.3592129653294881,0.17111296951770782,0.30770647525787354
1197,0.22214917421340943,0.3591534512837728,0.17107373476028442,0.3076481819152832
1198,0.22210915725571767,0.35907187406222024,0.17103448510169983,0.3075678050518036
1199,0.22206900946299235,0.35902477134598626,0.17099511623382568,0.30752190947532654
1200,0.22202888819717226,0.35892277275191414,0.17095576226711273,0.30742111802101135
