scene_id,target_log_exposure,acceptable_min_log_exposure,acceptable_max_log_exposure,hdr_benefit_if_static,hdr_enable_if_static,hdr_ratio_class,hdr_anchor_log_exposure,label_confidence,label_source,hdr_label_mask,hdr_ratio_mask
Scene4_t000,13.287712379549449,11.287712379549449,14.287712379549449,,,,,0.8,human_review,0,0
Scene4_t001,13.287712379549449,11.287712379549449,14.287712379549449,,,,,0.8,human_review,0,0
Scene4_t002,13.287712379549449,11.287712379549449,14.287712379549449,,,,,0.8,human_review,0,0
Scene4_t003,13.287712379549449,11.287712379549449,14.287712379549449,,,,,0.8,human_review,0,0
Scene4_t004,13.287712379549449,11.287712379549449,14.287712379549449,,,,,0.8,human_review,0,0
Scene4_t005,13.287712379549449,11.287712379549449,14.287712379549449,,,,,0.8,human_review,0,0
Scene4_t006,13.287712379549449,11.287712379549449,14.287712379549449,,,,,0.8,human_review,0,0
Scene4_t007,13.287712379549449,11.287712379549449,14.287712379549449,,,,,0.8,human_review,0,0
Scene4_t008,13.287712379549449,11.287712379549449,14.287712379549449,,,,,0.8,human_review,0,0
Scene4_t009,13.287712379549449,11.287712379549449,14.287712379549449,,,,,0.8,human_review,0,0
Scene4_t010,13.287712379549449,11.287712379549449,14.287712379549449,,,,,0.8,human_review,0,0
Scene4_t011,13.287712379549449,11.287712379549449,14.287712379549449,,,,,0.8,human_review,0,0
Scene4_t012,13.287712379549449,11.287712379549449,14.287712379549449,,,,,0.8,human_review,0,0
Scene4_t013,13.287712379549449,11.287712379549449,14.287712379549449,,,,,0.8,human_review,0,0
Scene4_t014,13.287712379549449,11.287712379549449,14.287712379549449,,,,,0.8,human_review,0,0
Scene4_t015,13.287712379549449,11.287712379549449,14.287712379549449,,,,,0.8,human_review,0,0
Scene4_t016,13.287712379549449,11.287712379549449,14.287712379549449,,,,,0.8,human_review,0,0
Scene4_t017,13.287712379549449,11.287712379549449,14.287712379549449,,,,,0.8,human_review,0,0
Scene4_t018,13.287712379549449,11.287712379549449,14.287712379549449,,,,,0.8,human_review,0,0
Scene4_t019,13.287712379549449,11.287712379549449,14.287712379549449,,,,,0.8,human_review,0,0
Scene4_t020,13.287712379549449,11.287712379549449,14.287712379549449,,,,,0.8,human_review,0,0
Scene4_t021,13.287712379549449,11.287712379549449,14.287712379549449,,,,,0.8,human_review,0,0
Scene4_t022,13.287712379549449,11.287712379549449,14.287712379549449,,,,,0.8,human_review,0,0
Scene4_t023,13.287712379549449,11.287712379549449,14.287712379549449,,,,,0.8,human_review,0,0
Scene4_t024,13.287712379549449,11.287712379549449,14.287712379549449,,,,,0.8,human_review,0,0
Scene4_t025,13.287712379549449,11.287712379549449,14.287712379549449,,,,,0.8,human_review,0,0
Scene4_t026,13.287712379549449,11.287712379549449,14.287712379549449,,,,,0.8,human_review,0,0
Scene4_t027,13.287712379549449,11.287712379549449,14.287712379549449,,,,,0.8,human_review,0,0
Scene4_t028,13.287712379549449,11.287712379549449,14.287712379549449,,,,,0.8,human_review,0,0
Scene4_t029,13.287712379549449,11.287712379549449,14.287712379549449,,,,,0.8,human_review,0,0
Scene4_t030,14.287712379549449,12.287712379549449,15.287712379549449,,,,,0.8,human_review,0,0
Scene4_t031,14.287712379549449,13.287712379549449,15.872674880270605,,,,,0.8,human_review,0,0
Scene4_t032,14.287712379549449,12.287712379549449,15.872674880270605,,,,,0.8,human_review,0,0
Scene4_t033,14.287712379549449,12.287712379549449,15.872674880270605,,,,,0.8,human_review,0,0
Scene4_t034,14.287712379549449,12.287712379549449,15.872674880270605,,,,,0.8,human_review,0,0
Scene4_t035,14.287712379549449,12.287712379549449,15.872674880270605,,,,,0.8,human_review,0,0
Scene4_t036,14.287712379549449,12.287712379549449,15.872674880270605,,,,,0.8,human_review,0,0
Scene4_t037,14.287712379549449,12.287712379549449,15.872674880270605,,,,,0.8,human_review,0,0
Scene4_t038,14.287712379549449,12.287712379549449,15.872674880270605,,,,,0.8,human_review,0,0
Scene4_t039,14.287712379549449,12.287712379549449,15.872674880270605,,,,,0.8,human_review,0,0
Scene4_t040,14.287712379549449,12.287712379549449,15.872674880270605,,,,,0.8,human_review,0,0
Scene4_t041,14.287712379549449,12.287712379549449,15.872674880270605,,,,,0.8,human_review,0,0
Scene4_t042,14.287712379549449,12.287712379549449,15.872674880270605,,,,,0.8,human_review,0,0
Scene4_t043,14.287712379549449,12.287712379549449,15.872674880270605,,,,,0.8,human_review,0,0
Scene4_t044,14.287712379549449,12.287712379549449,15.872674880270605,,,,,0.8,human_review,0,0
Scene4_t045,14.287712379549449,12.287712379549449,15.872674880270605,,,,,0.8,human_review,0,0
Scene4_t046,14.287712379549449,12.287712379549449,15.872674880270605,,,,,0.8,human_review,0,0
Scene4_t047,14.287712379549449,12.287712379549449,15.872674880270605,,,,,0.8,human_review,0,0
Scene4_t048,14.287712379549449,12.287712379549449,15.872674880270605,,,,,0.8,human_review,0,0
Scene4_t049,14.287712379549449,12.287712379549449,15.872674880270605,,,,,0.8,human_review,0,0
Scene4_t050,12.287712379549449,11.287712379549449,14.287712379549449,,,,,0.8,human_review,0,0
Scene4_t051,12.287712379549449,11.287712379549449,14.287712379549449,,,,,0.8,human_review,0,0
Scene4_t052,13.287712379549449,11.287712379549449,14.287712379549449,,,,,0.8,human_review,0,0
Scene4_t053,13.287712379549449,11.287712379549449,14.287712379549449,,,,,0.8,human_review,0,0
Scene4_t054,13.287712379549449,11.287712379549449,14.287712379549449,,,,,0.8,human_review,0,0
Scene4_t055,13.287712379549449,11.287712379549449,14.287712379549449,,,,,0.8,human_review,0,0
Scene4_t056,13.287712379549449,11.287712379549449,14.287712379549449,,,,,0.8,human_review,0,0
Scene4_t057,13.287712379549449,11.287712379549449,14.287712379549449,,,,,0.8,human_review,0,0
Scene4_t058,13.287712379549449,11.287712379549449,14.287712379549449,,,,,0.8,human_review,0,0
Scene4_t059,13.287712379549449,11.287712379549449,14.287712379549449,,,,,0.8,human_review,0,0
Scene4_t060,13.287712379549449,11.287712379549449,14.287712379549449,,,,,0.8,human_review,0,0
Scene4_t061,13.287712379549449,11.287712379549449,14.287712379549449,,,,,0.8,human_review,0,0
Scene4_t062,13.287712379549449,11.287712379549449,14.287712379549449,,,,,0.8,human_review,0,0
Scene4_t063,13.287712379549449,11.287712379549449,14.287712379549449,,,,,0.8,human_review,0,0
Scene4_t064,13.287712379549449,11.287712379549449,14.287712379549449,,,,,0.8,human_review,0,0
Scene4_t065,13.287712379549449,11.287712379549449,14.287712379549449,,,,,0.8,human_review,0,0
Scene4_t066,13.287712379549449,11.287712379549449,14.287712379549449,,,,,0.8,human_review,0,0
Scene4_t067,13.287712379549449,11.287712379549449,14.287712379549449,,,,,0.8,human_review,0,0
Scene4_t068,13.287712379549449,11.287712379549449,14.287712379549449,,,,,0.8,human_review,0,0
Scene4_t069,13.287712379549449,11.287712379549449,14.287712379549449,,,,,0.8,human_review,0,0
Scene4_t070,13.287712379549449,11.287712379549449,14.287712379549449,,,,,0.8,human_review,0,0
Scene4_t071,13.287712379549449,11.287712379549449,14.287712379549449,,,,,0.8,human_review,0,0
Scene4_t072,13.287712379549449,11.287712379549449,14.287712379549449,,,,,0.8,human_review,0,0
Scene4_t073,13.287712379549449,11.287712379549449,14.287712379549449,,,,,0.8,human_review,0,0
Scene4_t074,13.287712379549449,11.287712379549449,14.287712379549449,,,,,0.8,human_review,0,0
Scene4_t075,14.287712379549449,12.287712379549449,15.872674880270605,,,,,0.8,human_review,0,0
Scene4_t076,14.287712379549449,12.287712379549449,15.872674880270605,,,,,0.8,human_review,0,0
Scene4_t077,14.287712379549449,12.287712379549449,15.872674880270605,,,,,0.8,human_review,0,0
Scene4_t078,14.287712379549449,12.287712379549449,15.872674880270605,,,,,0.8,human_review,0,0
Scene4_t079,14.287712379549449,12.287712379549449,15.872674880270605,,,,,0.8,human_review,0,0
Scene4_t080,14.287712379549449,12.287712379549449,15.872674880270605,,,,,0.8,human_review,0,0
Scene4_t081,14.287712379549449,12.287712379549449,15.872674880270605,,,,,0.8,human_review,0,0
Scene4_t082,14.287712379549449,12.287712379549449,15.872674880270605,,,,,0.8,human_review,0,0
Scene4_t083,14.287712379549449,12.287712379549449,15.872674880270605,,,,,0.8,human_review,0,0
Scene4_t084,14.287712379549449,13.287712379549449,15.872674880270605,,,,,0.8,human_review,0,0
Scene4_t085,14.287712379549449,12.287712379549449,15.872674880270605,,,,,0.8,human_review,0,0
Scene4_t086,14.287712379549449,12.287712379549449,15.872674880270605,,,,,0.8,human_review,0,0
Scene4_t087,14.287712379549449,12.287712379549449,15.872674880270605,,,,,0.8,human_review,0,0
Scene4_t088,14.287712379549449,12.287712379549449,15.872674880270605,,,,,0.8,human_review,0,0
Scene4_t089,14.287712379549449,12.287712379549449,15.872674880270605,,,,,0.8,human_review,0,0
Scene4_t090,12.287712379549449,11.287712379549449,13.287712379549449,,,,,0.8,human_review,0,0
Scene4_t091,12.287712379549449,11.287712379549449,13.287712379549449,,,,,0.8,human_review,0,0
Scene4_t092,12.287712379549449,11.287712379549449,13.287712379549449,,,,,0.8,human_review,0,0
Scene4_t093,12.287712379549449,11.287712379549449,13.287712379549449,,,,,0.8,human_review,0,0
Scene4_t094,12.287712379549449,11.287712379549449,13.287712379549449,,,,,0.8,human_review,0,0
Scene4_t095,12.287712379549449,11.287712379549449,13.287712379549449,,,,,0.8,human_review,0,0
Scene4_t096,12.287712379549449,11.287712379549449,13.287712379549449,,,,,0.8,human_review,0,0
Scene4_t097,13.287712379549449,11.287712379549449,14.287712379549449,,,,,0.8,human_review,0,0
Scene4_t098,13.287712379549449,11.287712379549449,14.287712379549449,,,,,0.8,human_review,0,0
Scene4_t099,13.287712379549449,11.287712379549449,14.287712379549449,,,,,0.8,human_review,0,0
