scene_key,scene_id,time_index,raw_count,reference_path,reference_present,camera_models,iso_values,aperture_values,min_exposure_seconds,max_exposure_seconds
001,SIHDR_001,0,5,input\raw\sihdr\reference\001.exr,1,Canon EOS 5D Mark III,100,11,0.000125,0.5
002,SIHDR_002,1,5,input\raw\sihdr\reference\002.exr,1,Canon EOS 5D Mark III,100,11,0.000125,0.5
003,SIHDR_003,2,5,input\raw\sihdr\reference\003.exr,1,Canon EOS 5D Mark III,200,11,0.000125,0.5
004,SIHDR_004,3,5,input\raw\sihdr\reference\004.exr,1,Canon EOS 5D Mark III,100,11,0.000125,0.5
005,SIHDR_005,4,5,input\raw\sihdr\reference\005.exr,1,Canon EOS 5D Mark III,100,11,0.000125,0.5
006,SIHDR_006,5,5,input\raw\sihdr\reference\006.exr,1,Canon EOS 5D Mark III,100,11,0.000125,0.5
007,SIHDR_007,6,5,input\raw\sihdr\reference\007.exr,1,Canon EOS 5D Mark III,200,11,0.00015625,0.6
008,SIHDR_008,7,5,input\raw\sihdr\reference\008.exr,1,Canon EOS 5D Mark III,100,22,0.000125,0.5
009,SIHDR_009,8,5,input\raw\sihdr\reference\009.exr,1,Canon EOS 5D Mark III,100,22,0.001,4.0
010,SIHDR_010,9,5,input\raw\sihdr\reference\010.exr,1,Canon EOS 5D Mark III,100,22,0.001,4.0
011,SIHDR_011,10,5,input\raw\sihdr\reference\011.exr,1,Canon EOS 5D Mark III,100,22,0.001,4.0
012,SIHDR_012,11,5,input\raw\sihdr\reference\012.exr,1,Canon EOS 5D Mark III,100,32,0.001,4.0
013,SIHDR_013,12,5,input\raw\sihdr\reference\013.exr,1,Canon EOS 5D Mark III,100,32,0.001,4.0
014,SIHDR_014,13,5,input\raw\sihdr\reference\014.exr,1,Canon EOS 5D Mark III,100,22,0.001,4.0
015,SIHDR_015,14,5,input\raw\sihdr\reference\015.exr,1,Canon EOS 5D Mark III,100,22,0.001,4.0
018,SIHDR_018,15,5,input\raw\sihdr\reference\018.exr,1,Canon EOS 5D Mark III,100,22,0.001,4.0
019,SIHDR_019,16,5,input\raw\sihdr\reference\019.exr,1,Canon EOS 5D Mark III,100,22,0.001,4.0
020,SIHDR_020,17,5,input\raw\sihdr\reference\020.exr,1,Canon EOS 5D Mark III,100,22,0.001,4.0
021,SIHDR_021,18,5,input\raw\sihdr\reference\021.exr,1,Canon EOS 5D Mark III,100,22,0.001,4.0
022,SIHDR_022,19,5,input\raw\sihdr\reference\022.exr,1,Canon EOS 5D Mark III,200,22,0.001,4.0
023,SIHDR_023,20,5,input\raw\sihdr\reference\023.exr,1,Canon EOS 5D Mark III,200,22,0.001,4.0
025,SIHDR_025,21,5,input\raw\sihdr\reference\025.exr,1,Canon EOS 5D Mark III,200,22,0.004,15.0
027,SIHDR_027,22,5,input\raw\sihdr\reference\027.exr,1,Canon EOS 5D Mark III,800,16,0.001,4.0
028,SIHDR_028,23,5,input\raw\sihdr\reference\028.exr,1,Canon EOS 5D Mark III,400,14,0.001,4.0
029,SIHDR_029,24,5,input\raw\sihdr\reference\029.exr,1,Canon EOS 5D Mark III,100,32,0.001,4.0
030,SIHDR_030,25,5,input\raw\sihdr\reference\030.exr,1,Canon EOS 5D Mark III,100,40,0.001,4.0
031,SIHDR_031,26,5,input\raw\sihdr\reference\031.exr,1,Canon EOS 5D Mark III,100,36,0.001,4.0
032,SIHDR_032,27,5,input\raw\sihdr\reference\032.exr,1,Canon EOS 5D Mark III,100,22,0.001,4.0
033,SIHDR_033,28,5,input\raw\sihdr\reference\033.exr,1,Canon EOS 5D Mark III,100,22,0.001,4.0
034,SIHDR_034,29,5,input\raw\sihdr\reference\034.exr,1,Canon EOS 5D Mark III,100,32,0.001,4.0
035,SIHDR_035,30,5,input\raw\sihdr\reference\035.exr,1,Canon EOS 5D Mark III,100,32,0.001,4.0
036,SIHDR_036,31,5,input\raw\sihdr\reference\036.exr,1,Canon EOS 5D Mark III,100,22,0.001,4.0
037,SIHDR_037,32,5,input\raw\sihdr\reference\037.exr,1,Canon EOS 5D Mark III,100,22,0.001,4.0
038,SIHDR_038,33,5,input\raw\sihdr\reference\038.exr,1,Canon EOS 5D Mark III,100,22,0.001,4.0
039,SIHDR_039,34,5,input\raw\sihdr\reference\039.exr,1,Canon EOS 5D Mark III,100,22,0.001,4.0
040,SIHDR_040,35,5,input\raw\sihdr\reference\040.exr,1,Canon EOS 5D Mark III,100,22,0.001,4.0
041,SIHDR_041,36,5,input\raw\sihdr\reference\041.exr,1,Canon EOS 5D Mark III,100,22,0.001,4.0
042,SIHDR_042,37,5,input\raw\sihdr\reference\042.exr,1,Canon EOS 5D Mark III,100,32,0.001,4.0
043,SIHDR_043,38,5,input\raw\sihdr\reference\043.exr,1,Canon EOS 5D Mark III,100,22,0.001,4.0
044,SIHDR_044,39,5,input\raw\sihdr\reference\044.exr,1,Canon EOS 5D Mark III,100,22,0.001,4.0
045,SIHDR_045,40,5,input\raw\sihdr\reference\045.exr,1,Canon EOS 5D Mark III,100,32,0.001,4.0
046,SIHDR_046,41,5,input\raw\sihdr\reference\046.exr,1,Canon EOS 5D Mark III,100,32,0.001,4.0
047,SIHDR_047,42,5,input\raw\sihdr\reference\047.exr,1,Canon EOS 5D Mark III,100,32,0.001,4.0
049,SIHDR_049,43,5,input\raw\sihdr\reference\049.exr,1,Canon EOS 5D Mark III,100,22,0.001,4.0
050,SIHDR_050,44,5,input\raw\sihdr\reference\050.exr,1,Canon EOS 5D Mark III,100,22,0.001,4.0
051,SIHDR_051,45,5,input\raw\sihdr\reference\051.exr,1,Canon EOS 5D Mark III,100,22,0.001,4.0
052,SIHDR_052,46,5,input\raw\sihdr\reference\052.exr,1,Canon EOS 5D Mark III,100,32,0.001,4.0
053,SIHDR_053,47,5,input\raw\sihdr\reference\053.exr,1,Canon EOS 5D Mark III,100,40,0.001,4.0
054,SIHDR_054,48,5,input\raw\sihdr\reference\054.exr,1,Canon EOS 5D Mark III,100,32,0.001,4.0
055,SIHDR_055,49,5,input\raw\sihdr\reference\055.exr,1,Canon EOS 5D Mark III,100,22,0.001,4.0
056,SIHDR_056,50,5,input\raw\sihdr\reference\056.exr,1,Canon EOS 5D Mark III,100,22,0.001,4.0
057,SIHDR_057,51,5,input\raw\sihdr\reference\057.exr,1,Canon EOS 5D Mark III,100,32,0.001,4.0
058,SIHDR_058,52,5,input\raw\sihdr\reference\058.exr,1,Canon EOS 5D Mark III,100,32,0.001,4.0
059,SIHDR_059,53,5,input\raw\sihdr\reference\059.exr,1,Canon EOS 5D Mark III,100,22,0.001,4.0
060,SIHDR_060,54,5,input\raw\sihdr\reference\060.exr,1,Canon EOS 5D Mark III,100,22,0.001,4.0
061,SIHDR_061,55,5,input\raw\sihdr\reference\061.exr,1,Canon EOS 5D Mark III,100,22,0.001,4.0
062,SIHDR_062,56,5,input\raw\sihdr\reference\062.exr,1,Canon EOS 5D Mark III,100,22,0.001,4.0
063,SIHDR_063,57,5,input\raw\sihdr\reference\063.exr,1,Canon EOS 5D Mark III,100,22,0.001,4.0
064,SIHDR_064,58,5,input\raw\sihdr\reference\064.exr,1,Canon EOS 5D Mark III,200,22,0.001,4.0
066,SIHDR_066,59,5,input\raw\sihdr\reference\066.exr,1,Canon EOS 5D Mark III,800,18,0.001,4.0
067,SIHDR_067,60,5,input\raw\sihdr\reference\067.exr,1,Canon EOS 5D Mark III,100,32,0.001,4.0
068,SIHDR_068,61,5,input\raw\sihdr\reference\068.exr,1,Canon EOS 5D Mark III,100,40,0.001,4.0
069,SIHDR_069,62,5,input\raw\sihdr\reference\069.exr,1,Canon EOS 5D Mark III,100,40,0.001,4.0
070,SIHDR_070,63,5,input\raw\sihdr\reference\070.exr,1,Canon EOS 5D Mark III,100,36,0.001,4.0
071,SIHDR_071,64,5,input\raw\sihdr\reference\071.exr,1,Canon EOS 5D Mark III,100,32,0.001,4.0
072,SIHDR_072,65,5,input\raw\sihdr\reference\072.exr,1,Canon EOS 5D Mark III,100,40,0.001,4.0
073,SIHDR_073,66,5,input\raw\sihdr\reference\073.exr,1,Canon EOS 5D Mark III,100,36,0.001,4.0
074,SIHDR_074,67,5,input\raw\sihdr\reference\074.exr,1,Canon EOS 5D Mark III,100,22,0.001,4.0
075,SIHDR_075,68,5,input\raw\sihdr\reference\075.exr,1,Canon EOS 5D Mark III,100,22,0.001,4.0
076,SIHDR_076,69,5,input\raw\sihdr\reference\076.exr,1,Canon EOS 5D Mark III,400,22,0.001,4.0
077,SIHDR_077,70,5,input\raw\sihdr\reference\077.exr,1,Canon EOS 5D Mark III,400,22,0.001,4.0
078,SIHDR_078,71,5,input\raw\sihdr\reference\078.exr,1,Canon EOS 5D Mark III,400,22,0.001,4.0
079,SIHDR_079,72,5,input\raw\sihdr\reference\079.exr,1,Canon EOS 5D Mark III,200,22,0.001,4.0
080,SIHDR_080,73,5,input\raw\sihdr\reference\080.exr,1,Canon EOS 5D Mark III,100,22,0.001,4.0
081,SIHDR_081,74,5,input\raw\sihdr\reference\081.exr,1,Canon EOS 5D Mark III,100,22,0.001,4.0
082,SIHDR_082,75,5,input\raw\sihdr\reference\082.exr,1,Canon EOS 5D Mark III,100,22,0.001,4.0
083,SIHDR_083,76,5,input\raw\sihdr\reference\083.exr,1,Canon EOS 5D Mark III,100,22,0.001,4.0
084,SIHDR_084,77,5,input\raw\sihdr\reference\084.exr,1,Canon EOS 5D Mark III,100,22,0.001,4.0
085,SIHDR_085,78,5,input\raw\sihdr\reference\085.exr,1,Canon EOS 5D Mark III,100,22,0.001,4.0
086,SIHDR_086,79,5,input\raw\sihdr\reference\086.exr,1,Canon EOS 5D Mark III,100,22,0.001,4.0
087,SIHDR_087,80,5,input\raw\sihdr\reference\087.exr,1,Canon EOS 5D Mark III,100,22,0.001,4.0
088,SIHDR_088,81,5,input\raw\sihdr\reference\088.exr,1,Canon EOS 5D Mark III,100,22,0.001,4.0
089,SIHDR_089,82,5,input\raw\sihdr\reference\089.exr,1,Canon EOS 5D Mark III,100,22,0.001,4.0
090,SIHDR_090,83,5,input\raw\sihdr\reference\090.exr,1,Canon EOS 5D Mark III,100,22,0.001,4.0
091,SIHDR_091,84,5,input\raw\sihdr\reference\091.exr,1,Canon EOS 5D Mark III,100,22,0.001,4.0
092,SIHDR_092,85,5,input\raw\sihdr\reference\092.exr,1,Canon EOS 5D Mark III,100,22,0.001,4.0
093,SIHDR_093,86,5,input\raw\sihdr\reference\093.exr,1,Canon EOS 5D Mark III,100,22,0.001,4.0
096,SIHDR_096,87,5,input\raw\sihdr\reference\096.exr,1,Canon EOS 5D Mark III,800,11,0.001,4.0
097,SIHDR_097,88,5,input\raw\sihdr\reference\097.exr,1,Canon EOS 5D Mark III,800,11,0.001,4.0
098,SIHDR_098,89,5,input\raw\sihdr\reference\098.exr,1,Canon EOS 5D Mark III,800,11,0.001,4.0
099,SIHDR_099,90,5,input\raw\sihdr\reference\099.exr,1,Canon EOS 5D Mark III,800,11,0.001,4.0
100,SIHDR_100,91,5,input\raw\sihdr\reference\100.exr,1,Canon EOS 5D Mark III,800,11,0.001,4.0
101,SIHDR_101,92,5,input\raw\sihdr\reference\101.exr,1,Canon EOS 5D Mark III,800,11,0.001,4.0
103,SIHDR_103,93,5,input\raw\sihdr\reference\103.exr,1,Canon EOS 5D Mark III,800,11,0.0008,3.2
104,SIHDR_104,94,5,input\raw\sihdr\reference\104.exr,1,Canon EOS 5D Mark III,800,11,0.0008,3.2
105,SIHDR_105,95,5,input\raw\sihdr\reference\105.exr,1,Canon EOS 5D Mark III,800,10,0.001,4.0
106,SIHDR_106,96,5,input\raw\sihdr\reference\106.exr,1,Canon EOS 5D Mark III,800,10,0.001,4.0
107,SIHDR_107,97,5,input\raw\sihdr\reference\107.exr,1,Canon EOS 5D Mark III,800,10,0.001,4.0
108,SIHDR_108,98,5,input\raw\sihdr\reference\108.exr,1,Canon EOS 5D Mark III,800,10,0.001,4.0
109,SIHDR_109,99,5,input\raw\sihdr\reference\109.exr,1,Canon EOS 5D Mark III,800,10,0.001,4.0
110,SIHDR_110,100,5,input\raw\sihdr\reference\110.exr,1,Canon EOS 5D Mark III,800,10,0.001,4.0
111,SIHDR_111,101,5,input\raw\sihdr\reference\111.exr,1,Canon EOS 5D Mark III,800,10,0.001,4.0
112,SIHDR_112,102,5,input\raw\sihdr\reference\112.exr,1,Canon EOS 5D Mark III,800,10,0.001,4.0
113,SIHDR_113,103,5,input\raw\sihdr\reference\113.exr,1,Canon EOS 5D Mark III,800,10,0.001,4.0
114,SIHDR_114,104,5,input\raw\sihdr\reference\114.exr,1,Canon EOS 5D Mark III,800,10,0.001,4.0
115,SIHDR_115,105,5,input\raw\sihdr\reference\115.exr,1,Canon EOS 5D Mark III,800,10,0.001,4.0
116,SIHDR_116,106,5,input\raw\sihdr\reference\116.exr,1,Canon EOS 5D Mark III,800,10,0.001,4.0
117,SIHDR_117,107,5,input\raw\sihdr\reference\117.exr,1,Canon EOS 5D Mark III,800,10,0.001,4.0
118,SIHDR_118,108,5,input\raw\sihdr\reference\118.exr,1,Canon EOS 5D Mark III,800,10,0.001,4.0
119,SIHDR_119,109,5,input\raw\sihdr\reference\119.exr,1,Canon EOS 5D Mark III,800,10,0.001,4.0
120,SIHDR_120,110,5,input\raw\sihdr\reference\120.exr,1,Canon EOS 5D Mark III,800,10,0.001,4.0
121,SIHDR_121,111,5,input\raw\sihdr\reference\121.exr,1,Canon EOS 5D Mark III,800,10,0.001,4.0
122,SIHDR_122,112,5,input\raw\sihdr\reference\122.exr,1,Canon EOS 5D Mark III,800,10,0.001,4.0
123,SIHDR_123,113,5,input\raw\sihdr\reference\123.exr,1,Canon EOS 5D Mark III,400,14,0.001,4.0
124,SIHDR_124,114,5,input\raw\sihdr\reference\124.exr,1,Canon EOS 5D Mark III,100,22,0.001,4.0
125,SIHDR_125,115,5,input\raw\sihdr\reference\125.exr,1,Canon EOS 5D Mark III,100,22,0.001,4.0
126,SIHDR_126,116,5,input\raw\sihdr\reference\126.exr,1,Canon EOS 5D Mark III,100,22,0.001,4.0
128,SIHDR_128,117,5,input\raw\sihdr\reference\128.exr,1,Canon EOS 5D Mark III,100,22,0.001,4.0
129,SIHDR_129,118,5,input\raw\sihdr\reference\129.exr,1,Canon EOS 5D Mark III,100,22,0.001,4.0
130,SIHDR_130,119,5,input\raw\sihdr\reference\130.exr,1,Canon EOS 5D Mark III,100,22,0.001,4.0
131,SIHDR_131,120,5,input\raw\sihdr\reference\131.exr,1,Canon EOS 5D Mark III,100,22,0.001,4.0
132,SIHDR_132,121,5,input\raw\sihdr\reference\132.exr,1,Canon EOS 5D Mark III,100,22,0.001,4.0
133,SIHDR_133,122,5,input\raw\sihdr\reference\133.exr,1,Canon EOS 5D Mark III,100,22,0.001,4.0
134,SIHDR_134,123,5,input\raw\sihdr\reference\134.exr,1,Canon EOS 5D Mark III,100,22,0.001,4.0
135,SIHDR_135,124,5,input\raw\sihdr\reference\135.exr,1,Canon EOS 5D Mark III,100,22,0.001,4.0
136,SIHDR_136,125,5,input\raw\sihdr\reference\136.exr,1,Canon EOS 5D Mark III,100,22,0.001,4.0
137,SIHDR_137,126,5,input\raw\sihdr\reference\137.exr,1,Canon EOS 5D Mark III,100,22,0.001,4.0
138,SIHDR_138,127,5,input\raw\sihdr\reference\138.exr,1,Canon EOS 5D Mark III,100,22,0.001,4.0
139,SIHDR_139,128,5,input\raw\sihdr\reference\139.exr,1,Canon EOS 5D Mark III,100,22,0.001,4.0
140,SIHDR_140,129,5,input\raw\sihdr\reference\140.exr,1,Canon EOS 5D Mark III,100,22,0.001,4.0
141,SIHDR_141,130,5,input\raw\sihdr\reference\141.exr,1,Canon EOS 5D Mark III,100,22,0.001,4.0
142,SIHDR_142,131,5,input\raw\sihdr\reference\142.exr,1,Canon EOS 5D Mark III,100,22,0.001,4.0
143,SIHDR_143,132,5,input\raw\sihdr\reference\143.exr,1,Canon EOS 5D Mark III,800,11,0.001,4.0
144,SIHDR_144,133,5,input\raw\sihdr\reference\144.exr,1,Canon EOS 5D Mark III,800,11,0.001,4.0
145,SIHDR_145,134,5,input\raw\sihdr\reference\145.exr,1,Canon EOS 5D Mark III,200,14,0.001,4.0
146,SIHDR_146,135,5,input\raw\sihdr\reference\146.exr,1,Canon EOS 5D Mark III,100,22,0.001,4.0
147,SIHDR_147,136,5,input\raw\sihdr\reference\147.exr,1,Canon EOS 5D Mark III,100,22,0.001,4.0
148,SIHDR_148,137,5,input\raw\sihdr\reference\148.exr,1,Canon EOS 5D Mark III,100,22,0.001,4.0
149,SIHDR_149,138,5,input\raw\sihdr\reference\149.exr,1,Canon EOS 5D Mark III,100,22,0.001,4.0
150,SIHDR_150,139,5,input\raw\sihdr\reference\150.exr,1,Canon EOS 5D Mark III,100,22,0.001,4.0
151,SIHDR_151,140,5,input\raw\sihdr\reference\151.exr,1,Canon EOS 5D Mark III,100,22,0.001,4.0
152,SIHDR_152,141,5,input\raw\sihdr\reference\152.exr,1,Canon EOS 5D Mark III,100,22,0.001,4.0
153,SIHDR_153,142,5,input\raw\sihdr\reference\153.exr,1,Canon EOS 5D Mark III,100,22,0.001,4.0
154,SIHDR_154,143,5,input\raw\sihdr\reference\154.exr,1,Canon EOS 5D Mark III,100,22,0.001,4.0
155,SIHDR_155,144,5,input\raw\sihdr\reference\155.exr,1,Canon EOS 5D Mark III,100,22,0.001,4.0
156,SIHDR_156,145,5,input\raw\sihdr\reference\156.exr,1,Canon EOS 5D Mark III,100,22,0.001,4.0
158,SIHDR_158,146,5,input\raw\sihdr\reference\158.exr,1,Canon EOS 5D Mark III,1600,5,0.0015625,6.0
159,SIHDR_159,147,5,input\raw\sihdr\reference\159.exr,1,Canon EOS 5D Mark III,1600,5,0.0015625,6.0
160,SIHDR_160,148,5,input\raw\sihdr\reference\160.exr,1,Canon EOS 5D Mark III,1600,5,0.0015625,6.0
161,SIHDR_161,149,5,input\raw\sihdr\reference\161.exr,1,Canon EOS 5D Mark III,1600,5,0.0015625,6.0
162,SIHDR_162,150,5,input\raw\sihdr\reference\162.exr,1,Canon EOS 5D Mark III,1600,5,0.0015625,6.0
163,SIHDR_163,151,5,input\raw\sihdr\reference\163.exr,1,Canon EOS 5D Mark III,800,7.1,0.001,4.0
164,SIHDR_164,152,5,input\raw\sihdr\reference\164.exr,1,Canon EOS 5D Mark III,800,7.1,0.001,4.0
165,SIHDR_165,153,5,input\raw\sihdr\reference\165.exr,1,Canon EOS 5D Mark III,800,7.1,0.001,4.0
166,SIHDR_166,154,5,input\raw\sihdr\reference\166.exr,1,Canon EOS 5D Mark III,800,7.1,0.001,4.0
167,SIHDR_167,155,5,input\raw\sihdr\reference\167.exr,1,Canon EOS 5D Mark III,800,7.1,0.001,4.0
168,SIHDR_168,156,5,input\raw\sihdr\reference\168.exr,1,Canon EOS 5D Mark III,800,7.1,0.001,4.0
169,SIHDR_169,157,5,input\raw\sihdr\reference\169.exr,1,Canon EOS 5D Mark III,800,7.1,0.001,4.0
170,SIHDR_170,158,5,input\raw\sihdr\reference\170.exr,1,Canon EOS 5D Mark III,800,7.1,0.001,4.0
171,SIHDR_171,159,5,input\raw\sihdr\reference\171.exr,1,Canon EOS 5D Mark III,800,7.1,0.001,4.0
172,SIHDR_172,160,5,input\raw\sihdr\reference\172.exr,1,Canon EOS 5D Mark III,800,7.1,0.001,4.0
173,SIHDR_173,161,5,input\raw\sihdr\reference\173.exr,1,Canon EOS 5D Mark III,800,7.1,0.001,4.0
174,SIHDR_174,162,5,input\raw\sihdr\reference\174.exr,1,Canon EOS 5D Mark III,800,7.1,0.001,4.0
175,SIHDR_175,163,5,input\raw\sihdr\reference\175.exr,1,Canon EOS 5D Mark III,800,7.1,0.001,4.0
176,SIHDR_176,164,5,input\raw\sihdr\reference\176.exr,1,Canon EOS 5D Mark III,800,7.1,0.001,4.0
177,SIHDR_177,165,5,input\raw\sihdr\reference\177.exr,1,Canon EOS 5D Mark III,800,7.1,0.001,4.0
178,SIHDR_178,166,5,input\raw\sihdr\reference\178.exr,1,Canon EOS 5D Mark III,200,14,0.001,4.0
179,SIHDR_179,167,5,input\raw\sihdr\reference\179.exr,1,Canon EOS 5D Mark III,200,14,0.001,4.0
180,SIHDR_180,168,5,input\raw\sihdr\reference\180.exr,1,Canon EOS 5D Mark III,200,14,0.001,4.0
181,SIHDR_181,169,5,input\raw\sihdr\reference\181.exr,1,Canon EOS 5D Mark III,100,22,0.001,4.0
182,SIHDR_182,170,5,input\raw\sihdr\reference\182.exr,1,Canon EOS 5D Mark III,100,22,0.001,4.0
183,SIHDR_183,171,5,input\raw\sihdr\reference\183.exr,1,Canon EOS 5D Mark III,100,22,0.001,4.0
184,SIHDR_184,172,5,input\raw\sihdr\reference\184.exr,1,Canon EOS 5D Mark III,100,22,0.001,4.0
185,SIHDR_185,173,5,input\raw\sihdr\reference\185.exr,1,Canon EOS 5D Mark III,100,16,0.001,4.0
187,SIHDR_187,174,5,input\raw\sihdr\reference\187.exr,1,Canon EOS 5D Mark III,100,6.3,0.001,4.0
190,SIHDR_190,175,5,input\raw\sihdr\reference\190.exr,1,Canon EOS 5D Mark III,1600,5.6,0.001,4.0
191,SIHDR_191,176,5,input\raw\sihdr\reference\191.exr,1,Canon EOS 5D Mark III,100,11,0.001,4.0
192,SIHDR_192,177,5,input\raw\sihdr\reference\192.exr,1,Canon EOS 5D Mark III,100,11,0.001,4.0
193,SIHDR_193,178,5,input\raw\sihdr\reference\193.exr,1,Canon EOS 5D Mark III,1600,9,0.001,4.0
194,SIHDR_194,179,5,input\raw\sihdr\reference\194.exr,1,Canon EOS 5D Mark III,800,9,0.001,4.0
195,SIHDR_195,180,5,input\raw\sihdr\reference\195.exr,1,Canon EOS 5D Mark III,800,11,0.001,4.0
