scene_key,scene_id,time_index,raw_exposure_index,raw_path,filename,exposure_seconds,iso,aperture,camera_model
001,SIHDR_001,0,0,input\raw\sihdr\raw\001\_07A5801.CR2,_07A5801.CR2,0.5,100.0,11.0,Canon EOS 5D Mark III
001,SIHDR_001,0,1,input\raw\sihdr\raw\001\_07A5800.CR2,_07A5800.CR2,0.06666666666666667,100.0,11.0,Canon EOS 5D Mark III
001,SIHDR_001,0,2,input\raw\sihdr\raw\001\_07A5799.CR2,_07A5799.CR2,0.008,100.0,11.0,Canon EOS 5D Mark III
001,SIHDR_001,0,3,input\raw\sihdr\raw\001\_07A5798.CR2,_07A5798.CR2,0.001,100.0,11.0,Canon EOS 5D Mark III
001,SIHDR_001,0,4,input\raw\sihdr\raw\001\_07A5797.CR2,_07A5797.CR2,0.000125,100.0,11.0,Canon EOS 5D Mark III
002,SIHDR_002,1,0,input\raw\sihdr\raw\002\_07A5808.CR2,_07A5808.CR2,0.5,100.0,11.0,Canon EOS 5D Mark III
002,SIHDR_002,1,1,input\raw\sihdr\raw\002\_07A5807.CR2,_07A5807.CR2,0.06666666666666667,100.0,11.0,Canon EOS 5D Mark III
002,SIHDR_002,1,2,input\raw\sihdr\raw\002\_07A5806.CR2,_07A5806.CR2,0.008,100.0,11.0,Canon EOS 5D Mark III
002,SIHDR_002,1,3,input\raw\sihdr\raw\002\_07A5805.CR2,_07A5805.CR2,0.001,100.0,11.0,Canon EOS 5D Mark III
002,SIHDR_002,1,4,input\raw\sihdr\raw\002\_07A5804.CR2,_07A5804.CR2,0.000125,100.0,11.0,Canon EOS 5D Mark III
003,SIHDR_003,2,0,input\raw\sihdr\raw\003\_07A5819.CR2,_07A5819.CR2,0.5,200.0,11.0,Canon EOS 5D Mark III
003,SIHDR_003,2,1,input\raw\sihdr\raw\003\_07A5818.CR2,_07A5818.CR2,0.06666666666666667,200.0,11.0,Canon EOS 5D Mark III
003,SIHDR_003,2,2,input\raw\sihdr\raw\003\_07A5817.CR2,_07A5817.CR2,0.008,200.0,11.0,Canon EOS 5D Mark III
003,SIHDR_003,2,3,input\raw\sihdr\raw\003\_07A5816.CR2,_07A5816.CR2,0.001,200.0,11.0,Canon EOS 5D Mark III
003,SIHDR_003,2,4,input\raw\sihdr\raw\003\_07A5815.CR2,_07A5815.CR2,0.000125,200.0,11.0,Canon EOS 5D Mark III
004,SIHDR_004,3,0,input\raw\sihdr\raw\004\_07A5826.CR2,_07A5826.CR2,0.5,100.0,11.0,Canon EOS 5D Mark III
004,SIHDR_004,3,1,input\raw\sihdr\raw\004\_07A5825.CR2,_07A5825.CR2,0.06666666666666667,100.0,11.0,Canon EOS 5D Mark III
004,SIHDR_004,3,2,input\raw\sihdr\raw\004\_07A5824.CR2,_07A5824.CR2,0.008,100.0,11.0,Canon EOS 5D Mark III
004,SIHDR_004,3,3,input\raw\sihdr\raw\004\_07A5823.CR2,_07A5823.CR2,0.001,100.0,11.0,Canon EOS 5D Mark III
004,SIHDR_004,3,4,input\raw\sihdr\raw\004\_07A5822.CR2,_07A5822.CR2,0.000125,100.0,11.0,Canon EOS 5D Mark III
005,SIHDR_005,4,0,input\raw\sihdr\raw\005\_07A5833.CR2,_07A5833.CR2,0.5,100.0,11.0,Canon EOS 5D Mark III
005,SIHDR_005,4,1,input\raw\sihdr\raw\005\_07A5832.CR2,_07A5832.CR2,0.06666666666666667,100.0,11.0,Canon EOS 5D Mark III
005,SIHDR_005,4,2,input\raw\sihdr\raw\005\_07A5831.CR2,_07A5831.CR2,0.008,100.0,11.0,Canon EOS 5D Mark III
005,SIHDR_005,4,3,input\raw\sihdr\raw\005\_07A5830.CR2,_07A5830.CR2,0.001,100.0,11.0,Canon EOS 5D Mark III
005,SIHDR_005,4,4,input\raw\sihdr\raw\005\_07A5829.CR2,_07A5829.CR2,0.000125,100.0,11.0,Canon EOS 5D Mark III
006,SIHDR_006,5,0,input\raw\sihdr\raw\006\_07A5840.CR2,_07A5840.CR2,0.5,100.0,11.0,Canon EOS 5D Mark III
006,SIHDR_006,5,1,input\raw\sihdr\raw\006\_07A5839.CR2,_07A5839.CR2,0.06666666666666667,100.0,11.0,Canon EOS 5D Mark III
006,SIHDR_006,5,2,input\raw\sihdr\raw\006\_07A5838.CR2,_07A5838.CR2,0.008,100.0,11.0,Canon EOS 5D Mark III
006,SIHDR_006,5,3,input\raw\sihdr\raw\006\_07A5837.CR2,_07A5837.CR2,0.001,100.0,11.0,Canon EOS 5D Mark III
006,SIHDR_006,5,4,input\raw\sihdr\raw\006\_07A5836.CR2,_07A5836.CR2,0.000125,100.0,11.0,Canon EOS 5D Mark III
007,SIHDR_007,6,0,input\raw\sihdr\raw\007\_07A5861.CR2,_07A5861.CR2,0.6,200.0,11.0,Canon EOS 5D Mark III
007,SIHDR_007,6,1,input\raw\sihdr\raw\007\_07A5860.CR2,_07A5860.CR2,0.07692307692307693,200.0,11.0,Canon EOS 5D Mark III
007,SIHDR_007,6,2,input\raw\sihdr\raw\007\_07A5859.CR2,_07A5859.CR2,0.01,200.0,11.0,Canon EOS 5D Mark III
007,SIHDR_007,6,3,input\raw\sihdr\raw\007\_07A5858.CR2,_07A5858.CR2,0.00125,200.0,11.0,Canon EOS 5D Mark III
007,SIHDR_007,6,4,input\raw\sihdr\raw\007\_07A5857.CR2,_07A5857.CR2,0.00015625,200.0,11.0,Canon EOS 5D Mark III
008,SIHDR_008,7,0,input\raw\sihdr\raw\008\_07A5875.CR2,_07A5875.CR2,0.5,100.0,22.0,Canon EOS 5D Mark III
008,SIHDR_008,7,1,input\raw\sihdr\raw\008\_07A5874.CR2,_07A5874.CR2,0.06666666666666667,100.0,22.0,Canon EOS 5D Mark III
008,SIHDR_008,7,2,input\raw\sihdr\raw\008\_07A5873.CR2,_07A5873.CR2,0.008,100.0,22.0,Canon EOS 5D Mark III
008,SIHDR_008,7,3,input\raw\sihdr\raw\008\_07A5872.CR2,_07A5872.CR2,0.001,100.0,22.0,Canon EOS 5D Mark III
008,SIHDR_008,7,4,input\raw\sihdr\raw\008\_07A5871.CR2,_07A5871.CR2,0.000125,100.0,22.0,Canon EOS 5D Mark III
009,SIHDR_009,8,0,input\raw\sihdr\raw\009\_07A5903.CR2,_07A5903.CR2,4.0,100.0,22.0,Canon EOS 5D Mark III
009,SIHDR_009,8,1,input\raw\sihdr\raw\009\_07A5902.CR2,_07A5902.CR2,0.5,100.0,22.0,Canon EOS 5D Mark III
009,SIHDR_009,8,2,input\raw\sihdr\raw\009\_07A5901.CR2,_07A5901.CR2,0.06666666666666667,100.0,22.0,Canon EOS 5D Mark III
009,SIHDR_009,8,3,input\raw\sihdr\raw\009\_07A5900.CR2,_07A5900.CR2,0.008,100.0,22.0,Canon EOS 5D Mark III
009,SIHDR_009,8,4,input\raw\sihdr\raw\009\_07A5899.CR2,_07A5899.CR2,0.001,100.0,22.0,Canon EOS 5D Mark III
010,SIHDR_010,9,0,input\raw\sihdr\raw\010\_07A5910.CR2,_07A5910.CR2,4.0,100.0,22.0,Canon EOS 5D Mark III
010,SIHDR_010,9,1,input\raw\sihdr\raw\010\_07A5909.CR2,_07A5909.CR2,0.5,100.0,22.0,Canon EOS 5D Mark III
010,SIHDR_010,9,2,input\raw\sihdr\raw\010\_07A5908.CR2,_07A5908.CR2,0.06666666666666667,100.0,22.0,Canon EOS 5D Mark III
010,SIHDR_010,9,3,input\raw\sihdr\raw\010\_07A5907.CR2,_07A5907.CR2,0.008,100.0,22.0,Canon EOS 5D Mark III
010,SIHDR_010,9,4,input\raw\sihdr\raw\010\_07A5906.CR2,_07A5906.CR2,0.001,100.0,22.0,Canon EOS 5D Mark III
011,SIHDR_011,10,0,input\raw\sihdr\raw\011\_07A5917.CR2,_07A5917.CR2,4.0,100.0,22.0,Canon EOS 5D Mark III
011,SIHDR_011,10,1,input\raw\sihdr\raw\011\_07A5916.CR2,_07A5916.CR2,0.5,100.0,22.0,Canon EOS 5D Mark III
011,SIHDR_011,10,2,input\raw\sihdr\raw\011\_07A5915.CR2,_07A5915.CR2,0.06666666666666667,100.0,22.0,Canon EOS 5D Mark III
011,SIHDR_011,10,3,input\raw\sihdr\raw\011\_07A5914.CR2,_07A5914.CR2,0.008,100.0,22.0,Canon EOS 5D Mark III
011,SIHDR_011,10,4,input\raw\sihdr\raw\011\_07A5913.CR2,_07A5913.CR2,0.001,100.0,22.0,Canon EOS 5D Mark III
012,SIHDR_012,11,0,input\raw\sihdr\raw\012\_07A5940.CR2,_07A5940.CR2,4.0,100.0,32.0,Canon EOS 5D Mark III
012,SIHDR_012,11,1,input\raw\sihdr\raw\012\_07A5939.CR2,_07A5939.CR2,0.5,100.0,32.0,Canon EOS 5D Mark III
012,SIHDR_012,11,2,input\raw\sihdr\raw\012\_07A5938.CR2,_07A5938.CR2,0.06666666666666667,100.0,32.0,Canon EOS 5D Mark III
012,SIHDR_012,11,3,input\raw\sihdr\raw\012\_07A5937.CR2,_07A5937.CR2,0.008,100.0,32.0,Canon EOS 5D Mark III
012,SIHDR_012,11,4,input\raw\sihdr\raw\012\_07A5936.CR2,_07A5936.CR2,0.001,100.0,32.0,Canon EOS 5D Mark III
013,SIHDR_013,12,0,input\raw\sihdr\raw\013\_07A5947.CR2,_07A5947.CR2,4.0,100.0,32.0,Canon EOS 5D Mark III
013,SIHDR_013,12,1,input\raw\sihdr\raw\013\_07A5946.CR2,_07A5946.CR2,0.5,100.0,32.0,Canon EOS 5D Mark III
013,SIHDR_013,12,2,input\raw\sihdr\raw\013\_07A5945.CR2,_07A5945.CR2,0.06666666666666667,100.0,32.0,Canon EOS 5D Mark III
013,SIHDR_013,12,3,input\raw\sihdr\raw\013\_07A5944.CR2,_07A5944.CR2,0.008,100.0,32.0,Canon EOS 5D Mark III
013,SIHDR_013,12,4,input\raw\sihdr\raw\013\_07A5943.CR2,_07A5943.CR2,0.001,100.0,32.0,Canon EOS 5D Mark III
014,SIHDR_014,13,0,input\raw\sihdr\raw\014\_07A5954.CR2,_07A5954.CR2,4.0,100.0,22.0,Canon EOS 5D Mark III
014,SIHDR_014,13,1,input\raw\sihdr\raw\014\_07A5953.CR2,_07A5953.CR2,0.5,100.0,22.0,Canon EOS 5D Mark III
014,SIHDR_014,13,2,input\raw\sihdr\raw\014\_07A5952.CR2,_07A5952.CR2,0.06666666666666667,100.0,22.0,Canon EOS 5D Mark III
014,SIHDR_014,13,3,input\raw\sihdr\raw\014\_07A5951.CR2,_07A5951.CR2,0.008,100.0,22.0,Canon EOS 5D Mark III
014,SIHDR_014,13,4,input\raw\sihdr\raw\014\_07A5950.CR2,_07A5950.CR2,0.001,100.0,22.0,Canon EOS 5D Mark III
015,SIHDR_015,14,0,input\raw\sihdr\raw\015\_07A5961.CR2,_07A5961.CR2,4.0,100.0,22.0,Canon EOS 5D Mark III
015,SIHDR_015,14,1,input\raw\sihdr\raw\015\_07A5960.CR2,_07A5960.CR2,0.5,100.0,22.0,Canon EOS 5D Mark III
015,SIHDR_015,14,2,input\raw\sihdr\raw\015\_07A5959.CR2,_07A5959.CR2,0.06666666666666667,100.0,22.0,Canon EOS 5D Mark III
015,SIHDR_015,14,3,input\raw\sihdr\raw\015\_07A5958.CR2,_07A5958.CR2,0.008,100.0,22.0,Canon EOS 5D Mark III
015,SIHDR_015,14,4,input\raw\sihdr\raw\015\_07A5957.CR2,_07A5957.CR2,0.001,100.0,22.0,Canon EOS 5D Mark III
018,SIHDR_018,15,0,input\raw\sihdr\raw\018\_07A5982.CR2,_07A5982.CR2,4.0,100.0,22.0,Canon EOS 5D Mark III
018,SIHDR_018,15,1,input\raw\sihdr\raw\018\_07A5981.CR2,_07A5981.CR2,0.5,100.0,22.0,Canon EOS 5D Mark III
018,SIHDR_018,15,2,input\raw\sihdr\raw\018\_07A5980.CR2,_07A5980.CR2,0.06666666666666667,100.0,22.0,Canon EOS 5D Mark III
018,SIHDR_018,15,3,input\raw\sihdr\raw\018\_07A5979.CR2,_07A5979.CR2,0.008,100.0,22.0,Canon EOS 5D Mark III
018,SIHDR_018,15,4,input\raw\sihdr\raw\018\_07A5978.CR2,_07A5978.CR2,0.001,100.0,22.0,Canon EOS 5D Mark III
019,SIHDR_019,16,0,input\raw\sihdr\raw\019\_07A5989.CR2,_07A5989.CR2,4.0,100.0,22.0,Canon EOS 5D Mark III
019,SIHDR_019,16,1,input\raw\sihdr\raw\019\_07A5988.CR2,_07A5988.CR2,0.5,100.0,22.0,Canon EOS 5D Mark III
019,SIHDR_019,16,2,input\raw\sihdr\raw\019\_07A5987.CR2,_07A5987.CR2,0.06666666666666667,100.0,22.0,Canon EOS 5D Mark III
019,SIHDR_019,16,3,input\raw\sihdr\raw\019\_07A5986.CR2,_07A5986.CR2,0.008,100.0,22.0,Canon EOS 5D Mark III
019,SIHDR_019,16,4,input\raw\sihdr\raw\019\_07A5985.CR2,_07A5985.CR2,0.001,100.0,22.0,Canon EOS 5D Mark III
020,SIHDR_020,17,0,input\raw\sihdr\raw\020\_07A6003.CR2,_07A6003.CR2,4.0,100.0,22.0,Canon EOS 5D Mark III
020,SIHDR_020,17,1,input\raw\sihdr\raw\020\_07A6002.CR2,_07A6002.CR2,0.5,100.0,22.0,Canon EOS 5D Mark III
020,SIHDR_020,17,2,input\raw\sihdr\raw\020\_07A6001.CR2,_07A6001.CR2,0.06666666666666667,100.0,22.0,Canon EOS 5D Mark III
020,SIHDR_020,17,3,input\raw\sihdr\raw\020\_07A6000.CR2,_07A6000.CR2,0.008,100.0,22.0,Canon EOS 5D Mark III
020,SIHDR_020,17,4,input\raw\sihdr\raw\020\_07A5999.CR2,_07A5999.CR2,0.001,100.0,22.0,Canon EOS 5D Mark III
021,SIHDR_021,18,0,input\raw\sihdr\raw\021\_07A6010.CR2,_07A6010.CR2,4.0,100.0,22.0,Canon EOS 5D Mark III
021,SIHDR_021,18,1,input\raw\sihdr\raw\021\_07A6009.CR2,_07A6009.CR2,0.5,100.0,22.0,Canon EOS 5D Mark III
021,SIHDR_021,18,2,input\raw\sihdr\raw\021\_07A6008.CR2,_07A6008.CR2,0.06666666666666667,100.0,22.0,Canon EOS 5D Mark III
021,SIHDR_021,18,3,input\raw\sihdr\raw\021\_07A6007.CR2,_07A6007.CR2,0.008,100.0,22.0,Canon EOS 5D Mark III
021,SIHDR_021,18,4,input\raw\sihdr\raw\021\_07A6006.CR2,_07A6006.CR2,0.001,100.0,22.0,Canon EOS 5D Mark III
022,SIHDR_022,19,0,input\raw\sihdr\raw\022\_07A6017.CR2,_07A6017.CR2,4.0,200.0,22.0,Canon EOS 5D Mark III
022,SIHDR_022,19,1,input\raw\sihdr\raw\022\_07A6016.CR2,_07A6016.CR2,0.5,200.0,22.0,Canon EOS 5D Mark III
022,SIHDR_022,19,2,input\raw\sihdr\raw\022\_07A6015.CR2,_07A6015.CR2,0.06666666666666667,200.0,22.0,Canon EOS 5D Mark III
022,SIHDR_022,19,3,input\raw\sihdr\raw\022\_07A6014.CR2,_07A6014.CR2,0.008,200.0,22.0,Canon EOS 5D Mark III
022,SIHDR_022,19,4,input\raw\sihdr\raw\022\_07A6013.CR2,_07A6013.CR2,0.001,200.0,22.0,Canon EOS 5D Mark III
023,SIHDR_023,20,0,input\raw\sihdr\raw\023\_07A6024.CR2,_07A6024.CR2,4.0,200.0,22.0,Canon EOS 5D Mark III
023,SIHDR_023,20,1,input\raw\sihdr\raw\023\_07A6023.CR2,_07A6023.CR2,0.5,200.0,22.0,Canon EOS 5D Mark III
023,SIHDR_023,20,2,input\raw\sihdr\raw\023\_07A6022.CR2,_07A6022.CR2,0.06666666666666667,200.0,22.0,Canon EOS 5D Mark III
023,SIHDR_023,20,3,input\raw\sihdr\raw\023\_07A6021.CR2,_07A6021.CR2,0.008,200.0,22.0,Canon EOS 5D Mark III
023,SIHDR_023,20,4,input\raw\sihdr\raw\023\_07A6020.CR2,_07A6020.CR2,0.001,200.0,22.0,Canon EOS 5D Mark III
025,SIHDR_025,21,0,input\raw\sihdr\raw\025\_07A6045.CR2,_07A6045.CR2,15.0,200.0,22.0,Canon EOS 5D Mark III
025,SIHDR_025,21,1,input\raw\sihdr\raw\025\_07A6044.CR2,_07A6044.CR2,2.0,200.0,22.0,Canon EOS 5D Mark III
025,SIHDR_025,21,2,input\raw\sihdr\raw\025\_07A6043.CR2,_07A6043.CR2,0.25,200.0,22.0,Canon EOS 5D Mark III
025,SIHDR_025,21,3,input\raw\sihdr\raw\025\_07A6042.CR2,_07A6042.CR2,0.03333333333333333,200.0,22.0,Canon EOS 5D Mark III
025,SIHDR_025,21,4,input\raw\sihdr\raw\025\_07A6041.CR2,_07A6041.CR2,0.004,200.0,22.0,Canon EOS 5D Mark III
027,SIHDR_027,22,0,input\raw\sihdr\raw\027\_07A6066.CR2,_07A6066.CR2,4.0,800.0,16.0,Canon EOS 5D Mark III
027,SIHDR_027,22,1,input\raw\sihdr\raw\027\_07A6065.CR2,_07A6065.CR2,0.5,800.0,16.0,Canon EOS 5D Mark III
027,SIHDR_027,22,2,input\raw\sihdr\raw\027\_07A6064.CR2,_07A6064.CR2,0.06666666666666667,800.0,16.0,Canon EOS 5D Mark III
027,SIHDR_027,22,3,input\raw\sihdr\raw\027\_07A6063.CR2,_07A6063.CR2,0.008,800.0,16.0,Canon EOS 5D Mark III
027,SIHDR_027,22,4,input\raw\sihdr\raw\027\_07A6062.CR2,_07A6062.CR2,0.001,800.0,16.0,Canon EOS 5D Mark III
028,SIHDR_028,23,0,input\raw\sihdr\raw\028\_07A6073.CR2,_07A6073.CR2,4.0,400.0,14.0,Canon EOS 5D Mark III
028,SIHDR_028,23,1,input\raw\sihdr\raw\028\_07A6072.CR2,_07A6072.CR2,0.5,400.0,14.0,Canon EOS 5D Mark III
028,SIHDR_028,23,2,input\raw\sihdr\raw\028\_07A6071.CR2,_07A6071.CR2,0.06666666666666667,400.0,14.0,Canon EOS 5D Mark III
028,SIHDR_028,23,3,input\raw\sihdr\raw\028\_07A6070.CR2,_07A6070.CR2,0.008,400.0,14.0,Canon EOS 5D Mark III
028,SIHDR_028,23,4,input\raw\sihdr\raw\028\_07A6069.CR2,_07A6069.CR2,0.001,400.0,14.0,Canon EOS 5D Mark III
029,SIHDR_029,24,0,input\raw\sihdr\raw\029\_07A6145.CR2,_07A6145.CR2,4.0,100.0,32.0,Canon EOS 5D Mark III
029,SIHDR_029,24,1,input\raw\sihdr\raw\029\_07A6144.CR2,_07A6144.CR2,0.5,100.0,32.0,Canon EOS 5D Mark III
029,SIHDR_029,24,2,input\raw\sihdr\raw\029\_07A6143.CR2,_07A6143.CR2,0.06666666666666667,100.0,32.0,Canon EOS 5D Mark III
029,SIHDR_029,24,3,input\raw\sihdr\raw\029\_07A6142.CR2,_07A6142.CR2,0.008,100.0,32.0,Canon EOS 5D Mark III
029,SIHDR_029,24,4,input\raw\sihdr\raw\029\_07A6141.CR2,_07A6141.CR2,0.001,100.0,32.0,Canon EOS 5D Mark III
030,SIHDR_030,25,0,input\raw\sihdr\raw\030\_07A6159.CR2,_07A6159.CR2,4.0,100.0,40.0,Canon EOS 5D Mark III
030,SIHDR_030,25,1,input\raw\sihdr\raw\030\_07A6158.CR2,_07A6158.CR2,0.5,100.0,40.0,Canon EOS 5D Mark III
030,SIHDR_030,25,2,input\raw\sihdr\raw\030\_07A6157.CR2,_07A6157.CR2,0.06666666666666667,100.0,40.0,Canon EOS 5D Mark III
030,SIHDR_030,25,3,input\raw\sihdr\raw\030\_07A6156.CR2,_07A6156.CR2,0.008,100.0,40.0,Canon EOS 5D Mark III
030,SIHDR_030,25,4,input\raw\sihdr\raw\030\_07A6155.CR2,_07A6155.CR2,0.001,100.0,40.0,Canon EOS 5D Mark III
031,SIHDR_031,26,0,input\raw\sihdr\raw\031\_07A6173.CR2,_07A6173.CR2,4.0,100.0,36.0,Canon EOS 5D Mark III
031,SIHDR_031,26,1,input\raw\sihdr\raw\031\_07A6172.CR2,_07A6172.CR2,0.5,100.0,36.0,Canon EOS 5D Mark III
031,SIHDR_031,26,2,input\raw\sihdr\raw\031\_07A6171.CR2,_07A6171.CR2,0.06666666666666667,100.0,36.0,Canon EOS 5D Mark III
031,SIHDR_031,26,3,input\raw\sihdr\raw\031\_07A6170.CR2,_07A6170.CR2,0.008,100.0,36.0,Canon EOS 5D Mark III
031,SIHDR_031,26,4,input\raw\sihdr\raw\031\_07A6169.CR2,_07A6169.CR2,0.001,100.0,36.0,Canon EOS 5D Mark III
032,SIHDR_032,27,0,input\raw\sihdr\raw\032\_07A6265.CR2,_07A6265.CR2,4.0,100.0,22.0,Canon EOS 5D Mark III
032,SIHDR_032,27,1,input\raw\sihdr\raw\032\_07A6264.CR2,_07A6264.CR2,0.5,100.0,22.0,Canon EOS 5D Mark III
032,SIHDR_032,27,2,input\raw\sihdr\raw\032\_07A6263.CR2,_07A6263.CR2,0.06666666666666667,100.0,22.0,Canon EOS 5D Mark III
032,SIHDR_032,27,3,input\raw\sihdr\raw\032\_07A6262.CR2,_07A6262.CR2,0.008,100.0,22.0,Canon EOS 5D Mark III
032,SIHDR_032,27,4,input\raw\sihdr\raw\032\_07A6261.CR2,_07A6261.CR2,0.001,100.0,22.0,Canon EOS 5D Mark III
033,SIHDR_033,28,0,input\raw\sihdr\raw\033\_07A6273.CR2,_07A6273.CR2,4.0,100.0,22.0,Canon EOS 5D Mark III
033,SIHDR_033,28,1,input\raw\sihdr\raw\033\_07A6272.CR2,_07A6272.CR2,0.5,100.0,22.0,Canon EOS 5D Mark III
033,SIHDR_033,28,2,input\raw\sihdr\raw\033\_07A6271.CR2,_07A6271.CR2,0.06666666666666667,100.0,22.0,Canon EOS 5D Mark III
033,SIHDR_033,28,3,input\raw\sihdr\raw\033\_07A6270.CR2,_07A6270.CR2,0.008,100.0,22.0,Canon EOS 5D Mark III
033,SIHDR_033,28,4,input\raw\sihdr\raw\033\_07A6269.CR2,_07A6269.CR2,0.001,100.0,22.0,Canon EOS 5D Mark III
034,SIHDR_034,29,0,input\raw\sihdr\raw\034\_07A6280.CR2,_07A6280.CR2,4.0,100.0,32.0,Canon EOS 5D Mark III
034,SIHDR_034,29,1,input\raw\sihdr\raw\034\_07A6279.CR2,_07A6279.CR2,0.5,100.0,32.0,Canon EOS 5D Mark III
034,SIHDR_034,29,2,input\raw\sihdr\raw\034\_07A6278.CR2,_07A6278.CR2,0.06666666666666667,100.0,32.0,Canon EOS 5D Mark III
034,SIHDR_034,29,3,input\raw\sihdr\raw\034\_07A6277.CR2,_07A6277.CR2,0.008,100.0,32.0,Canon EOS 5D Mark III
034,SIHDR_034,29,4,input\raw\sihdr\raw\034\_07A6276.CR2,_07A6276.CR2,0.001,100.0,32.0,Canon EOS 5D Mark III
035,SIHDR_035,30,0,input\raw\sihdr\raw\035\_07A6287.CR2,_07A6287.CR2,4.0,100.0,32.0,Canon EOS 5D Mark III
035,SIHDR_035,30,1,input\raw\sihdr\raw\035\_07A6286.CR2,_07A6286.CR2,0.5,100.0,32.0,Canon EOS 5D Mark III
035,SIHDR_035,30,2,input\raw\sihdr\raw\035\_07A6285.CR2,_07A6285.CR2,0.06666666666666667,100.0,32.0,Canon EOS 5D Mark III
035,SIHDR_035,30,3,input\raw\sihdr\raw\035\_07A6284.CR2,_07A6284.CR2,0.008,100.0,32.0,Canon EOS 5D Mark III
035,SIHDR_035,30,4,input\raw\sihdr\raw\035\_07A6283.CR2,_07A6283.CR2,0.001,100.0,32.0,Canon EOS 5D Mark III
036,SIHDR_036,31,0,input\raw\sihdr\raw\036\_07A6295.CR2,_07A6295.CR2,4.0,100.0,22.0,Canon EOS 5D Mark III
036,SIHDR_036,31,1,input\raw\sihdr\raw\036\_07A6294.CR2,_07A6294.CR2,0.5,100.0,22.0,Canon EOS 5D Mark III
036,SIHDR_036,31,2,input\raw\sihdr\raw\036\_07A6293.CR2,_07A6293.CR2,0.06666666666666667,100.0,22.0,Canon EOS 5D Mark III
036,SIHDR_036,31,3,input\raw\sihdr\raw\036\_07A6292.CR2,_07A6292.CR2,0.008,100.0,22.0,Canon EOS 5D Mark III
036,SIHDR_036,31,4,input\raw\sihdr\raw\036\_07A6291.CR2,_07A6291.CR2,0.001,100.0,22.0,Canon EOS 5D Mark III
037,SIHDR_037,32,0,input\raw\sihdr\raw\037\_07A6302.CR2,_07A6302.CR2,4.0,100.0,22.0,Canon EOS 5D Mark III
037,SIHDR_037,32,1,input\raw\sihdr\raw\037\_07A6301.CR2,_07A6301.CR2,0.5,100.0,22.0,Canon EOS 5D Mark III
037,SIHDR_037,32,2,input\raw\sihdr\raw\037\_07A6300.CR2,_07A6300.CR2,0.06666666666666667,100.0,22.0,Canon EOS 5D Mark III
037,SIHDR_037,32,3,input\raw\sihdr\raw\037\_07A6299.CR2,_07A6299.CR2,0.008,100.0,22.0,Canon EOS 5D Mark III
037,SIHDR_037,32,4,input\raw\sihdr\raw\037\_07A6298.CR2,_07A6298.CR2,0.001,100.0,22.0,Canon EOS 5D Mark III
038,SIHDR_038,33,0,input\raw\sihdr\raw\038\_07A6309.CR2,_07A6309.CR2,4.0,100.0,22.0,Canon EOS 5D Mark III
038,SIHDR_038,33,1,input\raw\sihdr\raw\038\_07A6308.CR2,_07A6308.CR2,0.5,100.0,22.0,Canon EOS 5D Mark III
038,SIHDR_038,33,2,input\raw\sihdr\raw\038\_07A6307.CR2,_07A6307.CR2,0.06666666666666667,100.0,22.0,Canon EOS 5D Mark III
038,SIHDR_038,33,3,input\raw\sihdr\raw\038\_07A6306.CR2,_07A6306.CR2,0.008,100.0,22.0,Canon EOS 5D Mark III
038,SIHDR_038,33,4,input\raw\sihdr\raw\038\_07A6305.CR2,_07A6305.CR2,0.001,100.0,22.0,Canon EOS 5D Mark III
039,SIHDR_039,34,0,input\raw\sihdr\raw\039\_07A6316.CR2,_07A6316.CR2,4.0,100.0,22.0,Canon EOS 5D Mark III
039,SIHDR_039,34,1,input\raw\sihdr\raw\039\_07A6315.CR2,_07A6315.CR2,0.5,100.0,22.0,Canon EOS 5D Mark III
039,SIHDR_039,34,2,input\raw\sihdr\raw\039\_07A6314.CR2,_07A6314.CR2,0.06666666666666667,100.0,22.0,Canon EOS 5D Mark III
039,SIHDR_039,34,3,input\raw\sihdr\raw\039\_07A6313.CR2,_07A6313.CR2,0.008,100.0,22.0,Canon EOS 5D Mark III
039,SIHDR_039,34,4,input\raw\sihdr\raw\039\_07A6312.CR2,_07A6312.CR2,0.001,100.0,22.0,Canon EOS 5D Mark III
040,SIHDR_040,35,0,input\raw\sihdr\raw\040\_07A6323.CR2,_07A6323.CR2,4.0,100.0,22.0,Canon EOS 5D Mark III
040,SIHDR_040,35,1,input\raw\sihdr\raw\040\_07A6322.CR2,_07A6322.CR2,0.5,100.0,22.0,Canon EOS 5D Mark III
040,SIHDR_040,35,2,input\raw\sihdr\raw\040\_07A6321.CR2,_07A6321.CR2,0.06666666666666667,100.0,22.0,Canon EOS 5D Mark III
040,SIHDR_040,35,3,input\raw\sihdr\raw\040\_07A6320.CR2,_07A6320.CR2,0.008,100.0,22.0,Canon EOS 5D Mark III
040,SIHDR_040,35,4,input\raw\sihdr\raw\040\_07A6319.CR2,_07A6319.CR2,0.001,100.0,22.0,Canon EOS 5D Mark III
041,SIHDR_041,36,0,input\raw\sihdr\raw\041\_07A6330.CR2,_07A6330.CR2,4.0,100.0,22.0,Canon EOS 5D Mark III
041,SIHDR_041,36,1,input\raw\sihdr\raw\041\_07A6329.CR2,_07A6329.CR2,0.5,100.0,22.0,Canon EOS 5D Mark III
041,SIHDR_041,36,2,input\raw\sihdr\raw\041\_07A6328.CR2,_07A6328.CR2,0.06666666666666667,100.0,22.0,Canon EOS 5D Mark III
041,SIHDR_041,36,3,input\raw\sihdr\raw\041\_07A6327.CR2,_07A6327.CR2,0.008,100.0,22.0,Canon EOS 5D Mark III
041,SIHDR_041,36,4,input\raw\sihdr\raw\041\_07A6326.CR2,_07A6326.CR2,0.001,100.0,22.0,Canon EOS 5D Mark III
042,SIHDR_042,37,0,input\raw\sihdr\raw\042\_07A6337.CR2,_07A6337.CR2,4.0,100.0,32.0,Canon EOS 5D Mark III
042,SIHDR_042,37,1,input\raw\sihdr\raw\042\_07A6336.CR2,_07A6336.CR2,0.5,100.0,32.0,Canon EOS 5D Mark III
042,SIHDR_042,37,2,input\raw\sihdr\raw\042\_07A6335.CR2,_07A6335.CR2,0.06666666666666667,100.0,32.0,Canon EOS 5D Mark III
042,SIHDR_042,37,3,input\raw\sihdr\raw\042\_07A6334.CR2,_07A6334.CR2,0.008,100.0,32.0,Canon EOS 5D Mark III
042,SIHDR_042,37,4,input\raw\sihdr\raw\042\_07A6333.CR2,_07A6333.CR2,0.001,100.0,32.0,Canon EOS 5D Mark III
043,SIHDR_043,38,0,input\raw\sihdr\raw\043\_07A6344.CR2,_07A6344.CR2,4.0,100.0,22.0,Canon EOS 5D Mark III
043,SIHDR_043,38,1,input\raw\sihdr\raw\043\_07A6343.CR2,_07A6343.CR2,0.5,100.0,22.0,Canon EOS 5D Mark III
043,SIHDR_043,38,2,input\raw\sihdr\raw\043\_07A6342.CR2,_07A6342.CR2,0.06666666666666667,100.0,22.0,Canon EOS 5D Mark III
043,SIHDR_043,38,3,input\raw\sihdr\raw\043\_07A6341.CR2,_07A6341.CR2,0.008,100.0,22.0,Canon EOS 5D Mark III
043,SIHDR_043,38,4,input\raw\sihdr\raw\043\_07A6340.CR2,_07A6340.CR2,0.001,100.0,22.0,Canon EOS 5D Mark III
044,SIHDR_044,39,0,input\raw\sihdr\raw\044\_07A6351.CR2,_07A6351.CR2,4.0,100.0,22.0,Canon EOS 5D Mark III
044,SIHDR_044,39,1,input\raw\sihdr\raw\044\_07A6350.CR2,_07A6350.CR2,0.5,100.0,22.0,Canon EOS 5D Mark III
044,SIHDR_044,39,2,input\raw\sihdr\raw\044\_07A6349.CR2,_07A6349.CR2,0.06666666666666667,100.0,22.0,Canon EOS 5D Mark III
044,SIHDR_044,39,3,input\raw\sihdr\raw\044\_07A6348.CR2,_07A6348.CR2,0.008,100.0,22.0,Canon EOS 5D Mark III
044,SIHDR_044,39,4,input\raw\sihdr\raw\044\_07A6347.CR2,_07A6347.CR2,0.001,100.0,22.0,Canon EOS 5D Mark III
045,SIHDR_045,40,0,input\raw\sihdr\raw\045\_07A6358.CR2,_07A6358.CR2,4.0,100.0,32.0,Canon EOS 5D Mark III
045,SIHDR_045,40,1,input\raw\sihdr\raw\045\_07A6357.CR2,_07A6357.CR2,0.5,100.0,32.0,Canon EOS 5D Mark III
045,SIHDR_045,40,2,input\raw\sihdr\raw\045\_07A6356.CR2,_07A6356.CR2,0.06666666666666667,100.0,32.0,Canon EOS 5D Mark III
045,SIHDR_045,40,3,input\raw\sihdr\raw\045\_07A6355.CR2,_07A6355.CR2,0.008,100.0,32.0,Canon EOS 5D Mark III
045,SIHDR_045,40,4,input\raw\sihdr\raw\045\_07A6354.CR2,_07A6354.CR2,0.001,100.0,32.0,Canon EOS 5D Mark III
046,SIHDR_046,41,0,input\raw\sihdr\raw\046\_07A6365.CR2,_07A6365.CR2,4.0,100.0,32.0,Canon EOS 5D Mark III
046,SIHDR_046,41,1,input\raw\sihdr\raw\046\_07A6364.CR2,_07A6364.CR2,0.5,100.0,32.0,Canon EOS 5D Mark III
046,SIHDR_046,41,2,input\raw\sihdr\raw\046\_07A6363.CR2,_07A6363.CR2,0.06666666666666667,100.0,32.0,Canon EOS 5D Mark III
046,SIHDR_046,41,3,input\raw\sihdr\raw\046\_07A6362.CR2,_07A6362.CR2,0.008,100.0,32.0,Canon EOS 5D Mark III
046,SIHDR_046,41,4,input\raw\sihdr\raw\046\_07A6361.CR2,_07A6361.CR2,0.001,100.0,32.0,Canon EOS 5D Mark III
047,SIHDR_047,42,0,input\raw\sihdr\raw\047\_07A6372.CR2,_07A6372.CR2,4.0,100.0,32.0,Canon EOS 5D Mark III
047,SIHDR_047,42,1,input\raw\sihdr\raw\047\_07A6371.CR2,_07A6371.CR2,0.5,100.0,32.0,Canon EOS 5D Mark III
047,SIHDR_047,42,2,input\raw\sihdr\raw\047\_07A6370.CR2,_07A6370.CR2,0.06666666666666667,100.0,32.0,Canon EOS 5D Mark III
047,SIHDR_047,42,3,input\raw\sihdr\raw\047\_07A6369.CR2,_07A6369.CR2,0.008,100.0,32.0,Canon EOS 5D Mark III
047,SIHDR_047,42,4,input\raw\sihdr\raw\047\_07A6368.CR2,_07A6368.CR2,0.001,100.0,32.0,Canon EOS 5D Mark III
049,SIHDR_049,43,0,input\raw\sihdr\raw\049\_07A6477.CR2,_07A6477.CR2,4.0,100.0,22.0,Canon EOS 5D Mark III
049,SIHDR_049,43,1,input\raw\sihdr\raw\049\_07A6476.CR2,_07A6476.CR2,0.5,100.0,22.0,Canon EOS 5D Mark III
049,SIHDR_049,43,2,input\raw\sihdr\raw\049\_07A6475.CR2,_07A6475.CR2,0.06666666666666667,100.0,22.0,Canon EOS 5D Mark III
049,SIHDR_049,43,3,input\raw\sihdr\raw\049\_07A6474.CR2,_07A6474.CR2,0.008,100.0,22.0,Canon EOS 5D Mark III
049,SIHDR_049,43,4,input\raw\sihdr\raw\049\_07A6473.CR2,_07A6473.CR2,0.001,100.0,22.0,Canon EOS 5D Mark III
050,SIHDR_050,44,0,input\raw\sihdr\raw\050\_07A6484.CR2,_07A6484.CR2,4.0,100.0,22.0,Canon EOS 5D Mark III
050,SIHDR_050,44,1,input\raw\sihdr\raw\050\_07A6483.CR2,_07A6483.CR2,0.5,100.0,22.0,Canon EOS 5D Mark III
050,SIHDR_050,44,2,input\raw\sihdr\raw\050\_07A6482.CR2,_07A6482.CR2,0.06666666666666667,100.0,22.0,Canon EOS 5D Mark III
050,SIHDR_050,44,3,input\raw\sihdr\raw\050\_07A6481.CR2,_07A6481.CR2,0.008,100.0,22.0,Canon EOS 5D Mark III
050,SIHDR_050,44,4,input\raw\sihdr\raw\050\_07A6480.CR2,_07A6480.CR2,0.001,100.0,22.0,Canon EOS 5D Mark III
051,SIHDR_051,45,0,input\raw\sihdr\raw\051\_07A6504.CR2,_07A6504.CR2,4.0,100.0,22.0,Canon EOS 5D Mark III
051,SIHDR_051,45,1,input\raw\sihdr\raw\051\_07A6503.CR2,_07A6503.CR2,0.5,100.0,22.0,Canon EOS 5D Mark III
051,SIHDR_051,45,2,input\raw\sihdr\raw\051\_07A6502.CR2,_07A6502.CR2,0.06666666666666667,100.0,22.0,Canon EOS 5D Mark III
051,SIHDR_051,45,3,input\raw\sihdr\raw\051\_07A6501.CR2,_07A6501.CR2,0.008,100.0,22.0,Canon EOS 5D Mark III
051,SIHDR_051,45,4,input\raw\sihdr\raw\051\_07A6500.CR2,_07A6500.CR2,0.001,100.0,22.0,Canon EOS 5D Mark III
052,SIHDR_052,46,0,input\raw\sihdr\raw\052\_07A6520.CR2,_07A6520.CR2,4.0,100.0,32.0,Canon EOS 5D Mark III
052,SIHDR_052,46,1,input\raw\sihdr\raw\052\_07A6519.CR2,_07A6519.CR2,0.5,100.0,32.0,Canon EOS 5D Mark III
052,SIHDR_052,46,2,input\raw\sihdr\raw\052\_07A6518.CR2,_07A6518.CR2,0.06666666666666667,100.0,32.0,Canon EOS 5D Mark III
052,SIHDR_052,46,3,input\raw\sihdr\raw\052\_07A6517.CR2,_07A6517.CR2,0.008,100.0,32.0,Canon EOS 5D Mark III
052,SIHDR_052,46,4,input\raw\sihdr\raw\052\_07A6516.CR2,_07A6516.CR2,0.001,100.0,32.0,Canon EOS 5D Mark III
053,SIHDR_053,47,0,input\raw\sihdr\raw\053\_07A6527.CR2,_07A6527.CR2,4.0,100.0,40.0,Canon EOS 5D Mark III
053,SIHDR_053,47,1,input\raw\sihdr\raw\053\_07A6526.CR2,_07A6526.CR2,0.5,100.0,40.0,Canon EOS 5D Mark III
053,SIHDR_053,47,2,input\raw\sihdr\raw\053\_07A6525.CR2,_07A6525.CR2,0.06666666666666667,100.0,40.0,Canon EOS 5D Mark III
053,SIHDR_053,47,3,input\raw\sihdr\raw\053\_07A6524.CR2,_07A6524.CR2,0.008,100.0,40.0,Canon EOS 5D Mark III
053,SIHDR_053,47,4,input\raw\sihdr\raw\053\_07A6523.CR2,_07A6523.CR2,0.001,100.0,40.0,Canon EOS 5D Mark III
054,SIHDR_054,48,0,input\raw\sihdr\raw\054\_07A6534.CR2,_07A6534.CR2,4.0,100.0,32.0,Canon EOS 5D Mark III
054,SIHDR_054,48,1,input\raw\sihdr\raw\054\_07A6533.CR2,_07A6533.CR2,0.5,100.0,32.0,Canon EOS 5D Mark III
054,SIHDR_054,48,2,input\raw\sihdr\raw\054\_07A6532.CR2,_07A6532.CR2,0.06666666666666667,100.0,32.0,Canon EOS 5D Mark III
054,SIHDR_054,48,3,input\raw\sihdr\raw\054\_07A6531.CR2,_07A6531.CR2,0.008,100.0,32.0,Canon EOS 5D Mark III
054,SIHDR_054,48,4,input\raw\sihdr\raw\054\_07A6530.CR2,_07A6530.CR2,0.001,100.0,32.0,Canon EOS 5D Mark III
055,SIHDR_055,49,0,input\raw\sihdr\raw\055\_07A6541.CR2,_07A6541.CR2,4.0,100.0,22.0,Canon EOS 5D Mark III
055,SIHDR_055,49,1,input\raw\sihdr\raw\055\_07A6540.CR2,_07A6540.CR2,0.5,100.0,22.0,Canon EOS 5D Mark III
055,SIHDR_055,49,2,input\raw\sihdr\raw\055\_07A6539.CR2,_07A6539.CR2,0.06666666666666667,100.0,22.0,Canon EOS 5D Mark III
055,SIHDR_055,49,3,input\raw\sihdr\raw\055\_07A6538.CR2,_07A6538.CR2,0.008,100.0,22.0,Canon EOS 5D Mark III
055,SIHDR_055,49,4,input\raw\sihdr\raw\055\_07A6537.CR2,_07A6537.CR2,0.001,100.0,22.0,Canon EOS 5D Mark III
056,SIHDR_056,50,0,input\raw\sihdr\raw\056\_07A6548.CR2,_07A6548.CR2,4.0,100.0,22.0,Canon EOS 5D Mark III
056,SIHDR_056,50,1,input\raw\sihdr\raw\056\_07A6547.CR2,_07A6547.CR2,0.5,100.0,22.0,Canon EOS 5D Mark III
056,SIHDR_056,50,2,input\raw\sihdr\raw\056\_07A6546.CR2,_07A6546.CR2,0.06666666666666667,100.0,22.0,Canon EOS 5D Mark III
056,SIHDR_056,50,3,input\raw\sihdr\raw\056\_07A6545.CR2,_07A6545.CR2,0.008,100.0,22.0,Canon EOS 5D Mark III
056,SIHDR_056,50,4,input\raw\sihdr\raw\056\_07A6544.CR2,_07A6544.CR2,0.001,100.0,22.0,Canon EOS 5D Mark III
057,SIHDR_057,51,0,input\raw\sihdr\raw\057\_07A6555.CR2,_07A6555.CR2,4.0,100.0,32.0,Canon EOS 5D Mark III
057,SIHDR_057,51,1,input\raw\sihdr\raw\057\_07A6554.CR2,_07A6554.CR2,0.5,100.0,32.0,Canon EOS 5D Mark III
057,SIHDR_057,51,2,input\raw\sihdr\raw\057\_07A6553.CR2,_07A6553.CR2,0.06666666666666667,100.0,32.0,Canon EOS 5D Mark III
057,SIHDR_057,51,3,input\raw\sihdr\raw\057\_07A6552.CR2,_07A6552.CR2,0.008,100.0,32.0,Canon EOS 5D Mark III
057,SIHDR_057,51,4,input\raw\sihdr\raw\057\_07A6551.CR2,_07A6551.CR2,0.001,100.0,32.0,Canon EOS 5D Mark III
058,SIHDR_058,52,0,input\raw\sihdr\raw\058\_07A6562.CR2,_07A6562.CR2,4.0,100.0,32.0,Canon EOS 5D Mark III
058,SIHDR_058,52,1,input\raw\sihdr\raw\058\_07A6561.CR2,_07A6561.CR2,0.5,100.0,32.0,Canon EOS 5D Mark III
058,SIHDR_058,52,2,input\raw\sihdr\raw\058\_07A6560.CR2,_07A6560.CR2,0.06666666666666667,100.0,32.0,Canon EOS 5D Mark III
058,SIHDR_058,52,3,input\raw\sihdr\raw\058\_07A6559.CR2,_07A6559.CR2,0.008,100.0,32.0,Canon EOS 5D Mark III
058,SIHDR_058,52,4,input\raw\sihdr\raw\058\_07A6558.CR2,_07A6558.CR2,0.001,100.0,32.0,Canon EOS 5D Mark III
059,SIHDR_059,53,0,input\raw\sihdr\raw\059\_07A6569.CR2,_07A6569.CR2,4.0,100.0,22.0,Canon EOS 5D Mark III
059,SIHDR_059,53,1,input\raw\sihdr\raw\059\_07A6568.CR2,_07A6568.CR2,0.5,100.0,22.0,Canon EOS 5D Mark III
059,SIHDR_059,53,2,input\raw\sihdr\raw\059\_07A6567.CR2,_07A6567.CR2,0.06666666666666667,100.0,22.0,Canon EOS 5D Mark III
059,SIHDR_059,53,3,input\raw\sihdr\raw\059\_07A6566.CR2,_07A6566.CR2,0.008,100.0,22.0,Canon EOS 5D Mark III
059,SIHDR_059,53,4,input\raw\sihdr\raw\059\_07A6565.CR2,_07A6565.CR2,0.001,100.0,22.0,Canon EOS 5D Mark III
060,SIHDR_060,54,0,input\raw\sihdr\raw\060\_07A6576.CR2,_07A6576.CR2,4.0,100.0,22.0,Canon EOS 5D Mark III
060,SIHDR_060,54,1,input\raw\sihdr\raw\060\_07A6575.CR2,_07A6575.CR2,0.5,100.0,22.0,Canon EOS 5D Mark III
060,SIHDR_060,54,2,input\raw\sihdr\raw\060\_07A6574.CR2,_07A6574.CR2,0.06666666666666667,100.0,22.0,Canon EOS 5D Mark III
060,SIHDR_060,54,3,input\raw\sihdr\raw\060\_07A6573.CR2,_07A6573.CR2,0.008,100.0,22.0,Canon EOS 5D Mark III
060,SIHDR_060,54,4,input\raw\sihdr\raw\060\_07A6572.CR2,_07A6572.CR2,0.001,100.0,22.0,Canon EOS 5D Mark III
061,SIHDR_061,55,0,input\raw\sihdr\raw\061\_07A6583.CR2,_07A6583.CR2,4.0,100.0,22.0,Canon EOS 5D Mark III
061,SIHDR_061,55,1,input\raw\sihdr\raw\061\_07A6582.CR2,_07A6582.CR2,0.5,100.0,22.0,Canon EOS 5D Mark III
061,SIHDR_061,55,2,input\raw\sihdr\raw\061\_07A6581.CR2,_07A6581.CR2,0.06666666666666667,100.0,22.0,Canon EOS 5D Mark III
061,SIHDR_061,55,3,input\raw\sihdr\raw\061\_07A6580.CR2,_07A6580.CR2,0.008,100.0,22.0,Canon EOS 5D Mark III
061,SIHDR_061,55,4,input\raw\sihdr\raw\061\_07A6579.CR2,_07A6579.CR2,0.001,100.0,22.0,Canon EOS 5D Mark III
062,SIHDR_062,56,0,input\raw\sihdr\raw\062\_07A6590.CR2,_07A6590.CR2,4.0,100.0,22.0,Canon EOS 5D Mark III
062,SIHDR_062,56,1,input\raw\sihdr\raw\062\_07A6589.CR2,_07A6589.CR2,0.5,100.0,22.0,Canon EOS 5D Mark III
062,SIHDR_062,56,2,input\raw\sihdr\raw\062\_07A6588.CR2,_07A6588.CR2,0.06666666666666667,100.0,22.0,Canon EOS 5D Mark III
062,SIHDR_062,56,3,input\raw\sihdr\raw\062\_07A6587.CR2,_07A6587.CR2,0.008,100.0,22.0,Canon EOS 5D Mark III
062,SIHDR_062,56,4,input\raw\sihdr\raw\062\_07A6586.CR2,_07A6586.CR2,0.001,100.0,22.0,Canon EOS 5D Mark III
063,SIHDR_063,57,0,input\raw\sihdr\raw\063\_07A6614.CR2,_07A6614.CR2,4.0,100.0,22.0,Canon EOS 5D Mark III
063,SIHDR_063,57,1,input\raw\sihdr\raw\063\_07A6613.CR2,_07A6613.CR2,0.5,100.0,22.0,Canon EOS 5D Mark III
063,SIHDR_063,57,2,input\raw\sihdr\raw\063\_07A6612.CR2,_07A6612.CR2,0.06666666666666667,100.0,22.0,Canon EOS 5D Mark III
063,SIHDR_063,57,3,input\raw\sihdr\raw\063\_07A6611.CR2,_07A6611.CR2,0.008,100.0,22.0,Canon EOS 5D Mark III
063,SIHDR_063,57,4,input\raw\sihdr\raw\063\_07A6610.CR2,_07A6610.CR2,0.001,100.0,22.0,Canon EOS 5D Mark III
064,SIHDR_064,58,0,input\raw\sihdr\raw\064\_07A6621.CR2,_07A6621.CR2,4.0,200.0,22.0,Canon EOS 5D Mark III
064,SIHDR_064,58,1,input\raw\sihdr\raw\064\_07A6620.CR2,_07A6620.CR2,0.5,200.0,22.0,Canon EOS 5D Mark III
064,SIHDR_064,58,2,input\raw\sihdr\raw\064\_07A6619.CR2,_07A6619.CR2,0.06666666666666667,200.0,22.0,Canon EOS 5D Mark III
064,SIHDR_064,58,3,input\raw\sihdr\raw\064\_07A6618.CR2,_07A6618.CR2,0.008,200.0,22.0,Canon EOS 5D Mark III
064,SIHDR_064,58,4,input\raw\sihdr\raw\064\_07A6617.CR2,_07A6617.CR2,0.001,200.0,22.0,Canon EOS 5D Mark III
066,SIHDR_066,59,0,input\raw\sihdr\raw\066\_07A6635.CR2,_07A6635.CR2,4.0,800.0,18.0,Canon EOS 5D Mark III
066,SIHDR_066,59,1,input\raw\sihdr\raw\066\_07A6634.CR2,_07A6634.CR2,0.5,800.0,18.0,Canon EOS 5D Mark III
066,SIHDR_066,59,2,input\raw\sihdr\raw\066\_07A6633.CR2,_07A6633.CR2,0.06666666666666667,800.0,18.0,Canon EOS 5D Mark III
066,SIHDR_066,59,3,input\raw\sihdr\raw\066\_07A6632.CR2,_07A6632.CR2,0.008,800.0,18.0,Canon EOS 5D Mark III
066,SIHDR_066,59,4,input\raw\sihdr\raw\066\_07A6631.CR2,_07A6631.CR2,0.001,800.0,18.0,Canon EOS 5D Mark III
067,SIHDR_067,60,0,input\raw\sihdr\raw\067\_07A6642.CR2,_07A6642.CR2,4.0,100.0,32.0,Canon EOS 5D Mark III
067,SIHDR_067,60,1,input\raw\sihdr\raw\067\_07A6641.CR2,_07A6641.CR2,0.5,100.0,32.0,Canon EOS 5D Mark III
067,SIHDR_067,60,2,input\raw\sihdr\raw\067\_07A6640.CR2,_07A6640.CR2,0.06666666666666667,100.0,32.0,Canon EOS 5D Mark III
067,SIHDR_067,60,3,input\raw\sihdr\raw\067\_07A6639.CR2,_07A6639.CR2,0.008,100.0,32.0,Canon EOS 5D Mark III
067,SIHDR_067,60,4,input\raw\sihdr\raw\067\_07A6638.CR2,_07A6638.CR2,0.001,100.0,32.0,Canon EOS 5D Mark III
068,SIHDR_068,61,0,input\raw\sihdr\raw\068\_07A6649.CR2,_07A6649.CR2,4.0,100.0,40.0,Canon EOS 5D Mark III
068,SIHDR_068,61,1,input\raw\sihdr\raw\068\_07A6648.CR2,_07A6648.CR2,0.5,100.0,40.0,Canon EOS 5D Mark III
068,SIHDR_068,61,2,input\raw\sihdr\raw\068\_07A6647.CR2,_07A6647.CR2,0.06666666666666667,100.0,40.0,Canon EOS 5D Mark III
068,SIHDR_068,61,3,input\raw\sihdr\raw\068\_07A6646.CR2,_07A6646.CR2,0.008,100.0,40.0,Canon EOS 5D Mark III
068,SIHDR_068,61,4,input\raw\sihdr\raw\068\_07A6645.CR2,_07A6645.CR2,0.001,100.0,40.0,Canon EOS 5D Mark III
069,SIHDR_069,62,0,input\raw\sihdr\raw\069\_07A6656.CR2,_07A6656.CR2,4.0,100.0,40.0,Canon EOS 5D Mark III
069,SIHDR_069,62,1,input\raw\sihdr\raw\069\_07A6655.CR2,_07A6655.CR2,0.5,100.0,40.0,Canon EOS 5D Mark III
069,SIHDR_069,62,2,input\raw\sihdr\raw\069\_07A6654.CR2,_07A6654.CR2,0.06666666666666667,100.0,40.0,Canon EOS 5D Mark III
069,SIHDR_069,62,3,input\raw\sihdr\raw\069\_07A6653.CR2,_07A6653.CR2,0.008,100.0,40.0,Canon EOS 5D Mark III
069,SIHDR_069,62,4,input\raw\sihdr\raw\069\_07A6652.CR2,_07A6652.CR2,0.001,100.0,40.0,Canon EOS 5D Mark III
070,SIHDR_070,63,0,input\raw\sihdr\raw\070\_07A6663.CR2,_07A6663.CR2,4.0,100.0,36.0,Canon EOS 5D Mark III
070,SIHDR_070,63,1,input\raw\sihdr\raw\070\_07A6662.CR2,_07A6662.CR2,0.5,100.0,36.0,Canon EOS 5D Mark III
070,SIHDR_070,63,2,input\raw\sihdr\raw\070\_07A6661.CR2,_07A6661.CR2,0.06666666666666667,100.0,36.0,Canon EOS 5D Mark III
070,SIHDR_070,63,3,input\raw\sihdr\raw\070\_07A6660.CR2,_07A6660.CR2,0.008,100.0,36.0,Canon EOS 5D Mark III
070,SIHDR_070,63,4,input\raw\sihdr\raw\070\_07A6659.CR2,_07A6659.CR2,0.001,100.0,36.0,Canon EOS 5D Mark III
071,SIHDR_071,64,0,input\raw\sihdr\raw\071\_07A6670.CR2,_07A6670.CR2,4.0,100.0,32.0,Canon EOS 5D Mark III
071,SIHDR_071,64,1,input\raw\sihdr\raw\071\_07A6669.CR2,_07A6669.CR2,0.5,100.0,32.0,Canon EOS 5D Mark III
071,SIHDR_071,64,2,input\raw\sihdr\raw\071\_07A6668.CR2,_07A6668.CR2,0.06666666666666667,100.0,32.0,Canon EOS 5D Mark III
071,SIHDR_071,64,3,input\raw\sihdr\raw\071\_07A6667.CR2,_07A6667.CR2,0.008,100.0,32.0,Canon EOS 5D Mark III
071,SIHDR_071,64,4,input\raw\sihdr\raw\071\_07A6666.CR2,_07A6666.CR2,0.001,100.0,32.0,Canon EOS 5D Mark III
072,SIHDR_072,65,0,input\raw\sihdr\raw\072\_07A6677.CR2,_07A6677.CR2,4.0,100.0,40.0,Canon EOS 5D Mark III
072,SIHDR_072,65,1,input\raw\sihdr\raw\072\_07A6676.CR2,_07A6676.CR2,0.5,100.0,40.0,Canon EOS 5D Mark III
072,SIHDR_072,65,2,input\raw\sihdr\raw\072\_07A6675.CR2,_07A6675.CR2,0.06666666666666667,100.0,40.0,Canon EOS 5D Mark III
072,SIHDR_072,65,3,input\raw\sihdr\raw\072\_07A6674.CR2,_07A6674.CR2,0.008,100.0,40.0,Canon EOS 5D Mark III
072,SIHDR_072,65,4,input\raw\sihdr\raw\072\_07A6673.CR2,_07A6673.CR2,0.001,100.0,40.0,Canon EOS 5D Mark III
073,SIHDR_073,66,0,input\raw\sihdr\raw\073\_07A6684.CR2,_07A6684.CR2,4.0,100.0,36.0,Canon EOS 5D Mark III
073,SIHDR_073,66,1,input\raw\sihdr\raw\073\_07A6683.CR2,_07A6683.CR2,0.5,100.0,36.0,Canon EOS 5D Mark III
073,SIHDR_073,66,2,input\raw\sihdr\raw\073\_07A6682.CR2,_07A6682.CR2,0.06666666666666667,100.0,36.0,Canon EOS 5D Mark III
073,SIHDR_073,66,3,input\raw\sihdr\raw\073\_07A6681.CR2,_07A6681.CR2,0.008,100.0,36.0,Canon EOS 5D Mark III
073,SIHDR_073,66,4,input\raw\sihdr\raw\073\_07A6680.CR2,_07A6680.CR2,0.001,100.0,36.0,Canon EOS 5D Mark III
074,SIHDR_074,67,0,input\raw\sihdr\raw\074\_07A6691.CR2,_07A6691.CR2,4.0,100.0,22.0,Canon EOS 5D Mark III
074,SIHDR_074,67,1,input\raw\sihdr\raw\074\_07A6690.CR2,_07A6690.CR2,0.5,100.0,22.0,Canon EOS 5D Mark III
074,SIHDR_074,67,2,input\raw\sihdr\raw\074\_07A6689.CR2,_07A6689.CR2,0.06666666666666667,100.0,22.0,Canon EOS 5D Mark III
074,SIHDR_074,67,3,input\raw\sihdr\raw\074\_07A6688.CR2,_07A6688.CR2,0.008,100.0,22.0,Canon EOS 5D Mark III
074,SIHDR_074,67,4,input\raw\sihdr\raw\074\_07A6687.CR2,_07A6687.CR2,0.001,100.0,22.0,Canon EOS 5D Mark III
075,SIHDR_075,68,0,input\raw\sihdr\raw\075\_07A6698.CR2,_07A6698.CR2,4.0,100.0,22.0,Canon EOS 5D Mark III
075,SIHDR_075,68,1,input\raw\sihdr\raw\075\_07A6697.CR2,_07A6697.CR2,0.5,100.0,22.0,Canon EOS 5D Mark III
075,SIHDR_075,68,2,input\raw\sihdr\raw\075\_07A6696.CR2,_07A6696.CR2,0.06666666666666667,100.0,22.0,Canon EOS 5D Mark III
075,SIHDR_075,68,3,input\raw\sihdr\raw\075\_07A6695.CR2,_07A6695.CR2,0.008,100.0,22.0,Canon EOS 5D Mark III
075,SIHDR_075,68,4,input\raw\sihdr\raw\075\_07A6694.CR2,_07A6694.CR2,0.001,100.0,22.0,Canon EOS 5D Mark III
076,SIHDR_076,69,0,input\raw\sihdr\raw\076\_07A6705.CR2,_07A6705.CR2,4.0,400.0,22.0,Canon EOS 5D Mark III
076,SIHDR_076,69,1,input\raw\sihdr\raw\076\_07A6704.CR2,_07A6704.CR2,0.5,400.0,22.0,Canon EOS 5D Mark III
076,SIHDR_076,69,2,input\raw\sihdr\raw\076\_07A6703.CR2,_07A6703.CR2,0.06666666666666667,400.0,22.0,Canon EOS 5D Mark III
076,SIHDR_076,69,3,input\raw\sihdr\raw\076\_07A6702.CR2,_07A6702.CR2,0.008,400.0,22.0,Canon EOS 5D Mark III
076,SIHDR_076,69,4,input\raw\sihdr\raw\076\_07A6701.CR2,_07A6701.CR2,0.001,400.0,22.0,Canon EOS 5D Mark III
077,SIHDR_077,70,0,input\raw\sihdr\raw\077\_07A6712.CR2,_07A6712.CR2,4.0,400.0,22.0,Canon EOS 5D Mark III
077,SIHDR_077,70,1,input\raw\sihdr\raw\077\_07A6711.CR2,_07A6711.CR2,0.5,400.0,22.0,Canon EOS 5D Mark III
077,SIHDR_077,70,2,input\raw\sihdr\raw\077\_07A6710.CR2,_07A6710.CR2,0.06666666666666667,400.0,22.0,Canon EOS 5D Mark III
077,SIHDR_077,70,3,input\raw\sihdr\raw\077\_07A6709.CR2,_07A6709.CR2,0.008,400.0,22.0,Canon EOS 5D Mark III
077,SIHDR_077,70,4,input\raw\sihdr\raw\077\_07A6708.CR2,_07A6708.CR2,0.001,400.0,22.0,Canon EOS 5D Mark III
078,SIHDR_078,71,0,input\raw\sihdr\raw\078\_07A6719.CR2,_07A6719.CR2,4.0,400.0,22.0,Canon EOS 5D Mark III
078,SIHDR_078,71,1,input\raw\sihdr\raw\078\_07A6718.CR2,_07A6718.CR2,0.5,400.0,22.0,Canon EOS 5D Mark III
078,SIHDR_078,71,2,input\raw\sihdr\raw\078\_07A6717.CR2,_07A6717.CR2,0.06666666666666667,400.0,22.0,Canon EOS 5D Mark III
078,SIHDR_078,71,3,input\raw\sihdr\raw\078\_07A6716.CR2,_07A6716.CR2,0.008,400.0,22.0,Canon EOS 5D Mark III
078,SIHDR_078,71,4,input\raw\sihdr\raw\078\_07A6715.CR2,_07A6715.CR2,0.001,400.0,22.0,Canon EOS 5D Mark III
079,SIHDR_079,72,0,input\raw\sihdr\raw\079\_07A6726.CR2,_07A6726.CR2,4.0,200.0,22.0,Canon EOS 5D Mark III
079,SIHDR_079,72,1,input\raw\sihdr\raw\079\_07A6725.CR2,_07A6725.CR2,0.5,200.0,22.0,Canon EOS 5D Mark III
079,SIHDR_079,72,2,input\raw\sihdr\raw\079\_07A6724.CR2,_07A6724.CR2,0.06666666666666667,200.0,22.0,Canon EOS 5D Mark III
079,SIHDR_079,72,3,input\raw\sihdr\raw\079\_07A6723.CR2,_07A6723.CR2,0.008,200.0,22.0,Canon EOS 5D Mark III
079,SIHDR_079,72,4,input\raw\sihdr\raw\079\_07A6722.CR2,_07A6722.CR2,0.001,200.0,22.0,Canon EOS 5D Mark III
080,SIHDR_080,73,0,input\raw\sihdr\raw\080\_07A6733.CR2,_07A6733.CR2,4.0,100.0,22.0,Canon EOS 5D Mark III
080,SIHDR_080,73,1,input\raw\sihdr\raw\080\_07A6732.CR2,_07A6732.CR2,0.5,100.0,22.0,Canon EOS 5D Mark III
080,SIHDR_080,73,2,input\raw\sihdr\raw\080\_07A6731.CR2,_07A6731.CR2,0.06666666666666667,100.0,22.0,Canon EOS 5D Mark III
080,SIHDR_080,73,3,input\raw\sihdr\raw\080\_07A6730.CR2,_07A6730.CR2,0.008,100.0,22.0,Canon EOS 5D Mark III
080,SIHDR_080,73,4,input\raw\sihdr\raw\080\_07A6729.CR2,_07A6729.CR2,0.001,100.0,22.0,Canon EOS 5D Mark III
081,SIHDR_081,74,0,input\raw\sihdr\raw\081\_07A6740.CR2,_07A6740.CR2,4.0,100.0,22.0,Canon EOS 5D Mark III
081,SIHDR_081,74,1,input\raw\sihdr\raw\081\_07A6739.CR2,_07A6739.CR2,0.5,100.0,22.0,Canon EOS 5D Mark III
081,SIHDR_081,74,2,input\raw\sihdr\raw\081\_07A6738.CR2,_07A6738.CR2,0.06666666666666667,100.0,22.0,Canon EOS 5D Mark III
081,SIHDR_081,74,3,input\raw\sihdr\raw\081\_07A6737.CR2,_07A6737.CR2,0.008,100.0,22.0,Canon EOS 5D Mark III
081,SIHDR_081,74,4,input\raw\sihdr\raw\081\_07A6736.CR2,_07A6736.CR2,0.001,100.0,22.0,Canon EOS 5D Mark III
082,SIHDR_082,75,0,input\raw\sihdr\raw\082\_07A6747.CR2,_07A6747.CR2,4.0,100.0,22.0,Canon EOS 5D Mark III
082,SIHDR_082,75,1,input\raw\sihdr\raw\082\_07A6746.CR2,_07A6746.CR2,0.5,100.0,22.0,Canon EOS 5D Mark III
082,SIHDR_082,75,2,input\raw\sihdr\raw\082\_07A6745.CR2,_07A6745.CR2,0.06666666666666667,100.0,22.0,Canon EOS 5D Mark III
082,SIHDR_082,75,3,input\raw\sihdr\raw\082\_07A6744.CR2,_07A6744.CR2,0.008,100.0,22.0,Canon EOS 5D Mark III
082,SIHDR_082,75,4,input\raw\sihdr\raw\082\_07A6743.CR2,_07A6743.CR2,0.001,100.0,22.0,Canon EOS 5D Mark III
083,SIHDR_083,76,0,input\raw\sihdr\raw\083\_07A6754.CR2,_07A6754.CR2,4.0,100.0,22.0,Canon EOS 5D Mark III
083,SIHDR_083,76,1,input\raw\sihdr\raw\083\_07A6753.CR2,_07A6753.CR2,0.5,100.0,22.0,Canon EOS 5D Mark III
083,SIHDR_083,76,2,input\raw\sihdr\raw\083\_07A6752.CR2,_07A6752.CR2,0.06666666666666667,100.0,22.0,Canon EOS 5D Mark III
083,SIHDR_083,76,3,input\raw\sihdr\raw\083\_07A6751.CR2,_07A6751.CR2,0.008,100.0,22.0,Canon EOS 5D Mark III
083,SIHDR_083,76,4,input\raw\sihdr\raw\083\_07A6750.CR2,_07A6750.CR2,0.001,100.0,22.0,Canon EOS 5D Mark III
084,SIHDR_084,77,0,input\raw\sihdr\raw\084\_07A6761.CR2,_07A6761.CR2,4.0,100.0,22.0,Canon EOS 5D Mark III
084,SIHDR_084,77,1,input\raw\sihdr\raw\084\_07A6760.CR2,_07A6760.CR2,0.5,100.0,22.0,Canon EOS 5D Mark III
084,SIHDR_084,77,2,input\raw\sihdr\raw\084\_07A6759.CR2,_07A6759.CR2,0.06666666666666667,100.0,22.0,Canon EOS 5D Mark III
084,SIHDR_084,77,3,input\raw\sihdr\raw\084\_07A6758.CR2,_07A6758.CR2,0.008,100.0,22.0,Canon EOS 5D Mark III
084,SIHDR_084,77,4,input\raw\sihdr\raw\084\_07A6757.CR2,_07A6757.CR2,0.001,100.0,22.0,Canon EOS 5D Mark III
085,SIHDR_085,78,0,input\raw\sihdr\raw\085\_07A6768.CR2,_07A6768.CR2,4.0,100.0,22.0,Canon EOS 5D Mark III
085,SIHDR_085,78,1,input\raw\sihdr\raw\085\_07A6767.CR2,_07A6767.CR2,0.5,100.0,22.0,Canon EOS 5D Mark III
085,SIHDR_085,78,2,input\raw\sihdr\raw\085\_07A6766.CR2,_07A6766.CR2,0.06666666666666667,100.0,22.0,Canon EOS 5D Mark III
085,SIHDR_085,78,3,input\raw\sihdr\raw\085\_07A6765.CR2,_07A6765.CR2,0.008,100.0,22.0,Canon EOS 5D Mark III
085,SIHDR_085,78,4,input\raw\sihdr\raw\085\_07A6764.CR2,_07A6764.CR2,0.001,100.0,22.0,Canon EOS 5D Mark III
086,SIHDR_086,79,0,input\raw\sihdr\raw\086\_07A6775.CR2,_07A6775.CR2,4.0,100.0,22.0,Canon EOS 5D Mark III
086,SIHDR_086,79,1,input\raw\sihdr\raw\086\_07A6774.CR2,_07A6774.CR2,0.5,100.0,22.0,Canon EOS 5D Mark III
086,SIHDR_086,79,2,input\raw\sihdr\raw\086\_07A6773.CR2,_07A6773.CR2,0.06666666666666667,100.0,22.0,Canon EOS 5D Mark III
086,SIHDR_086,79,3,input\raw\sihdr\raw\086\_07A6772.CR2,_07A6772.CR2,0.008,100.0,22.0,Canon EOS 5D Mark III
086,SIHDR_086,79,4,input\raw\sihdr\raw\086\_07A6771.CR2,_07A6771.CR2,0.001,100.0,22.0,Canon EOS 5D Mark III
087,SIHDR_087,80,0,input\raw\sihdr\raw\087\_07A6782.CR2,_07A6782.CR2,4.0,100.0,22.0,Canon EOS 5D Mark III
087,SIHDR_087,80,1,input\raw\sihdr\raw\087\_07A6781.CR2,_07A6781.CR2,0.5,100.0,22.0,Canon EOS 5D Mark III
087,SIHDR_087,80,2,input\raw\sihdr\raw\087\_07A6780.CR2,_07A6780.CR2,0.06666666666666667,100.0,22.0,Canon EOS 5D Mark III
087,SIHDR_087,80,3,input\raw\sihdr\raw\087\_07A6779.CR2,_07A6779.CR2,0.008,100.0,22.0,Canon EOS 5D Mark III
087,SIHDR_087,80,4,input\raw\sihdr\raw\087\_07A6778.CR2,_07A6778.CR2,0.001,100.0,22.0,Canon EOS 5D Mark III
088,SIHDR_088,81,0,input\raw\sihdr\raw\088\_07A6789.CR2,_07A6789.CR2,4.0,100.0,22.0,Canon EOS 5D Mark III
088,SIHDR_088,81,1,input\raw\sihdr\raw\088\_07A6788.CR2,_07A6788.CR2,0.5,100.0,22.0,Canon EOS 5D Mark III
088,SIHDR_088,81,2,input\raw\sihdr\raw\088\_07A6787.CR2,_07A6787.CR2,0.06666666666666667,100.0,22.0,Canon EOS 5D Mark III
088,SIHDR_088,81,3,input\raw\sihdr\raw\088\_07A6786.CR2,_07A6786.CR2,0.008,100.0,22.0,Canon EOS 5D Mark III
088,SIHDR_088,81,4,input\raw\sihdr\raw\088\_07A6785.CR2,_07A6785.CR2,0.001,100.0,22.0,Canon EOS 5D Mark III
089,SIHDR_089,82,0,input\raw\sihdr\raw\089\_07A6796.CR2,_07A6796.CR2,4.0,100.0,22.0,Canon EOS 5D Mark III
089,SIHDR_089,82,1,input\raw\sihdr\raw\089\_07A6795.CR2,_07A6795.CR2,0.5,100.0,22.0,Canon EOS 5D Mark III
089,SIHDR_089,82,2,input\raw\sihdr\raw\089\_07A6794.CR2,_07A6794.CR2,0.06666666666666667,100.0,22.0,Canon EOS 5D Mark III
089,SIHDR_089,82,3,input\raw\sihdr\raw\089\_07A6793.CR2,_07A6793.CR2,0.008,100.0,22.0,Canon EOS 5D Mark III
089,SIHDR_089,82,4,input\raw\sihdr\raw\089\_07A6792.CR2,_07A6792.CR2,0.001,100.0,22.0,Canon EOS 5D Mark III
090,SIHDR_090,83,0,input\raw\sihdr\raw\090\_07A6803.CR2,_07A6803.CR2,4.0,100.0,22.0,Canon EOS 5D Mark III
090,SIHDR_090,83,1,input\raw\sihdr\raw\090\_07A6802.CR2,_07A6802.CR2,0.5,100.0,22.0,Canon EOS 5D Mark III
090,SIHDR_090,83,2,input\raw\sihdr\raw\090\_07A6801.CR2,_07A6801.CR2,0.06666666666666667,100.0,22.0,Canon EOS 5D Mark III
090,SIHDR_090,83,3,input\raw\sihdr\raw\090\_07A6800.CR2,_07A6800.CR2,0.008,100.0,22.0,Canon EOS 5D Mark III
090,SIHDR_090,83,4,input\raw\sihdr\raw\090\_07A6799.CR2,_07A6799.CR2,0.001,100.0,22.0,Canon EOS 5D Mark III
091,SIHDR_091,84,0,input\raw\sihdr\raw\091\_07A6810.CR2,_07A6810.CR2,4.0,100.0,22.0,Canon EOS 5D Mark III
091,SIHDR_091,84,1,input\raw\sihdr\raw\091\_07A6809.CR2,_07A6809.CR2,0.5,100.0,22.0,Canon EOS 5D Mark III
091,SIHDR_091,84,2,input\raw\sihdr\raw\091\_07A6808.CR2,_07A6808.CR2,0.06666666666666667,100.0,22.0,Canon EOS 5D Mark III
091,SIHDR_091,84,3,input\raw\sihdr\raw\091\_07A6807.CR2,_07A6807.CR2,0.008,100.0,22.0,Canon EOS 5D Mark III
091,SIHDR_091,84,4,input\raw\sihdr\raw\091\_07A6806.CR2,_07A6806.CR2,0.001,100.0,22.0,Canon EOS 5D Mark III
092,SIHDR_092,85,0,input\raw\sihdr\raw\092\_07A6817.CR2,_07A6817.CR2,4.0,100.0,22.0,Canon EOS 5D Mark III
092,SIHDR_092,85,1,input\raw\sihdr\raw\092\_07A6816.CR2,_07A6816.CR2,0.5,100.0,22.0,Canon EOS 5D Mark III
092,SIHDR_092,85,2,input\raw\sihdr\raw\092\_07A6815.CR2,_07A6815.CR2,0.06666666666666667,100.0,22.0,Canon EOS 5D Mark III
092,SIHDR_092,85,3,input\raw\sihdr\raw\092\_07A6814.CR2,_07A6814.CR2,0.008,100.0,22.0,Canon EOS 5D Mark III
092,SIHDR_092,85,4,input\raw\sihdr\raw\092\_07A6813.CR2,_07A6813.CR2,0.001,100.0,22.0,Canon EOS 5D Mark III
093,SIHDR_093,86,0,input\raw\sihdr\raw\093\_07A6824.CR2,_07A6824.CR2,4.0,100.0,22.0,Canon EOS 5D Mark III
093,SIHDR_093,86,1,input\raw\sihdr\raw\093\_07A6823.CR2,_07A6823.CR2,0.5,100.0,22.0,Canon EOS 5D Mark III
093,SIHDR_093,86,2,input\raw\sihdr\raw\093\_07A6822.CR2,_07A6822.CR2,0.06666666666666667,100.0,22.0,Canon EOS 5D Mark III
093,SIHDR_093,86,3,input\raw\sihdr\raw\093\_07A6821.CR2,_07A6821.CR2,0.008,100.0,22.0,Canon EOS 5D Mark III
093,SIHDR_093,86,4,input\raw\sihdr\raw\093\_07A6820.CR2,_07A6820.CR2,0.001,100.0,22.0,Canon EOS 5D Mark III
096,SIHDR_096,87,0,input\raw\sihdr\raw\096\_07A6937.CR2,_07A6937.CR2,4.0,800.0,11.0,Canon EOS 5D Mark III
096,SIHDR_096,87,1,input\raw\sihdr\raw\096\_07A6936.CR2,_07A6936.CR2,0.5,800.0,11.0,Canon EOS 5D Mark III
096,SIHDR_096,87,2,input\raw\sihdr\raw\096\_07A6935.CR2,_07A6935.CR2,0.06666666666666667,800.0,11.0,Canon EOS 5D Mark III
096,SIHDR_096,87,3,input\raw\sihdr\raw\096\_07A6934.CR2,_07A6934.CR2,0.008,800.0,11.0,Canon EOS 5D Mark III
096,SIHDR_096,87,4,input\raw\sihdr\raw\096\_07A6933.CR2,_07A6933.CR2,0.001,800.0,11.0,Canon EOS 5D Mark III
097,SIHDR_097,88,0,input\raw\sihdr\raw\097\_07A6944.CR2,_07A6944.CR2,4.0,800.0,11.0,Canon EOS 5D Mark III
097,SIHDR_097,88,1,input\raw\sihdr\raw\097\_07A6943.CR2,_07A6943.CR2,0.5,800.0,11.0,Canon EOS 5D Mark III
097,SIHDR_097,88,2,input\raw\sihdr\raw\097\_07A6942.CR2,_07A6942.CR2,0.06666666666666667,800.0,11.0,Canon EOS 5D Mark III
097,SIHDR_097,88,3,input\raw\sihdr\raw\097\_07A6941.CR2,_07A6941.CR2,0.008,800.0,11.0,Canon EOS 5D Mark III
097,SIHDR_097,88,4,input\raw\sihdr\raw\097\_07A6940.CR2,_07A6940.CR2,0.001,800.0,11.0,Canon EOS 5D Mark III
098,SIHDR_098,89,0,input\raw\sihdr\raw\098\_07A6951.CR2,_07A6951.CR2,4.0,800.0,11.0,Canon EOS 5D Mark III
098,SIHDR_098,89,1,input\raw\sihdr\raw\098\_07A6950.CR2,_07A6950.CR2,0.5,800.0,11.0,Canon EOS 5D Mark III
098,SIHDR_098,89,2,input\raw\sihdr\raw\098\_07A6949.CR2,_07A6949.CR2,0.06666666666666667,800.0,11.0,Canon EOS 5D Mark III
098,SIHDR_098,89,3,input\raw\sihdr\raw\098\_07A6948.CR2,_07A6948.CR2,0.008,800.0,11.0,Canon EOS 5D Mark III
098,SIHDR_098,89,4,input\raw\sihdr\raw\098\_07A6947.CR2,_07A6947.CR2,0.001,800.0,11.0,Canon EOS 5D Mark III
099,SIHDR_099,90,0,input\raw\sihdr\raw\099\_07A6958.CR2,_07A6958.CR2,4.0,800.0,11.0,Canon EOS 5D Mark III
099,SIHDR_099,90,1,input\raw\sihdr\raw\099\_07A6957.CR2,_07A6957.CR2,0.5,800.0,11.0,Canon EOS 5D Mark III
099,SIHDR_099,90,2,input\raw\sihdr\raw\099\_07A6956.CR2,_07A6956.CR2,0.06666666666666667,800.0,11.0,Canon EOS 5D Mark III
099,SIHDR_099,90,3,input\raw\sihdr\raw\099\_07A6955.CR2,_07A6955.CR2,0.008,800.0,11.0,Canon EOS 5D Mark III
099,SIHDR_099,90,4,input\raw\sihdr\raw\099\_07A6954.CR2,_07A6954.CR2,0.001,800.0,11.0,Canon EOS 5D Mark III
100,SIHDR_100,91,0,input\raw\sihdr\raw\100\_07A6965.CR2,_07A6965.CR2,4.0,800.0,11.0,Canon EOS 5D Mark III
100,SIHDR_100,91,1,input\raw\sihdr\raw\100\_07A6964.CR2,_07A6964.CR2,0.5,800.0,11.0,Canon EOS 5D Mark III
100,SIHDR_100,91,2,input\raw\sihdr\raw\100\_07A6963.CR2,_07A6963.CR2,0.06666666666666667,800.0,11.0,Canon EOS 5D Mark III
100,SIHDR_100,91,3,input\raw\sihdr\raw\100\_07A6962.CR2,_07A6962.CR2,0.008,800.0,11.0,Canon EOS 5D Mark III
100,SIHDR_100,91,4,input\raw\sihdr\raw\100\_07A6961.CR2,_07A6961.CR2,0.001,800.0,11.0,Canon EOS 5D Mark III
101,SIHDR_101,92,0,input\raw\sihdr\raw\101\_07A6972.CR2,_07A6972.CR2,4.0,800.0,11.0,Canon EOS 5D Mark III
101,SIHDR_101,92,1,input\raw\sihdr\raw\101\_07A6971.CR2,_07A6971.CR2,0.5,800.0,11.0,Canon EOS 5D Mark III
101,SIHDR_101,92,2,input\raw\sihdr\raw\101\_07A6970.CR2,_07A6970.CR2,0.06666666666666667,800.0,11.0,Canon EOS 5D Mark III
101,SIHDR_101,92,3,input\raw\sihdr\raw\101\_07A6969.CR2,_07A6969.CR2,0.008,800.0,11.0,Canon EOS 5D Mark III
101,SIHDR_101,92,4,input\raw\sihdr\raw\101\_07A6968.CR2,_07A6968.CR2,0.001,800.0,11.0,Canon EOS 5D Mark III
103,SIHDR_103,93,0,input\raw\sihdr\raw\103\_07A6993.CR2,_07A6993.CR2,3.2,800.0,11.0,Canon EOS 5D Mark III
103,SIHDR_103,93,1,input\raw\sihdr\raw\103\_07A6992.CR2,_07A6992.CR2,0.4,800.0,11.0,Canon EOS 5D Mark III
103,SIHDR_103,93,2,input\raw\sihdr\raw\103\_07A6991.CR2,_07A6991.CR2,0.05,800.0,11.0,Canon EOS 5D Mark III
103,SIHDR_103,93,3,input\raw\sihdr\raw\103\_07A6990.CR2,_07A6990.CR2,0.00625,800.0,11.0,Canon EOS 5D Mark III
103,SIHDR_103,93,4,input\raw\sihdr\raw\103\_07A6989.CR2,_07A6989.CR2,0.0008,800.0,11.0,Canon EOS 5D Mark III
104,SIHDR_104,94,0,input\raw\sihdr\raw\104\_07A7000.CR2,_07A7000.CR2,3.2,800.0,11.0,Canon EOS 5D Mark III
104,SIHDR_104,94,1,input\raw\sihdr\raw\104\_07A6999.CR2,_07A6999.CR2,0.4,800.0,11.0,Canon EOS 5D Mark III
104,SIHDR_104,94,2,input\raw\sihdr\raw\104\_07A6998.CR2,_07A6998.CR2,0.05,800.0,11.0,Canon EOS 5D Mark III
104,SIHDR_104,94,3,input\raw\sihdr\raw\104\_07A6997.CR2,_07A6997.CR2,0.00625,800.0,11.0,Canon EOS 5D Mark III
104,SIHDR_104,94,4,input\raw\sihdr\raw\104\_07A6996.CR2,_07A6996.CR2,0.0008,800.0,11.0,Canon EOS 5D Mark III
105,SIHDR_105,95,0,input\raw\sihdr\raw\105\_07A7007.CR2,_07A7007.CR2,4.0,800.0,10.0,Canon EOS 5D Mark III
105,SIHDR_105,95,1,input\raw\sihdr\raw\105\_07A7006.CR2,_07A7006.CR2,0.5,800.0,10.0,Canon EOS 5D Mark III
105,SIHDR_105,95,2,input\raw\sihdr\raw\105\_07A7005.CR2,_07A7005.CR2,0.06666666666666667,800.0,10.0,Canon EOS 5D Mark III
105,SIHDR_105,95,3,input\raw\sihdr\raw\105\_07A7004.CR2,_07A7004.CR2,0.008,800.0,10.0,Canon EOS 5D Mark III
105,SIHDR_105,95,4,input\raw\sihdr\raw\105\_07A7003.CR2,_07A7003.CR2,0.001,800.0,10.0,Canon EOS 5D Mark III
106,SIHDR_106,96,0,input\raw\sihdr\raw\106\_07A7014.CR2,_07A7014.CR2,4.0,800.0,10.0,Canon EOS 5D Mark III
106,SIHDR_106,96,1,input\raw\sihdr\raw\106\_07A7013.CR2,_07A7013.CR2,0.5,800.0,10.0,Canon EOS 5D Mark III
106,SIHDR_106,96,2,input\raw\sihdr\raw\106\_07A7012.CR2,_07A7012.CR2,0.06666666666666667,800.0,10.0,Canon EOS 5D Mark III
106,SIHDR_106,96,3,input\raw\sihdr\raw\106\_07A7011.CR2,_07A7011.CR2,0.008,800.0,10.0,Canon EOS 5D Mark III
106,SIHDR_106,96,4,input\raw\sihdr\raw\106\_07A7010.CR2,_07A7010.CR2,0.001,800.0,10.0,Canon EOS 5D Mark III
107,SIHDR_107,97,0,input\raw\sihdr\raw\107\_07A7021.CR2,_07A7021.CR2,4.0,800.0,10.0,Canon EOS 5D Mark III
107,SIHDR_107,97,1,input\raw\sihdr\raw\107\_07A7020.CR2,_07A7020.CR2,0.5,800.0,10.0,Canon EOS 5D Mark III
107,SIHDR_107,97,2,input\raw\sihdr\raw\107\_07A7019.CR2,_07A7019.CR2,0.06666666666666667,800.0,10.0,Canon EOS 5D Mark III
107,SIHDR_107,97,3,input\raw\sihdr\raw\107\_07A7018.CR2,_07A7018.CR2,0.008,800.0,10.0,Canon EOS 5D Mark III
107,SIHDR_107,97,4,input\raw\sihdr\raw\107\_07A7017.CR2,_07A7017.CR2,0.001,800.0,10.0,Canon EOS 5D Mark III
108,SIHDR_108,98,0,input\raw\sihdr\raw\108\_07A7028.CR2,_07A7028.CR2,4.0,800.0,10.0,Canon EOS 5D Mark III
108,SIHDR_108,98,1,input\raw\sihdr\raw\108\_07A7027.CR2,_07A7027.CR2,0.5,800.0,10.0,Canon EOS 5D Mark III
108,SIHDR_108,98,2,input\raw\sihdr\raw\108\_07A7026.CR2,_07A7026.CR2,0.06666666666666667,800.0,10.0,Canon EOS 5D Mark III
108,SIHDR_108,98,3,input\raw\sihdr\raw\108\_07A7025.CR2,_07A7025.CR2,0.008,800.0,10.0,Canon EOS 5D Mark III
108,SIHDR_108,98,4,input\raw\sihdr\raw\108\_07A7024.CR2,_07A7024.CR2,0.001,800.0,10.0,Canon EOS 5D Mark III
109,SIHDR_109,99,0,input\raw\sihdr\raw\109\_07A7035.CR2,_07A7035.CR2,4.0,800.0,10.0,Canon EOS 5D Mark III
109,SIHDR_109,99,1,input\raw\sihdr\raw\109\_07A7034.CR2,_07A7034.CR2,0.5,800.0,10.0,Canon EOS 5D Mark III
109,SIHDR_109,99,2,input\raw\sihdr\raw\109\_07A7033.CR2,_07A7033.CR2,0.06666666666666667,800.0,10.0,Canon EOS 5D Mark III
109,SIHDR_109,99,3,input\raw\sihdr\raw\109\_07A7032.CR2,_07A7032.CR2,0.008,800.0,10.0,Canon EOS 5D Mark III
109,SIHDR_109,99,4,input\raw\sihdr\raw\109\_07A7031.CR2,_07A7031.CR2,0.001,800.0,10.0,Canon EOS 5D Mark III
110,SIHDR_110,100,0,input\raw\sihdr\raw\110\_07A7042.CR2,_07A7042.CR2,4.0,800.0,10.0,Canon EOS 5D Mark III
110,SIHDR_110,100,1,input\raw\sihdr\raw\110\_07A7041.CR2,_07A7041.CR2,0.5,800.0,10.0,Canon EOS 5D Mark III
110,SIHDR_110,100,2,input\raw\sihdr\raw\110\_07A7040.CR2,_07A7040.CR2,0.06666666666666667,800.0,10.0,Canon EOS 5D Mark III
110,SIHDR_110,100,3,input\raw\sihdr\raw\110\_07A7039.CR2,_07A7039.CR2,0.008,800.0,10.0,Canon EOS 5D Mark III
110,SIHDR_110,100,4,input\raw\sihdr\raw\110\_07A7038.CR2,_07A7038.CR2,0.001,800.0,10.0,Canon EOS 5D Mark III
111,SIHDR_111,101,0,input\raw\sihdr\raw\111\_07A7049.CR2,_07A7049.CR2,4.0,800.0,10.0,Canon EOS 5D Mark III
111,SIHDR_111,101,1,input\raw\sihdr\raw\111\_07A7048.CR2,_07A7048.CR2,0.5,800.0,10.0,Canon EOS 5D Mark III
111,SIHDR_111,101,2,input\raw\sihdr\raw\111\_07A7047.CR2,_07A7047.CR2,0.06666666666666667,800.0,10.0,Canon EOS 5D Mark III
111,SIHDR_111,101,3,input\raw\sihdr\raw\111\_07A7046.CR2,_07A7046.CR2,0.008,800.0,10.0,Canon EOS 5D Mark III
111,SIHDR_111,101,4,input\raw\sihdr\raw\111\_07A7045.CR2,_07A7045.CR2,0.001,800.0,10.0,Canon EOS 5D Mark III
112,SIHDR_112,102,0,input\raw\sihdr\raw\112\_07A7056.CR2,_07A7056.CR2,4.0,800.0,10.0,Canon EOS 5D Mark III
112,SIHDR_112,102,1,input\raw\sihdr\raw\112\_07A7055.CR2,_07A7055.CR2,0.5,800.0,10.0,Canon EOS 5D Mark III
112,SIHDR_112,102,2,input\raw\sihdr\raw\112\_07A7054.CR2,_07A7054.CR2,0.06666666666666667,800.0,10.0,Canon EOS 5D Mark III
112,SIHDR_112,102,3,input\raw\sihdr\raw\112\_07A7053.CR2,_07A7053.CR2,0.008,800.0,10.0,Canon EOS 5D Mark III
112,SIHDR_112,102,4,input\raw\sihdr\raw\112\_07A7052.CR2,_07A7052.CR2,0.001,800.0,10.0,Canon EOS 5D Mark III
113,SIHDR_113,103,0,input\raw\sihdr\raw\113\_07A7063.CR2,_07A7063.CR2,4.0,800.0,10.0,Canon EOS 5D Mark III
113,SIHDR_113,103,1,input\raw\sihdr\raw\113\_07A7062.CR2,_07A7062.CR2,0.5,800.0,10.0,Canon EOS 5D Mark III
113,SIHDR_113,103,2,input\raw\sihdr\raw\113\_07A7061.CR2,_07A7061.CR2,0.06666666666666667,800.0,10.0,Canon EOS 5D Mark III
113,SIHDR_113,103,3,input\raw\sihdr\raw\113\_07A7060.CR2,_07A7060.CR2,0.008,800.0,10.0,Canon EOS 5D Mark III
113,SIHDR_113,103,4,input\raw\sihdr\raw\113\_07A7059.CR2,_07A7059.CR2,0.001,800.0,10.0,Canon EOS 5D Mark III
114,SIHDR_114,104,0,input\raw\sihdr\raw\114\_07A7070.CR2,_07A7070.CR2,4.0,800.0,10.0,Canon EOS 5D Mark III
114,SIHDR_114,104,1,input\raw\sihdr\raw\114\_07A7069.CR2,_07A7069.CR2,0.5,800.0,10.0,Canon EOS 5D Mark III
114,SIHDR_114,104,2,input\raw\sihdr\raw\114\_07A7068.CR2,_07A7068.CR2,0.06666666666666667,800.0,10.0,Canon EOS 5D Mark III
114,SIHDR_114,104,3,input\raw\sihdr\raw\114\_07A7067.CR2,_07A7067.CR2,0.008,800.0,10.0,Canon EOS 5D Mark III
114,SIHDR_114,104,4,input\raw\sihdr\raw\114\_07A7066.CR2,_07A7066.CR2,0.001,800.0,10.0,Canon EOS 5D Mark III
115,SIHDR_115,105,0,input\raw\sihdr\raw\115\_07A7077.CR2,_07A7077.CR2,4.0,800.0,10.0,Canon EOS 5D Mark III
115,SIHDR_115,105,1,input\raw\sihdr\raw\115\_07A7076.CR2,_07A7076.CR2,0.5,800.0,10.0,Canon EOS 5D Mark III
115,SIHDR_115,105,2,input\raw\sihdr\raw\115\_07A7075.CR2,_07A7075.CR2,0.06666666666666667,800.0,10.0,Canon EOS 5D Mark III
115,SIHDR_115,105,3,input\raw\sihdr\raw\115\_07A7074.CR2,_07A7074.CR2,0.008,800.0,10.0,Canon EOS 5D Mark III
115,SIHDR_115,105,4,input\raw\sihdr\raw\115\_07A7073.CR2,_07A7073.CR2,0.001,800.0,10.0,Canon EOS 5D Mark III
116,SIHDR_116,106,0,input\raw\sihdr\raw\116\_07A7084.CR2,_07A7084.CR2,4.0,800.0,10.0,Canon EOS 5D Mark III
116,SIHDR_116,106,1,input\raw\sihdr\raw\116\_07A7083.CR2,_07A7083.CR2,0.5,800.0,10.0,Canon EOS 5D Mark III
116,SIHDR_116,106,2,input\raw\sihdr\raw\116\_07A7082.CR2,_07A7082.CR2,0.06666666666666667,800.0,10.0,Canon EOS 5D Mark III
116,SIHDR_116,106,3,input\raw\sihdr\raw\116\_07A7081.CR2,_07A7081.CR2,0.008,800.0,10.0,Canon EOS 5D Mark III
116,SIHDR_116,106,4,input\raw\sihdr\raw\116\_07A7080.CR2,_07A7080.CR2,0.001,800.0,10.0,Canon EOS 5D Mark III
117,SIHDR_117,107,0,input\raw\sihdr\raw\117\_07A7091.CR2,_07A7091.CR2,4.0,800.0,10.0,Canon EOS 5D Mark III
117,SIHDR_117,107,1,input\raw\sihdr\raw\117\_07A7090.CR2,_07A7090.CR2,0.5,800.0,10.0,Canon EOS 5D Mark III
117,SIHDR_117,107,2,input\raw\sihdr\raw\117\_07A7089.CR2,_07A7089.CR2,0.06666666666666667,800.0,10.0,Canon EOS 5D Mark III
117,SIHDR_117,107,3,input\raw\sihdr\raw\117\_07A7088.CR2,_07A7088.CR2,0.008,800.0,10.0,Canon EOS 5D Mark III
117,SIHDR_117,107,4,input\raw\sihdr\raw\117\_07A7087.CR2,_07A7087.CR2,0.001,800.0,10.0,Canon EOS 5D Mark III
118,SIHDR_118,108,0,input\raw\sihdr\raw\118\_07A7098.CR2,_07A7098.CR2,4.0,800.0,10.0,Canon EOS 5D Mark III
118,SIHDR_118,108,1,input\raw\sihdr\raw\118\_07A7097.CR2,_07A7097.CR2,0.5,800.0,10.0,Canon EOS 5D Mark III
118,SIHDR_118,108,2,input\raw\sihdr\raw\118\_07A7096.CR2,_07A7096.CR2,0.06666666666666667,800.0,10.0,Canon EOS 5D Mark III
118,SIHDR_118,108,3,input\raw\sihdr\raw\118\_07A7095.CR2,_07A7095.CR2,0.008,800.0,10.0,Canon EOS 5D Mark III
118,SIHDR_118,108,4,input\raw\sihdr\raw\118\_07A7094.CR2,_07A7094.CR2,0.001,800.0,10.0,Canon EOS 5D Mark III
119,SIHDR_119,109,0,input\raw\sihdr\raw\119\_07A7105.CR2,_07A7105.CR2,4.0,800.0,10.0,Canon EOS 5D Mark III
119,SIHDR_119,109,1,input\raw\sihdr\raw\119\_07A7104.CR2,_07A7104.CR2,0.5,800.0,10.0,Canon EOS 5D Mark III
119,SIHDR_119,109,2,input\raw\sihdr\raw\119\_07A7103.CR2,_07A7103.CR2,0.06666666666666667,800.0,10.0,Canon EOS 5D Mark III
119,SIHDR_119,109,3,input\raw\sihdr\raw\119\_07A7102.CR2,_07A7102.CR2,0.008,800.0,10.0,Canon EOS 5D Mark III
119,SIHDR_119,109,4,input\raw\sihdr\raw\119\_07A7101.CR2,_07A7101.CR2,0.001,800.0,10.0,Canon EOS 5D Mark III
120,SIHDR_120,110,0,input\raw\sihdr\raw\120\_07A7112.CR2,_07A7112.CR2,4.0,800.0,10.0,Canon EOS 5D Mark III
120,SIHDR_120,110,1,input\raw\sihdr\raw\120\_07A7111.CR2,_07A7111.CR2,0.5,800.0,10.0,Canon EOS 5D Mark III
120,SIHDR_120,110,2,input\raw\sihdr\raw\120\_07A7110.CR2,_07A7110.CR2,0.06666666666666667,800.0,10.0,Canon EOS 5D Mark III
120,SIHDR_120,110,3,input\raw\sihdr\raw\120\_07A7109.CR2,_07A7109.CR2,0.008,800.0,10.0,Canon EOS 5D Mark III
120,SIHDR_120,110,4,input\raw\sihdr\raw\120\_07A7108.CR2,_07A7108.CR2,0.001,800.0,10.0,Canon EOS 5D Mark III
121,SIHDR_121,111,0,input\raw\sihdr\raw\121\_07A7119.CR2,_07A7119.CR2,4.0,800.0,10.0,Canon EOS 5D Mark III
121,SIHDR_121,111,1,input\raw\sihdr\raw\121\_07A7118.CR2,_07A7118.CR2,0.5,800.0,10.0,Canon EOS 5D Mark III
121,SIHDR_121,111,2,input\raw\sihdr\raw\121\_07A7117.CR2,_07A7117.CR2,0.06666666666666667,800.0,10.0,Canon EOS 5D Mark III
121,SIHDR_121,111,3,input\raw\sihdr\raw\121\_07A7116.CR2,_07A7116.CR2,0.008,800.0,10.0,Canon EOS 5D Mark III
121,SIHDR_121,111,4,input\raw\sihdr\raw\121\_07A7115.CR2,_07A7115.CR2,0.001,800.0,10.0,Canon EOS 5D Mark III
122,SIHDR_122,112,0,input\raw\sihdr\raw\122\_07A7126.CR2,_07A7126.CR2,4.0,800.0,10.0,Canon EOS 5D Mark III
122,SIHDR_122,112,1,input\raw\sihdr\raw\122\_07A7125.CR2,_07A7125.CR2,0.5,800.0,10.0,Canon EOS 5D Mark III
122,SIHDR_122,112,2,input\raw\sihdr\raw\122\_07A7124.CR2,_07A7124.CR2,0.06666666666666667,800.0,10.0,Canon EOS 5D Mark III
122,SIHDR_122,112,3,input\raw\sihdr\raw\122\_07A7123.CR2,_07A7123.CR2,0.008,800.0,10.0,Canon EOS 5D Mark III
122,SIHDR_122,112,4,input\raw\sihdr\raw\122\_07A7122.CR2,_07A7122.CR2,0.001,800.0,10.0,Canon EOS 5D Mark III
123,SIHDR_123,113,0,input\raw\sihdr\raw\123\_07A7133.CR2,_07A7133.CR2,4.0,400.0,14.0,Canon EOS 5D Mark III
123,SIHDR_123,113,1,input\raw\sihdr\raw\123\_07A7132.CR2,_07A7132.CR2,0.5,400.0,14.0,Canon EOS 5D Mark III
123,SIHDR_123,113,2,input\raw\sihdr\raw\123\_07A7131.CR2,_07A7131.CR2,0.06666666666666667,400.0,14.0,Canon EOS 5D Mark III
123,SIHDR_123,113,3,input\raw\sihdr\raw\123\_07A7130.CR2,_07A7130.CR2,0.008,400.0,14.0,Canon EOS 5D Mark III
123,SIHDR_123,113,4,input\raw\sihdr\raw\123\_07A7129.CR2,_07A7129.CR2,0.001,400.0,14.0,Canon EOS 5D Mark III
124,SIHDR_124,114,0,input\raw\sihdr\raw\124\_07A7166.CR2,_07A7166.CR2,4.0,100.0,22.0,Canon EOS 5D Mark III
124,SIHDR_124,114,1,input\raw\sihdr\raw\124\_07A7165.CR2,_07A7165.CR2,0.5,100.0,22.0,Canon EOS 5D Mark III
124,SIHDR_124,114,2,input\raw\sihdr\raw\124\_07A7164.CR2,_07A7164.CR2,0.06666666666666667,100.0,22.0,Canon EOS 5D Mark III
124,SIHDR_124,114,3,input\raw\sihdr\raw\124\_07A7163.CR2,_07A7163.CR2,0.008,100.0,22.0,Canon EOS 5D Mark III
124,SIHDR_124,114,4,input\raw\sihdr\raw\124\_07A7162.CR2,_07A7162.CR2,0.001,100.0,22.0,Canon EOS 5D Mark III
125,SIHDR_125,115,0,input\raw\sihdr\raw\125\_07A7173.CR2,_07A7173.CR2,4.0,100.0,22.0,Canon EOS 5D Mark III
125,SIHDR_125,115,1,input\raw\sihdr\raw\125\_07A7172.CR2,_07A7172.CR2,0.5,100.0,22.0,Canon EOS 5D Mark III
125,SIHDR_125,115,2,input\raw\sihdr\raw\125\_07A7171.CR2,_07A7171.CR2,0.06666666666666667,100.0,22.0,Canon EOS 5D Mark III
125,SIHDR_125,115,3,input\raw\sihdr\raw\125\_07A7170.CR2,_07A7170.CR2,0.008,100.0,22.0,Canon EOS 5D Mark III
125,SIHDR_125,115,4,input\raw\sihdr\raw\125\_07A7169.CR2,_07A7169.CR2,0.001,100.0,22.0,Canon EOS 5D Mark III
126,SIHDR_126,116,0,input\raw\sihdr\raw\126\_07A7180.CR2,_07A7180.CR2,4.0,100.0,22.0,Canon EOS 5D Mark III
126,SIHDR_126,116,1,input\raw\sihdr\raw\126\_07A7179.CR2,_07A7179.CR2,0.5,100.0,22.0,Canon EOS 5D Mark III
126,SIHDR_126,116,2,input\raw\sihdr\raw\126\_07A7178.CR2,_07A7178.CR2,0.06666666666666667,100.0,22.0,Canon EOS 5D Mark III
126,SIHDR_126,116,3,input\raw\sihdr\raw\126\_07A7177.CR2,_07A7177.CR2,0.008,100.0,22.0,Canon EOS 5D Mark III
126,SIHDR_126,116,4,input\raw\sihdr\raw\126\_07A7176.CR2,_07A7176.CR2,0.001,100.0,22.0,Canon EOS 5D Mark III
128,SIHDR_128,117,0,input\raw\sihdr\raw\128\_07A7194.CR2,_07A7194.CR2,4.0,100.0,22.0,Canon EOS 5D Mark III
128,SIHDR_128,117,1,input\raw\sihdr\raw\128\_07A7193.CR2,_07A7193.CR2,0.5,100.0,22.0,Canon EOS 5D Mark III
128,SIHDR_128,117,2,input\raw\sihdr\raw\128\_07A7192.CR2,_07A7192.CR2,0.06666666666666667,100.0,22.0,Canon EOS 5D Mark III
128,SIHDR_128,117,3,input\raw\sihdr\raw\128\_07A7191.CR2,_07A7191.CR2,0.008,100.0,22.0,Canon EOS 5D Mark III
128,SIHDR_128,117,4,input\raw\sihdr\raw\128\_07A7190.CR2,_07A7190.CR2,0.001,100.0,22.0,Canon EOS 5D Mark III
129,SIHDR_129,118,0,input\raw\sihdr\raw\129\_07A7201.CR2,_07A7201.CR2,4.0,100.0,22.0,Canon EOS 5D Mark III
129,SIHDR_129,118,1,input\raw\sihdr\raw\129\_07A7200.CR2,_07A7200.CR2,0.5,100.0,22.0,Canon EOS 5D Mark III
129,SIHDR_129,118,2,input\raw\sihdr\raw\129\_07A7199.CR2,_07A7199.CR2,0.06666666666666667,100.0,22.0,Canon EOS 5D Mark III
129,SIHDR_129,118,3,input\raw\sihdr\raw\129\_07A7198.CR2,_07A7198.CR2,0.008,100.0,22.0,Canon EOS 5D Mark III
129,SIHDR_129,118,4,input\raw\sihdr\raw\129\_07A7197.CR2,_07A7197.CR2,0.001,100.0,22.0,Canon EOS 5D Mark III
130,SIHDR_130,119,0,input\raw\sihdr\raw\130\_07A7208.CR2,_07A7208.CR2,4.0,100.0,22.0,Canon EOS 5D Mark III
130,SIHDR_130,119,1,input\raw\sihdr\raw\130\_07A7207.CR2,_07A7207.CR2,0.5,100.0,22.0,Canon EOS 5D Mark III
130,SIHDR_130,119,2,input\raw\sihdr\raw\130\_07A7206.CR2,_07A7206.CR2,0.06666666666666667,100.0,22.0,Canon EOS 5D Mark III
130,SIHDR_130,119,3,input\raw\sihdr\raw\130\_07A7205.CR2,_07A7205.CR2,0.008,100.0,22.0,Canon EOS 5D Mark III
130,SIHDR_130,119,4,input\raw\sihdr\raw\130\_07A7204.CR2,_07A7204.CR2,0.001,100.0,22.0,Canon EOS 5D Mark III
131,SIHDR_131,120,0,input\raw\sihdr\raw\131\_07A7215.CR2,_07A7215.CR2,4.0,100.0,22.0,Canon EOS 5D Mark III
131,SIHDR_131,120,1,input\raw\sihdr\raw\131\_07A7214.CR2,_07A7214.CR2,0.5,100.0,22.0,Canon EOS 5D Mark III
131,SIHDR_131,120,2,input\raw\sihdr\raw\131\_07A7213.CR2,_07A7213.CR2,0.06666666666666667,100.0,22.0,Canon EOS 5D Mark III
131,SIHDR_131,120,3,input\raw\sihdr\raw\131\_07A7212.CR2,_07A7212.CR2,0.008,100.0,22.0,Canon EOS 5D Mark III
131,SIHDR_131,120,4,input\raw\sihdr\raw\131\_07A7211.CR2,_07A7211.CR2,0.001,100.0,22.0,Canon EOS 5D Mark III
132,SIHDR_132,121,0,input\raw\sihdr\raw\132\_07A7222.CR2,_07A7222.CR2,4.0,100.0,22.0,Canon EOS 5D Mark III
132,SIHDR_132,121,1,input\raw\sihdr\raw\132\_07A7221.CR2,_07A7221.CR2,0.5,100.0,22.0,Canon EOS 5D Mark III
132,SIHDR_132,121,2,input\raw\sihdr\raw\132\_07A7220.CR2,_07A7220.CR2,0.06666666666666667,100.0,22.0,Canon EOS 5D Mark III
132,SIHDR_132,121,3,input\raw\sihdr\raw\132\_07A7219.CR2,_07A7219.CR2,0.008,100.0,22.0,Canon EOS 5D Mark III
132,SIHDR_132,121,4,input\raw\sihdr\raw\132\_07A7218.CR2,_07A7218.CR2,0.001,100.0,22.0,Canon EOS 5D Mark III
133,SIHDR_133,122,0,input\raw\sihdr\raw\133\_07A7229.CR2,_07A7229.CR2,4.0,100.0,22.0,Canon EOS 5D Mark III
133,SIHDR_133,122,1,input\raw\sihdr\raw\133\_07A7228.CR2,_07A7228.CR2,0.5,100.0,22.0,Canon EOS 5D Mark III
133,SIHDR_133,122,2,input\raw\sihdr\raw\133\_07A7227.CR2,_07A7227.CR2,0.06666666666666667,100.0,22.0,Canon EOS 5D Mark III
133,SIHDR_133,122,3,input\raw\sihdr\raw\133\_07A7226.CR2,_07A7226.CR2,0.008,100.0,22.0,Canon EOS 5D Mark III
133,SIHDR_133,122,4,input\raw\sihdr\raw\133\_07A7225.CR2,_07A7225.CR2,0.001,100.0,22.0,Canon EOS 5D Mark III
134,SIHDR_134,123,0,input\raw\sihdr\raw\134\_07A7236.CR2,_07A7236.CR2,4.0,100.0,22.0,Canon EOS 5D Mark III
134,SIHDR_134,123,1,input\raw\sihdr\raw\134\_07A7235.CR2,_07A7235.CR2,0.5,100.0,22.0,Canon EOS 5D Mark III
134,SIHDR_134,123,2,input\raw\sihdr\raw\134\_07A7234.CR2,_07A7234.CR2,0.06666666666666667,100.0,22.0,Canon EOS 5D Mark III
134,SIHDR_134,123,3,input\raw\sihdr\raw\134\_07A7233.CR2,_07A7233.CR2,0.008,100.0,22.0,Canon EOS 5D Mark III
134,SIHDR_134,123,4,input\raw\sihdr\raw\134\_07A7232.CR2,_07A7232.CR2,0.001,100.0,22.0,Canon EOS 5D Mark III
135,SIHDR_135,124,0,input\raw\sihdr\raw\135\_07A7243.CR2,_07A7243.CR2,4.0,100.0,22.0,Canon EOS 5D Mark III
135,SIHDR_135,124,1,input\raw\sihdr\raw\135\_07A7242.CR2,_07A7242.CR2,0.5,100.0,22.0,Canon EOS 5D Mark III
135,SIHDR_135,124,2,input\raw\sihdr\raw\135\_07A7241.CR2,_07A7241.CR2,0.06666666666666667,100.0,22.0,Canon EOS 5D Mark III
135,SIHDR_135,124,3,input\raw\sihdr\raw\135\_07A7240.CR2,_07A7240.CR2,0.008,100.0,22.0,Canon EOS 5D Mark III
135,SIHDR_135,124,4,input\raw\sihdr\raw\135\_07A7239.CR2,_07A7239.CR2,0.001,100.0,22.0,Canon EOS 5D Mark III
136,SIHDR_136,125,0,input\raw\sihdr\raw\136\_07A7250.CR2,_07A7250.CR2,4.0,100.0,22.0,Canon EOS 5D Mark III
136,SIHDR_136,125,1,input\raw\sihdr\raw\136\_07A7249.CR2,_07A7249.CR2,0.5,100.0,22.0,Canon EOS 5D Mark III
136,SIHDR_136,125,2,input\raw\sihdr\raw\136\_07A7248.CR2,_07A7248.CR2,0.06666666666666667,100.0,22.0,Canon EOS 5D Mark III
136,SIHDR_136,125,3,input\raw\sihdr\raw\136\_07A7247.CR2,_07A7247.CR2,0.008,100.0,22.0,Canon EOS 5D Mark III
136,SIHDR_136,125,4,input\raw\sihdr\raw\136\_07A7246.CR2,_07A7246.CR2,0.001,100.0,22.0,Canon EOS 5D Mark III
137,SIHDR_137,126,0,input\raw\sihdr\raw\137\_07A7257.CR2,_07A7257.CR2,4.0,100.0,22.0,Canon EOS 5D Mark III
137,SIHDR_137,126,1,input\raw\sihdr\raw\137\_07A7256.CR2,_07A7256.CR2,0.5,100.0,22.0,Canon EOS 5D Mark III
137,SIHDR_137,126,2,input\raw\sihdr\raw\137\_07A7255.CR2,_07A7255.CR2,0.06666666666666667,100.0,22.0,Canon EOS 5D Mark III
137,SIHDR_137,126,3,input\raw\sihdr\raw\137\_07A7254.CR2,_07A7254.CR2,0.008,100.0,22.0,Canon EOS 5D Mark III
137,SIHDR_137,126,4,input\raw\sihdr\raw\137\_07A7253.CR2,_07A7253.CR2,0.001,100.0,22.0,Canon EOS 5D Mark III
138,SIHDR_138,127,0,input\raw\sihdr\raw\138\_07A7264.CR2,_07A7264.CR2,4.0,100.0,22.0,Canon EOS 5D Mark III
138,SIHDR_138,127,1,input\raw\sihdr\raw\138\_07A7263.CR2,_07A7263.CR2,0.5,100.0,22.0,Canon EOS 5D Mark III
138,SIHDR_138,127,2,input\raw\sihdr\raw\138\_07A7262.CR2,_07A7262.CR2,0.06666666666666667,100.0,22.0,Canon EOS 5D Mark III
138,SIHDR_138,127,3,input\raw\sihdr\raw\138\_07A7261.CR2,_07A7261.CR2,0.008,100.0,22.0,Canon EOS 5D Mark III
138,SIHDR_138,127,4,input\raw\sihdr\raw\138\_07A7260.CR2,_07A7260.CR2,0.001,100.0,22.0,Canon EOS 5D Mark III
139,SIHDR_139,128,0,input\raw\sihdr\raw\139\_07A7271.CR2,_07A7271.CR2,4.0,100.0,22.0,Canon EOS 5D Mark III
139,SIHDR_139,128,1,input\raw\sihdr\raw\139\_07A7270.CR2,_07A7270.CR2,0.5,100.0,22.0,Canon EOS 5D Mark III
139,SIHDR_139,128,2,input\raw\sihdr\raw\139\_07A7269.CR2,_07A7269.CR2,0.06666666666666667,100.0,22.0,Canon EOS 5D Mark III
139,SIHDR_139,128,3,input\raw\sihdr\raw\139\_07A7268.CR2,_07A7268.CR2,0.008,100.0,22.0,Canon EOS 5D Mark III
139,SIHDR_139,128,4,input\raw\sihdr\raw\139\_07A7267.CR2,_07A7267.CR2,0.001,100.0,22.0,Canon EOS 5D Mark III
140,SIHDR_140,129,0,input\raw\sihdr\raw\140\_07A7278.CR2,_07A7278.CR2,4.0,100.0,22.0,Canon EOS 5D Mark III
140,SIHDR_140,129,1,input\raw\sihdr\raw\140\_07A7277.CR2,_07A7277.CR2,0.5,100.0,22.0,Canon EOS 5D Mark III
140,SIHDR_140,129,2,input\raw\sihdr\raw\140\_07A7276.CR2,_07A7276.CR2,0.06666666666666667,100.0,22.0,Canon EOS 5D Mark III
140,SIHDR_140,129,3,input\raw\sihdr\raw\140\_07A7275.CR2,_07A7275.CR2,0.008,100.0,22.0,Canon EOS 5D Mark III
140,SIHDR_140,129,4,input\raw\sihdr\raw\140\_07A7274.CR2,_07A7274.CR2,0.001,100.0,22.0,Canon EOS 5D Mark III
141,SIHDR_141,130,0,input\raw\sihdr\raw\141\_07A7285.CR2,_07A7285.CR2,4.0,100.0,22.0,Canon EOS 5D Mark III
141,SIHDR_141,130,1,input\raw\sihdr\raw\141\_07A7284.CR2,_07A7284.CR2,0.5,100.0,22.0,Canon EOS 5D Mark III
141,SIHDR_141,130,2,input\raw\sihdr\raw\141\_07A7283.CR2,_07A7283.CR2,0.06666666666666667,100.0,22.0,Canon EOS 5D Mark III
141,SIHDR_141,130,3,input\raw\sihdr\raw\141\_07A7282.CR2,_07A7282.CR2,0.008,100.0,22.0,Canon EOS 5D Mark III
141,SIHDR_141,130,4,input\raw\sihdr\raw\141\_07A7281.CR2,_07A7281.CR2,0.001,100.0,22.0,Canon EOS 5D Mark III
142,SIHDR_142,131,0,input\raw\sihdr\raw\142\_07A7292.CR2,_07A7292.CR2,4.0,100.0,22.0,Canon EOS 5D Mark III
142,SIHDR_142,131,1,input\raw\sihdr\raw\142\_07A7291.CR2,_07A7291.CR2,0.5,100.0,22.0,Canon EOS 5D Mark III
142,SIHDR_142,131,2,input\raw\sihdr\raw\142\_07A7290.CR2,_07A7290.CR2,0.06666666666666667,100.0,22.0,Canon EOS 5D Mark III
142,SIHDR_142,131,3,input\raw\sihdr\raw\142\_07A7289.CR2,_07A7289.CR2,0.008,100.0,22.0,Canon EOS 5D Mark III
142,SIHDR_142,131,4,input\raw\sihdr\raw\142\_07A7288.CR2,_07A7288.CR2,0.001,100.0,22.0,Canon EOS 5D Mark III
143,SIHDR_143,132,0,input\raw\sihdr\raw\143\_07A7299.CR2,_07A7299.CR2,4.0,800.0,11.0,Canon EOS 5D Mark III
143,SIHDR_143,132,1,input\raw\sihdr\raw\143\_07A7298.CR2,_07A7298.CR2,0.5,800.0,11.0,Canon EOS 5D Mark III
143,SIHDR_143,132,2,input\raw\sihdr\raw\143\_07A7297.CR2,_07A7297.CR2,0.06666666666666667,800.0,11.0,Canon EOS 5D Mark III
143,SIHDR_143,132,3,input\raw\sihdr\raw\143\_07A7296.CR2,_07A7296.CR2,0.008,800.0,11.0,Canon EOS 5D Mark III
143,SIHDR_143,132,4,input\raw\sihdr\raw\143\_07A7295.CR2,_07A7295.CR2,0.001,800.0,11.0,Canon EOS 5D Mark III
144,SIHDR_144,133,0,input\raw\sihdr\raw\144\_07A7306.CR2,_07A7306.CR2,4.0,800.0,11.0,Canon EOS 5D Mark III
144,SIHDR_144,133,1,input\raw\sihdr\raw\144\_07A7305.CR2,_07A7305.CR2,0.5,800.0,11.0,Canon EOS 5D Mark III
144,SIHDR_144,133,2,input\raw\sihdr\raw\144\_07A7304.CR2,_07A7304.CR2,0.06666666666666667,800.0,11.0,Canon EOS 5D Mark III
144,SIHDR_144,133,3,input\raw\sihdr\raw\144\_07A7303.CR2,_07A7303.CR2,0.008,800.0,11.0,Canon EOS 5D Mark III
144,SIHDR_144,133,4,input\raw\sihdr\raw\144\_07A7302.CR2,_07A7302.CR2,0.001,800.0,11.0,Canon EOS 5D Mark III
145,SIHDR_145,134,0,input\raw\sihdr\raw\145\_07A7313.CR2,_07A7313.CR2,4.0,200.0,14.0,Canon EOS 5D Mark III
145,SIHDR_145,134,1,input\raw\sihdr\raw\145\_07A7312.CR2,_07A7312.CR2,0.5,200.0,14.0,Canon EOS 5D Mark III
145,SIHDR_145,134,2,input\raw\sihdr\raw\145\_07A7311.CR2,_07A7311.CR2,0.06666666666666667,200.0,14.0,Canon EOS 5D Mark III
145,SIHDR_145,134,3,input\raw\sihdr\raw\145\_07A7310.CR2,_07A7310.CR2,0.008,200.0,14.0,Canon EOS 5D Mark III
145,SIHDR_145,134,4,input\raw\sihdr\raw\145\_07A7309.CR2,_07A7309.CR2,0.001,200.0,14.0,Canon EOS 5D Mark III
146,SIHDR_146,135,0,input\raw\sihdr\raw\146\_07A7320.CR2,_07A7320.CR2,4.0,100.0,22.0,Canon EOS 5D Mark III
146,SIHDR_146,135,1,input\raw\sihdr\raw\146\_07A7319.CR2,_07A7319.CR2,0.5,100.0,22.0,Canon EOS 5D Mark III
146,SIHDR_146,135,2,input\raw\sihdr\raw\146\_07A7318.CR2,_07A7318.CR2,0.06666666666666667,100.0,22.0,Canon EOS 5D Mark III
146,SIHDR_146,135,3,input\raw\sihdr\raw\146\_07A7317.CR2,_07A7317.CR2,0.008,100.0,22.0,Canon EOS 5D Mark III
146,SIHDR_146,135,4,input\raw\sihdr\raw\146\_07A7316.CR2,_07A7316.CR2,0.001,100.0,22.0,Canon EOS 5D Mark III
147,SIHDR_147,136,0,input\raw\sihdr\raw\147\_07A7430.CR2,_07A7430.CR2,4.0,100.0,22.0,Canon EOS 5D Mark III
147,SIHDR_147,136,1,input\raw\sihdr\raw\147\_07A7429.CR2,_07A7429.CR2,0.5,100.0,22.0,Canon EOS 5D Mark III
147,SIHDR_147,136,2,input\raw\sihdr\raw\147\_07A7428.CR2,_07A7428.CR2,0.06666666666666667,100.0,22.0,Canon EOS 5D Mark III
147,SIHDR_147,136,3,input\raw\sihdr\raw\147\_07A7427.CR2,_07A7427.CR2,0.008,100.0,22.0,Canon EOS 5D Mark III
147,SIHDR_147,136,4,input\raw\sihdr\raw\147\_07A7426.CR2,_07A7426.CR2,0.001,100.0,22.0,Canon EOS 5D Mark III
148,SIHDR_148,137,0,input\raw\sihdr\raw\148\_07A7444.CR2,_07A7444.CR2,4.0,100.0,22.0,Canon EOS 5D Mark III
148,SIHDR_148,137,1,input\raw\sihdr\raw\148\_07A7443.CR2,_07A7443.CR2,0.5,100.0,22.0,Canon EOS 5D Mark III
148,SIHDR_148,137,2,input\raw\sihdr\raw\148\_07A7442.CR2,_07A7442.CR2,0.06666666666666667,100.0,22.0,Canon EOS 5D Mark III
148,SIHDR_148,137,3,input\raw\sihdr\raw\148\_07A7441.CR2,_07A7441.CR2,0.008,100.0,22.0,Canon EOS 5D Mark III
148,SIHDR_148,137,4,input\raw\sihdr\raw\148\_07A7440.CR2,_07A7440.CR2,0.001,100.0,22.0,Canon EOS 5D Mark III
149,SIHDR_149,138,0,input\raw\sihdr\raw\149\_07A7451.CR2,_07A7451.CR2,4.0,100.0,22.0,Canon EOS 5D Mark III
149,SIHDR_149,138,1,input\raw\sihdr\raw\149\_07A7450.CR2,_07A7450.CR2,0.5,100.0,22.0,Canon EOS 5D Mark III
149,SIHDR_149,138,2,input\raw\sihdr\raw\149\_07A7449.CR2,_07A7449.CR2,0.06666666666666667,100.0,22.0,Canon EOS 5D Mark III
149,SIHDR_149,138,3,input\raw\sihdr\raw\149\_07A7448.CR2,_07A7448.CR2,0.008,100.0,22.0,Canon EOS 5D Mark III
149,SIHDR_149,138,4,input\raw\sihdr\raw\149\_07A7447.CR2,_07A7447.CR2,0.001,100.0,22.0,Canon EOS 5D Mark III
150,SIHDR_150,139,0,input\raw\sihdr\raw\150\_07A7458.CR2,_07A7458.CR2,4.0,100.0,22.0,Canon EOS 5D Mark III
150,SIHDR_150,139,1,input\raw\sihdr\raw\150\_07A7457.CR2,_07A7457.CR2,0.5,100.0,22.0,Canon EOS 5D Mark III
150,SIHDR_150,139,2,input\raw\sihdr\raw\150\_07A7456.CR2,_07A7456.CR2,0.06666666666666667,100.0,22.0,Canon EOS 5D Mark III
150,SIHDR_150,139,3,input\raw\sihdr\raw\150\_07A7455.CR2,_07A7455.CR2,0.008,100.0,22.0,Canon EOS 5D Mark III
150,SIHDR_150,139,4,input\raw\sihdr\raw\150\_07A7454.CR2,_07A7454.CR2,0.001,100.0,22.0,Canon EOS 5D Mark III
151,SIHDR_151,140,0,input\raw\sihdr\raw\151\_07A7465.CR2,_07A7465.CR2,4.0,100.0,22.0,Canon EOS 5D Mark III
151,SIHDR_151,140,1,input\raw\sihdr\raw\151\_07A7464.CR2,_07A7464.CR2,0.5,100.0,22.0,Canon EOS 5D Mark III
151,SIHDR_151,140,2,input\raw\sihdr\raw\151\_07A7463.CR2,_07A7463.CR2,0.06666666666666667,100.0,22.0,Canon EOS 5D Mark III
151,SIHDR_151,140,3,input\raw\sihdr\raw\151\_07A7462.CR2,_07A7462.CR2,0.008,100.0,22.0,Canon EOS 5D Mark III
151,SIHDR_151,140,4,input\raw\sihdr\raw\151\_07A7461.CR2,_07A7461.CR2,0.001,100.0,22.0,Canon EOS 5D Mark III
152,SIHDR_152,141,0,input\raw\sihdr\raw\152\_07A7472.CR2,_07A7472.CR2,4.0,100.0,22.0,Canon EOS 5D Mark III
152,SIHDR_152,141,1,input\raw\sihdr\raw\152\_07A7471.CR2,_07A7471.CR2,0.5,100.0,22.0,Canon EOS 5D Mark III
152,SIHDR_152,141,2,input\raw\sihdr\raw\152\_07A7470.CR2,_07A7470.CR2,0.06666666666666667,100.0,22.0,Canon EOS 5D Mark III
152,SIHDR_152,141,3,input\raw\sihdr\raw\152\_07A7469.CR2,_07A7469.CR2,0.008,100.0,22.0,Canon EOS 5D Mark III
152,SIHDR_152,141,4,input\raw\sihdr\raw\152\_07A7468.CR2,_07A7468.CR2,0.001,100.0,22.0,Canon EOS 5D Mark III
153,SIHDR_153,142,0,input\raw\sihdr\raw\153\_07A7479.CR2,_07A7479.CR2,4.0,100.0,22.0,Canon EOS 5D Mark III
153,SIHDR_153,142,1,input\raw\sihdr\raw\153\_07A7478.CR2,_07A7478.CR2,0.5,100.0,22.0,Canon EOS 5D Mark III
153,SIHDR_153,142,2,input\raw\sihdr\raw\153\_07A7477.CR2,_07A7477.CR2,0.06666666666666667,100.0,22.0,Canon EOS 5D Mark III
153,SIHDR_153,142,3,input\raw\sihdr\raw\153\_07A7476.CR2,_07A7476.CR2,0.008,100.0,22.0,Canon EOS 5D Mark III
153,SIHDR_153,142,4,input\raw\sihdr\raw\153\_07A7475.CR2,_07A7475.CR2,0.001,100.0,22.0,Canon EOS 5D Mark III
154,SIHDR_154,143,0,input\raw\sihdr\raw\154\_07A7486.CR2,_07A7486.CR2,4.0,100.0,22.0,Canon EOS 5D Mark III
154,SIHDR_154,143,1,input\raw\sihdr\raw\154\_07A7485.CR2,_07A7485.CR2,0.5,100.0,22.0,Canon EOS 5D Mark III
154,SIHDR_154,143,2,input\raw\sihdr\raw\154\_07A7484.CR2,_07A7484.CR2,0.06666666666666667,100.0,22.0,Canon EOS 5D Mark III
154,SIHDR_154,143,3,input\raw\sihdr\raw\154\_07A7483.CR2,_07A7483.CR2,0.008,100.0,22.0,Canon EOS 5D Mark III
154,SIHDR_154,143,4,input\raw\sihdr\raw\154\_07A7482.CR2,_07A7482.CR2,0.001,100.0,22.0,Canon EOS 5D Mark III
155,SIHDR_155,144,0,input\raw\sihdr\raw\155\_07A7493.CR2,_07A7493.CR2,4.0,100.0,22.0,Canon EOS 5D Mark III
155,SIHDR_155,144,1,input\raw\sihdr\raw\155\_07A7492.CR2,_07A7492.CR2,0.5,100.0,22.0,Canon EOS 5D Mark III
155,SIHDR_155,144,2,input\raw\sihdr\raw\155\_07A7491.CR2,_07A7491.CR2,0.06666666666666667,100.0,22.0,Canon EOS 5D Mark III
155,SIHDR_155,144,3,input\raw\sihdr\raw\155\_07A7490.CR2,_07A7490.CR2,0.008,100.0,22.0,Canon EOS 5D Mark III
155,SIHDR_155,144,4,input\raw\sihdr\raw\155\_07A7489.CR2,_07A7489.CR2,0.001,100.0,22.0,Canon EOS 5D Mark III
156,SIHDR_156,145,0,input\raw\sihdr\raw\156\_07A7500.CR2,_07A7500.CR2,4.0,100.0,22.0,Canon EOS 5D Mark III
156,SIHDR_156,145,1,input\raw\sihdr\raw\156\_07A7499.CR2,_07A7499.CR2,0.5,100.0,22.0,Canon EOS 5D Mark III
156,SIHDR_156,145,2,input\raw\sihdr\raw\156\_07A7498.CR2,_07A7498.CR2,0.06666666666666667,100.0,22.0,Canon EOS 5D Mark III
156,SIHDR_156,145,3,input\raw\sihdr\raw\156\_07A7497.CR2,_07A7497.CR2,0.008,100.0,22.0,Canon EOS 5D Mark III
156,SIHDR_156,145,4,input\raw\sihdr\raw\156\_07A7496.CR2,_07A7496.CR2,0.001,100.0,22.0,Canon EOS 5D Mark III
158,SIHDR_158,146,0,input\raw\sihdr\raw\158\_07A7523.CR2,_07A7523.CR2,6.0,1600.0,5.0,Canon EOS 5D Mark III
158,SIHDR_158,146,1,input\raw\sihdr\raw\158\_07A7522.CR2,_07A7522.CR2,0.8,1600.0,5.0,Canon EOS 5D Mark III
158,SIHDR_158,146,2,input\raw\sihdr\raw\158\_07A7521.CR2,_07A7521.CR2,0.1,1600.0,5.0,Canon EOS 5D Mark III
158,SIHDR_158,146,3,input\raw\sihdr\raw\158\_07A7520.CR2,_07A7520.CR2,0.0125,1600.0,5.0,Canon EOS 5D Mark III
158,SIHDR_158,146,4,input\raw\sihdr\raw\158\_07A7519.CR2,_07A7519.CR2,0.0015625,1600.0,5.0,Canon EOS 5D Mark III
159,SIHDR_159,147,0,input\raw\sihdr\raw\159\_07A7530.CR2,_07A7530.CR2,6.0,1600.0,5.0,Canon EOS 5D Mark III
159,SIHDR_159,147,1,input\raw\sihdr\raw\159\_07A7529.CR2,_07A7529.CR2,0.8,1600.0,5.0,Canon EOS 5D Mark III
159,SIHDR_159,147,2,input\raw\sihdr\raw\159\_07A7528.CR2,_07A7528.CR2,0.1,1600.0,5.0,Canon EOS 5D Mark III
159,SIHDR_159,147,3,input\raw\sihdr\raw\159\_07A7527.CR2,_07A7527.CR2,0.0125,1600.0,5.0,Canon EOS 5D Mark III
159,SIHDR_159,147,4,input\raw\sihdr\raw\159\_07A7526.CR2,_07A7526.CR2,0.0015625,1600.0,5.0,Canon EOS 5D Mark III
160,SIHDR_160,148,0,input\raw\sihdr\raw\160\_07A7537.CR2,_07A7537.CR2,6.0,1600.0,5.0,Canon EOS 5D Mark III
160,SIHDR_160,148,1,input\raw\sihdr\raw\160\_07A7536.CR2,_07A7536.CR2,0.8,1600.0,5.0,Canon EOS 5D Mark III
160,SIHDR_160,148,2,input\raw\sihdr\raw\160\_07A7535.CR2,_07A7535.CR2,0.1,1600.0,5.0,Canon EOS 5D Mark III
160,SIHDR_160,148,3,input\raw\sihdr\raw\160\_07A7534.CR2,_07A7534.CR2,0.0125,1600.0,5.0,Canon EOS 5D Mark III
160,SIHDR_160,148,4,input\raw\sihdr\raw\160\_07A7533.CR2,_07A7533.CR2,0.0015625,1600.0,5.0,Canon EOS 5D Mark III
161,SIHDR_161,149,0,input\raw\sihdr\raw\161\_07A7544.CR2,_07A7544.CR2,6.0,1600.0,5.0,Canon EOS 5D Mark III
161,SIHDR_161,149,1,input\raw\sihdr\raw\161\_07A7543.CR2,_07A7543.CR2,0.8,1600.0,5.0,Canon EOS 5D Mark III
161,SIHDR_161,149,2,input\raw\sihdr\raw\161\_07A7542.CR2,_07A7542.CR2,0.1,1600.0,5.0,Canon EOS 5D Mark III
161,SIHDR_161,149,3,input\raw\sihdr\raw\161\_07A7541.CR2,_07A7541.CR2,0.0125,1600.0,5.0,Canon EOS 5D Mark III
161,SIHDR_161,149,4,input\raw\sihdr\raw\161\_07A7540.CR2,_07A7540.CR2,0.0015625,1600.0,5.0,Canon EOS 5D Mark III
162,SIHDR_162,150,0,input\raw\sihdr\raw\162\_07A7551.CR2,_07A7551.CR2,6.0,1600.0,5.0,Canon EOS 5D Mark III
162,SIHDR_162,150,1,input\raw\sihdr\raw\162\_07A7550.CR2,_07A7550.CR2,0.8,1600.0,5.0,Canon EOS 5D Mark III
162,SIHDR_162,150,2,input\raw\sihdr\raw\162\_07A7549.CR2,_07A7549.CR2,0.1,1600.0,5.0,Canon EOS 5D Mark III
162,SIHDR_162,150,3,input\raw\sihdr\raw\162\_07A7548.CR2,_07A7548.CR2,0.0125,1600.0,5.0,Canon EOS 5D Mark III
162,SIHDR_162,150,4,input\raw\sihdr\raw\162\_07A7547.CR2,_07A7547.CR2,0.0015625,1600.0,5.0,Canon EOS 5D Mark III
163,SIHDR_163,151,0,input\raw\sihdr\raw\163\_07A7558.CR2,_07A7558.CR2,4.0,800.0,7.1,Canon EOS 5D Mark III
163,SIHDR_163,151,1,input\raw\sihdr\raw\163\_07A7557.CR2,_07A7557.CR2,0.5,800.0,7.1,Canon EOS 5D Mark III
163,SIHDR_163,151,2,input\raw\sihdr\raw\163\_07A7556.CR2,_07A7556.CR2,0.06666666666666667,800.0,7.1,Canon EOS 5D Mark III
163,SIHDR_163,151,3,input\raw\sihdr\raw\163\_07A7555.CR2,_07A7555.CR2,0.008,800.0,7.1,Canon EOS 5D Mark III
163,SIHDR_163,151,4,input\raw\sihdr\raw\163\_07A7554.CR2,_07A7554.CR2,0.001,800.0,7.1,Canon EOS 5D Mark III
164,SIHDR_164,152,0,input\raw\sihdr\raw\164\_07A7565.CR2,_07A7565.CR2,4.0,800.0,7.1,Canon EOS 5D Mark III
164,SIHDR_164,152,1,input\raw\sihdr\raw\164\_07A7564.CR2,_07A7564.CR2,0.5,800.0,7.1,Canon EOS 5D Mark III
164,SIHDR_164,152,2,input\raw\sihdr\raw\164\_07A7563.CR2,_07A7563.CR2,0.06666666666666667,800.0,7.1,Canon EOS 5D Mark III
164,SIHDR_164,152,3,input\raw\sihdr\raw\164\_07A7562.CR2,_07A7562.CR2,0.008,800.0,7.1,Canon EOS 5D Mark III
164,SIHDR_164,152,4,input\raw\sihdr\raw\164\_07A7561.CR2,_07A7561.CR2,0.001,800.0,7.1,Canon EOS 5D Mark III
165,SIHDR_165,153,0,input\raw\sihdr\raw\165\_07A7572.CR2,_07A7572.CR2,4.0,800.0,7.1,Canon EOS 5D Mark III
165,SIHDR_165,153,1,input\raw\sihdr\raw\165\_07A7571.CR2,_07A7571.CR2,0.5,800.0,7.1,Canon EOS 5D Mark III
165,SIHDR_165,153,2,input\raw\sihdr\raw\165\_07A7570.CR2,_07A7570.CR2,0.06666666666666667,800.0,7.1,Canon EOS 5D Mark III
165,SIHDR_165,153,3,input\raw\sihdr\raw\165\_07A7569.CR2,_07A7569.CR2,0.008,800.0,7.1,Canon EOS 5D Mark III
165,SIHDR_165,153,4,input\raw\sihdr\raw\165\_07A7568.CR2,_07A7568.CR2,0.001,800.0,7.1,Canon EOS 5D Mark III
166,SIHDR_166,154,0,input\raw\sihdr\raw\166\_07A7579.CR2,_07A7579.CR2,4.0,800.0,7.1,Canon EOS 5D Mark III
166,SIHDR_166,154,1,input\raw\sihdr\raw\166\_07A7578.CR2,_07A7578.CR2,0.5,800.0,7.1,Canon EOS 5D Mark III
166,SIHDR_166,154,2,input\raw\sihdr\raw\166\_07A7577.CR2,_07A7577.CR2,0.06666666666666667,800.0,7.1,Canon EOS 5D Mark III
166,SIHDR_166,154,3,input\raw\sihdr\raw\166\_07A7576.CR2,_07A7576.CR2,0.008,800.0,7.1,Canon EOS 5D Mark III
166,SIHDR_166,154,4,input\raw\sihdr\raw\166\_07A7575.CR2,_07A7575.CR2,0.001,800.0,7.1,Canon EOS 5D Mark III
167,SIHDR_167,155,0,input\raw\sihdr\raw\167\_07A7593.CR2,_07A7593.CR2,4.0,800.0,7.1,Canon EOS 5D Mark III
167,SIHDR_167,155,1,input\raw\sihdr\raw\167\_07A7592.CR2,_07A7592.CR2,0.5,800.0,7.1,Canon EOS 5D Mark III
167,SIHDR_167,155,2,input\raw\sihdr\raw\167\_07A7591.CR2,_07A7591.CR2,0.06666666666666667,800.0,7.1,Canon EOS 5D Mark III
167,SIHDR_167,155,3,input\raw\sihdr\raw\167\_07A7590.CR2,_07A7590.CR2,0.008,800.0,7.1,Canon EOS 5D Mark III
167,SIHDR_167,155,4,input\raw\sihdr\raw\167\_07A7589.CR2,_07A7589.CR2,0.001,800.0,7.1,Canon EOS 5D Mark III
168,SIHDR_168,156,0,input\raw\sihdr\raw\168\_07A7600.CR2,_07A7600.CR2,4.0,800.0,7.1,Canon EOS 5D Mark III
168,SIHDR_168,156,1,input\raw\sihdr\raw\168\_07A7599.CR2,_07A7599.CR2,0.5,800.0,7.1,Canon EOS 5D Mark III
168,SIHDR_168,156,2,input\raw\sihdr\raw\168\_07A7598.CR2,_07A7598.CR2,0.06666666666666667,800.0,7.1,Canon EOS 5D Mark III
168,SIHDR_168,156,3,input\raw\sihdr\raw\168\_07A7597.CR2,_07A7597.CR2,0.008,800.0,7.1,Canon EOS 5D Mark III
168,SIHDR_168,156,4,input\raw\sihdr\raw\168\_07A7596.CR2,_07A7596.CR2,0.001,800.0,7.1,Canon EOS 5D Mark III
169,SIHDR_169,157,0,input\raw\sihdr\raw\169\_07A7607.CR2,_07A7607.CR2,4.0,800.0,7.1,Canon EOS 5D Mark III
169,SIHDR_169,157,1,input\raw\sihdr\raw\169\_07A7606.CR2,_07A7606.CR2,0.5,800.0,7.1,Canon EOS 5D Mark III
169,SIHDR_169,157,2,input\raw\sihdr\raw\169\_07A7605.CR2,_07A7605.CR2,0.06666666666666667,800.0,7.1,Canon EOS 5D Mark III
169,SIHDR_169,157,3,input\raw\sihdr\raw\169\_07A7604.CR2,_07A7604.CR2,0.008,800.0,7.1,Canon EOS 5D Mark III
169,SIHDR_169,157,4,input\raw\sihdr\raw\169\_07A7603.CR2,_07A7603.CR2,0.001,800.0,7.1,Canon EOS 5D Mark III
170,SIHDR_170,158,0,input\raw\sihdr\raw\170\_07A7614.CR2,_07A7614.CR2,4.0,800.0,7.1,Canon EOS 5D Mark III
170,SIHDR_170,158,1,input\raw\sihdr\raw\170\_07A7613.CR2,_07A7613.CR2,0.5,800.0,7.1,Canon EOS 5D Mark III
170,SIHDR_170,158,2,input\raw\sihdr\raw\170\_07A7612.CR2,_07A7612.CR2,0.06666666666666667,800.0,7.1,Canon EOS 5D Mark III
170,SIHDR_170,158,3,input\raw\sihdr\raw\170\_07A7611.CR2,_07A7611.CR2,0.008,800.0,7.1,Canon EOS 5D Mark III
170,SIHDR_170,158,4,input\raw\sihdr\raw\170\_07A7610.CR2,_07A7610.CR2,0.001,800.0,7.1,Canon EOS 5D Mark III
171,SIHDR_171,159,0,input\raw\sihdr\raw\171\_07A7621.CR2,_07A7621.CR2,4.0,800.0,7.1,Canon EOS 5D Mark III
171,SIHDR_171,159,1,input\raw\sihdr\raw\171\_07A7620.CR2,_07A7620.CR2,0.5,800.0,7.1,Canon EOS 5D Mark III
171,SIHDR_171,159,2,input\raw\sihdr\raw\171\_07A7619.CR2,_07A7619.CR2,0.06666666666666667,800.0,7.1,Canon EOS 5D Mark III
171,SIHDR_171,159,3,input\raw\sihdr\raw\171\_07A7618.CR2,_07A7618.CR2,0.008,800.0,7.1,Canon EOS 5D Mark III
171,SIHDR_171,159,4,input\raw\sihdr\raw\171\_07A7617.CR2,_07A7617.CR2,0.001,800.0,7.1,Canon EOS 5D Mark III
172,SIHDR_172,160,0,input\raw\sihdr\raw\172\_07A7628.CR2,_07A7628.CR2,4.0,800.0,7.1,Canon EOS 5D Mark III
172,SIHDR_172,160,1,input\raw\sihdr\raw\172\_07A7627.CR2,_07A7627.CR2,0.5,800.0,7.1,Canon EOS 5D Mark III
172,SIHDR_172,160,2,input\raw\sihdr\raw\172\_07A7626.CR2,_07A7626.CR2,0.06666666666666667,800.0,7.1,Canon EOS 5D Mark III
172,SIHDR_172,160,3,input\raw\sihdr\raw\172\_07A7625.CR2,_07A7625.CR2,0.008,800.0,7.1,Canon EOS 5D Mark III
172,SIHDR_172,160,4,input\raw\sihdr\raw\172\_07A7624.CR2,_07A7624.CR2,0.001,800.0,7.1,Canon EOS 5D Mark III
173,SIHDR_173,161,0,input\raw\sihdr\raw\173\_07A7635.CR2,_07A7635.CR2,4.0,800.0,7.1,Canon EOS 5D Mark III
173,SIHDR_173,161,1,input\raw\sihdr\raw\173\_07A7634.CR2,_07A7634.CR2,0.5,800.0,7.1,Canon EOS 5D Mark III
173,SIHDR_173,161,2,input\raw\sihdr\raw\173\_07A7633.CR2,_07A7633.CR2,0.06666666666666667,800.0,7.1,Canon EOS 5D Mark III
173,SIHDR_173,161,3,input\raw\sihdr\raw\173\_07A7632.CR2,_07A7632.CR2,0.008,800.0,7.1,Canon EOS 5D Mark III
173,SIHDR_173,161,4,input\raw\sihdr\raw\173\_07A7631.CR2,_07A7631.CR2,0.001,800.0,7.1,Canon EOS 5D Mark III
174,SIHDR_174,162,0,input\raw\sihdr\raw\174\_07A7642.CR2,_07A7642.CR2,4.0,800.0,7.1,Canon EOS 5D Mark III
174,SIHDR_174,162,1,input\raw\sihdr\raw\174\_07A7641.CR2,_07A7641.CR2,0.5,800.0,7.1,Canon EOS 5D Mark III
174,SIHDR_174,162,2,input\raw\sihdr\raw\174\_07A7640.CR2,_07A7640.CR2,0.06666666666666667,800.0,7.1,Canon EOS 5D Mark III
174,SIHDR_174,162,3,input\raw\sihdr\raw\174\_07A7639.CR2,_07A7639.CR2,0.008,800.0,7.1,Canon EOS 5D Mark III
174,SIHDR_174,162,4,input\raw\sihdr\raw\174\_07A7638.CR2,_07A7638.CR2,0.001,800.0,7.1,Canon EOS 5D Mark III
175,SIHDR_175,163,0,input\raw\sihdr\raw\175\_07A7649.CR2,_07A7649.CR2,4.0,800.0,7.1,Canon EOS 5D Mark III
175,SIHDR_175,163,1,input\raw\sihdr\raw\175\_07A7648.CR2,_07A7648.CR2,0.5,800.0,7.1,Canon EOS 5D Mark III
175,SIHDR_175,163,2,input\raw\sihdr\raw\175\_07A7647.CR2,_07A7647.CR2,0.06666666666666667,800.0,7.1,Canon EOS 5D Mark III
175,SIHDR_175,163,3,input\raw\sihdr\raw\175\_07A7646.CR2,_07A7646.CR2,0.008,800.0,7.1,Canon EOS 5D Mark III
175,SIHDR_175,163,4,input\raw\sihdr\raw\175\_07A7645.CR2,_07A7645.CR2,0.001,800.0,7.1,Canon EOS 5D Mark III
176,SIHDR_176,164,0,input\raw\sihdr\raw\176\_07A7656.CR2,_07A7656.CR2,4.0,800.0,7.1,Canon EOS 5D Mark III
176,SIHDR_176,164,1,input\raw\sihdr\raw\176\_07A7655.CR2,_07A7655.CR2,0.5,800.0,7.1,Canon EOS 5D Mark III
176,SIHDR_176,164,2,input\raw\sihdr\raw\176\_07A7654.CR2,_07A7654.CR2,0.06666666666666667,800.0,7.1,Canon EOS 5D Mark III
176,SIHDR_176,164,3,input\raw\sihdr\raw\176\_07A7653.CR2,_07A7653.CR2,0.008,800.0,7.1,Canon EOS 5D Mark III
176,SIHDR_176,164,4,input\raw\sihdr\raw\176\_07A7652.CR2,_07A7652.CR2,0.001,800.0,7.1,Canon EOS 5D Mark III
177,SIHDR_177,165,0,input\raw\sihdr\raw\177\_07A7663.CR2,_07A7663.CR2,4.0,800.0,7.1,Canon EOS 5D Mark III
177,SIHDR_177,165,1,input\raw\sihdr\raw\177\_07A7662.CR2,_07A7662.CR2,0.5,800.0,7.1,Canon EOS 5D Mark III
177,SIHDR_177,165,2,input\raw\sihdr\raw\177\_07A7661.CR2,_07A7661.CR2,0.06666666666666667,800.0,7.1,Canon EOS 5D Mark III
177,SIHDR_177,165,3,input\raw\sihdr\raw\177\_07A7660.CR2,_07A7660.CR2,0.008,800.0,7.1,Canon EOS 5D Mark III
177,SIHDR_177,165,4,input\raw\sihdr\raw\177\_07A7659.CR2,_07A7659.CR2,0.001,800.0,7.1,Canon EOS 5D Mark III
178,SIHDR_178,166,0,input\raw\sihdr\raw\178\_07A7670.CR2,_07A7670.CR2,4.0,200.0,14.0,Canon EOS 5D Mark III
178,SIHDR_178,166,1,input\raw\sihdr\raw\178\_07A7669.CR2,_07A7669.CR2,0.5,200.0,14.0,Canon EOS 5D Mark III
178,SIHDR_178,166,2,input\raw\sihdr\raw\178\_07A7668.CR2,_07A7668.CR2,0.06666666666666667,200.0,14.0,Canon EOS 5D Mark III
178,SIHDR_178,166,3,input\raw\sihdr\raw\178\_07A7667.CR2,_07A7667.CR2,0.008,200.0,14.0,Canon EOS 5D Mark III
178,SIHDR_178,166,4,input\raw\sihdr\raw\178\_07A7666.CR2,_07A7666.CR2,0.001,200.0,14.0,Canon EOS 5D Mark III
179,SIHDR_179,167,0,input\raw\sihdr\raw\179\_07A7677.CR2,_07A7677.CR2,4.0,200.0,14.0,Canon EOS 5D Mark III
179,SIHDR_179,167,1,input\raw\sihdr\raw\179\_07A7676.CR2,_07A7676.CR2,0.5,200.0,14.0,Canon EOS 5D Mark III
179,SIHDR_179,167,2,input\raw\sihdr\raw\179\_07A7675.CR2,_07A7675.CR2,0.06666666666666667,200.0,14.0,Canon EOS 5D Mark III
179,SIHDR_179,167,3,input\raw\sihdr\raw\179\_07A7674.CR2,_07A7674.CR2,0.008,200.0,14.0,Canon EOS 5D Mark III
179,SIHDR_179,167,4,input\raw\sihdr\raw\179\_07A7673.CR2,_07A7673.CR2,0.001,200.0,14.0,Canon EOS 5D Mark III
180,SIHDR_180,168,0,input\raw\sihdr\raw\180\_07A7684.CR2,_07A7684.CR2,4.0,200.0,14.0,Canon EOS 5D Mark III
180,SIHDR_180,168,1,input\raw\sihdr\raw\180\_07A7683.CR2,_07A7683.CR2,0.5,200.0,14.0,Canon EOS 5D Mark III
180,SIHDR_180,168,2,input\raw\sihdr\raw\180\_07A7682.CR2,_07A7682.CR2,0.06666666666666667,200.0,14.0,Canon EOS 5D Mark III
180,SIHDR_180,168,3,input\raw\sihdr\raw\180\_07A7681.CR2,_07A7681.CR2,0.008,200.0,14.0,Canon EOS 5D Mark III
180,SIHDR_180,168,4,input\raw\sihdr\raw\180\_07A7680.CR2,_07A7680.CR2,0.001,200.0,14.0,Canon EOS 5D Mark III
181,SIHDR_181,169,0,input\raw\sihdr\raw\181\_07A7691.CR2,_07A7691.CR2,4.0,100.0,22.0,Canon EOS 5D Mark III
181,SIHDR_181,169,1,input\raw\sihdr\raw\181\_07A7690.CR2,_07A7690.CR2,0.5,100.0,22.0,Canon EOS 5D Mark III
181,SIHDR_181,169,2,input\raw\sihdr\raw\181\_07A7689.CR2,_07A7689.CR2,0.06666666666666667,100.0,22.0,Canon EOS 5D Mark III
181,SIHDR_181,169,3,input\raw\sihdr\raw\181\_07A7688.CR2,_07A7688.CR2,0.008,100.0,22.0,Canon EOS 5D Mark III
181,SIHDR_181,169,4,input\raw\sihdr\raw\181\_07A7687.CR2,_07A7687.CR2,0.001,100.0,22.0,Canon EOS 5D Mark III
182,SIHDR_182,170,0,input\raw\sihdr\raw\182\_07A7698.CR2,_07A7698.CR2,4.0,100.0,22.0,Canon EOS 5D Mark III
182,SIHDR_182,170,1,input\raw\sihdr\raw\182\_07A7697.CR2,_07A7697.CR2,0.5,100.0,22.0,Canon EOS 5D Mark III
182,SIHDR_182,170,2,input\raw\sihdr\raw\182\_07A7696.CR2,_07A7696.CR2,0.06666666666666667,100.0,22.0,Canon EOS 5D Mark III
182,SIHDR_182,170,3,input\raw\sihdr\raw\182\_07A7695.CR2,_07A7695.CR2,0.008,100.0,22.0,Canon EOS 5D Mark III
182,SIHDR_182,170,4,input\raw\sihdr\raw\182\_07A7694.CR2,_07A7694.CR2,0.001,100.0,22.0,Canon EOS 5D Mark III
183,SIHDR_183,171,0,input\raw\sihdr\raw\183\_07A7705.CR2,_07A7705.CR2,4.0,100.0,22.0,Canon EOS 5D Mark III
183,SIHDR_183,171,1,input\raw\sihdr\raw\183\_07A7704.CR2,_07A7704.CR2,0.5,100.0,22.0,Canon EOS 5D Mark III
183,SIHDR_183,171,2,input\raw\sihdr\raw\183\_07A7703.CR2,_07A7703.CR2,0.06666666666666667,100.0,22.0,Canon EOS 5D Mark III
183,SIHDR_183,171,3,input\raw\sihdr\raw\183\_07A7702.CR2,_07A7702.CR2,0.008,100.0,22.0,Canon EOS 5D Mark III
183,SIHDR_183,171,4,input\raw\sihdr\raw\183\_07A7701.CR2,_07A7701.CR2,0.001,100.0,22.0,Canon EOS 5D Mark III
184,SIHDR_184,172,0,input\raw\sihdr\raw\184\_07A7712.CR2,_07A7712.CR2,4.0,100.0,22.0,Canon EOS 5D Mark III
184,SIHDR_184,172,1,input\raw\sihdr\raw\184\_07A7711.CR2,_07A7711.CR2,0.5,100.0,22.0,Canon EOS 5D Mark III
184,SIHDR_184,172,2,input\raw\sihdr\raw\184\_07A7710.CR2,_07A7710.CR2,0.06666666666666667,100.0,22.0,Canon EOS 5D Mark III
184,SIHDR_184,172,3,input\raw\sihdr\raw\184\_07A7709.CR2,_07A7709.CR2,0.008,100.0,22.0,Canon EOS 5D Mark III
184,SIHDR_184,172,4,input\raw\sihdr\raw\184\_07A7708.CR2,_07A7708.CR2,0.001,100.0,22.0,Canon EOS 5D Mark III
185,SIHDR_185,173,0,input\raw\sihdr\raw\185\_07A7732.CR2,_07A7732.CR2,4.0,100.0,16.0,Canon EOS 5D Mark III
185,SIHDR_185,173,1,input\raw\sihdr\raw\185\_07A7731.CR2,_07A7731.CR2,0.5,100.0,16.0,Canon EOS 5D Mark III
185,SIHDR_185,173,2,input\raw\sihdr\raw\185\_07A7730.CR2,_07A7730.CR2,0.06666666666666667,100.0,16.0,Canon EOS 5D Mark III
185,SIHDR_185,173,3,input\raw\sihdr\raw\185\_07A7729.CR2,_07A7729.CR2,0.008,100.0,16.0,Canon EOS 5D Mark III
185,SIHDR_185,173,4,input\raw\sihdr\raw\185\_07A7728.CR2,_07A7728.CR2,0.001,100.0,16.0,Canon EOS 5D Mark III
187,SIHDR_187,174,0,input\raw\sihdr\raw\187\_07A7760.CR2,_07A7760.CR2,4.0,100.0,6.3,Canon EOS 5D Mark III
187,SIHDR_187,174,1,input\raw\sihdr\raw\187\_07A7759.CR2,_07A7759.CR2,0.5,100.0,6.3,Canon EOS 5D Mark III
187,SIHDR_187,174,2,input\raw\sihdr\raw\187\_07A7758.CR2,_07A7758.CR2,0.06666666666666667,100.0,6.3,Canon EOS 5D Mark III
187,SIHDR_187,174,3,input\raw\sihdr\raw\187\_07A7757.CR2,_07A7757.CR2,0.008,100.0,6.3,Canon EOS 5D Mark III
187,SIHDR_187,174,4,input\raw\sihdr\raw\187\_07A7756.CR2,_07A7756.CR2,0.001,100.0,6.3,Canon EOS 5D Mark III
190,SIHDR_190,175,0,input\raw\sihdr\raw\190\_07A7786.CR2,_07A7786.CR2,4.0,1600.0,5.6,Canon EOS 5D Mark III
190,SIHDR_190,175,1,input\raw\sihdr\raw\190\_07A7785.CR2,_07A7785.CR2,0.5,1600.0,5.6,Canon EOS 5D Mark III
190,SIHDR_190,175,2,input\raw\sihdr\raw\190\_07A7784.CR2,_07A7784.CR2,0.06666666666666667,1600.0,5.6,Canon EOS 5D Mark III
190,SIHDR_190,175,3,input\raw\sihdr\raw\190\_07A7783.CR2,_07A7783.CR2,0.008,1600.0,5.6,Canon EOS 5D Mark III
190,SIHDR_190,175,4,input\raw\sihdr\raw\190\_07A7782.CR2,_07A7782.CR2,0.001,1600.0,5.6,Canon EOS 5D Mark III
191,SIHDR_191,176,0,input\raw\sihdr\raw\191\_07A7795.CR2,_07A7795.CR2,4.0,100.0,11.0,Canon EOS 5D Mark III
191,SIHDR_191,176,1,input\raw\sihdr\raw\191\_07A7794.CR2,_07A7794.CR2,0.5,100.0,11.0,Canon EOS 5D Mark III
191,SIHDR_191,176,2,input\raw\sihdr\raw\191\_07A7793.CR2,_07A7793.CR2,0.06666666666666667,100.0,11.0,Canon EOS 5D Mark III
191,SIHDR_191,176,3,input\raw\sihdr\raw\191\_07A7792.CR2,_07A7792.CR2,0.008,100.0,11.0,Canon EOS 5D Mark III
191,SIHDR_191,176,4,input\raw\sihdr\raw\191\_07A7791.CR2,_07A7791.CR2,0.001,100.0,11.0,Canon EOS 5D Mark III
192,SIHDR_192,177,0,input\raw\sihdr\raw\192\_07A7802.CR2,_07A7802.CR2,4.0,100.0,11.0,Canon EOS 5D Mark III
192,SIHDR_192,177,1,input\raw\sihdr\raw\192\_07A7801.CR2,_07A7801.CR2,0.5,100.0,11.0,Canon EOS 5D Mark III
192,SIHDR_192,177,2,input\raw\sihdr\raw\192\_07A7800.CR2,_07A7800.CR2,0.06666666666666667,100.0,11.0,Canon EOS 5D Mark III
192,SIHDR_192,177,3,input\raw\sihdr\raw\192\_07A7799.CR2,_07A7799.CR2,0.008,100.0,11.0,Canon EOS 5D Mark III
192,SIHDR_192,177,4,input\raw\sihdr\raw\192\_07A7798.CR2,_07A7798.CR2,0.001,100.0,11.0,Canon EOS 5D Mark III
193,SIHDR_193,178,0,input\raw\sihdr\raw\193\_07A7819.CR2,_07A7819.CR2,4.0,1600.0,9.0,Canon EOS 5D Mark III
193,SIHDR_193,178,1,input\raw\sihdr\raw\193\_07A7818.CR2,_07A7818.CR2,0.5,1600.0,9.0,Canon EOS 5D Mark III
193,SIHDR_193,178,2,input\raw\sihdr\raw\193\_07A7817.CR2,_07A7817.CR2,0.06666666666666667,1600.0,9.0,Canon EOS 5D Mark III
193,SIHDR_193,178,3,input\raw\sihdr\raw\193\_07A7816.CR2,_07A7816.CR2,0.008,1600.0,9.0,Canon EOS 5D Mark III
193,SIHDR_193,178,4,input\raw\sihdr\raw\193\_07A7815.CR2,_07A7815.CR2,0.001,1600.0,9.0,Canon EOS 5D Mark III
194,SIHDR_194,179,0,input\raw\sihdr\raw\194\_07A7840.CR2,_07A7840.CR2,4.0,800.0,9.0,Canon EOS 5D Mark III
194,SIHDR_194,179,1,input\raw\sihdr\raw\194\_07A7839.CR2,_07A7839.CR2,0.5,800.0,9.0,Canon EOS 5D Mark III
194,SIHDR_194,179,2,input\raw\sihdr\raw\194\_07A7838.CR2,_07A7838.CR2,0.06666666666666667,800.0,9.0,Canon EOS 5D Mark III
194,SIHDR_194,179,3,input\raw\sihdr\raw\194\_07A7837.CR2,_07A7837.CR2,0.008,800.0,9.0,Canon EOS 5D Mark III
194,SIHDR_194,179,4,input\raw\sihdr\raw\194\_07A7836.CR2,_07A7836.CR2,0.001,800.0,9.0,Canon EOS 5D Mark III
195,SIHDR_195,180,0,input\raw\sihdr\raw\195\_07A7847.CR2,_07A7847.CR2,4.0,800.0,11.0,Canon EOS 5D Mark III
195,SIHDR_195,180,1,input\raw\sihdr\raw\195\_07A7846.CR2,_07A7846.CR2,0.5,800.0,11.0,Canon EOS 5D Mark III
195,SIHDR_195,180,2,input\raw\sihdr\raw\195\_07A7845.CR2,_07A7845.CR2,0.06666666666666667,800.0,11.0,Canon EOS 5D Mark III
195,SIHDR_195,180,3,input\raw\sihdr\raw\195\_07A7844.CR2,_07A7844.CR2,0.008,800.0,11.0,Canon EOS 5D Mark III
195,SIHDR_195,180,4,input\raw\sihdr\raw\195\_07A7843.CR2,_07A7843.CR2,0.001,800.0,11.0,Canon EOS 5D Mark III
