scene_id,preferred_filename,acceptable_min_filename,acceptable_max_filename,hdr_benefit_if_static,hdr_enable_if_static,hdr_ratio_class,hdr_anchor_filename,hdr_reviewed,hdr_label_confidence,hdr_notes,label_confidence,label_source
SIHDR_001,SIHDR_001_e07.jpg,SIHDR_001_e09.jpg,SIHDR_001_e06.jpg,0.75,1,,,1,0.6,AUTO from static SI-HDR radiance; requires review before formal training. recoverable=0.121893,0.55,human_review
SIHDR_002,SIHDR_002_e07.jpg,SIHDR_002_e09.jpg,SIHDR_002_e06.jpg,0.25,0,,,1,0.6,AUTO from static SI-HDR radiance; requires review before formal training. recoverable=0.000000,0.55,human_review
SIHDR_003,SIHDR_003_e07.jpg,SIHDR_003_e09.jpg,SIHDR_003_e06.jpg,0.75,1,,,1,0.6,AUTO from static SI-HDR radiance; requires review before formal training. recoverable=0.106575,0.55,human_review
SIHDR_004,SIHDR_004_e07.jpg,SIHDR_004_e09.jpg,SIHDR_004_e06.jpg,0.75,1,,,1,0.6,AUTO from static SI-HDR radiance; requires review before formal training. recoverable=0.045035,0.55,human_review
SIHDR_005,SIHDR_005_e07.jpg,SIHDR_005_e08.jpg,SIHDR_005_e06.jpg,0.75,1,,,1,0.6,AUTO from static SI-HDR radiance; requires review before formal training. recoverable=0.039839,0.55,human_review
SIHDR_006,SIHDR_006_e06.jpg,SIHDR_006_e09.jpg,SIHDR_006_e05.jpg,0.75,1,,,1,0.6,AUTO from static SI-HDR radiance; requires review before formal training. recoverable=0.157212,0.55,human_review
SIHDR_007,SIHDR_007_e08.jpg,SIHDR_007_e10.jpg,SIHDR_007_e06.jpg,0.75,1,,,1,0.6,AUTO from static SI-HDR radiance; requires review before formal training. recoverable=0.100517,0.55,human_review
SIHDR_008,SIHDR_008_e10.jpg,SIHDR_008_e11.jpg,SIHDR_008_e08.jpg,0.75,1,,,1,0.6,AUTO from static SI-HDR radiance; requires review before formal training. recoverable=0.059392,0.55,human_review
SIHDR_009,SIHDR_009_e07.jpg,SIHDR_009_e09.jpg,SIHDR_009_e06.jpg,0.75,1,,,1,0.6,AUTO from static SI-HDR radiance; requires review before formal training. recoverable=0.060929,0.55,human_review
SIHDR_010,SIHDR_010_e07.jpg,SIHDR_010_e09.jpg,SIHDR_010_e06.jpg,0.5,,,,1,0.6,AUTO from static SI-HDR radiance; requires review before formal training. recoverable=0.026785,0.55,human_review
SIHDR_011,SIHDR_011_e08.jpg,SIHDR_011_e10.jpg,SIHDR_011_e08.jpg,0.5,,,,1,0.6,AUTO from static SI-HDR radiance; requires review before formal training. recoverable=0.023858,0.55,human_review
SIHDR_012,SIHDR_012_e07.jpg,SIHDR_012_e08.jpg,SIHDR_012_e06.jpg,0.75,1,,,1,0.6,AUTO from static SI-HDR radiance; requires review before formal training. recoverable=0.036659,0.55,human_review
SIHDR_013,SIHDR_013_e07.jpg,SIHDR_013_e08.jpg,SIHDR_013_e06.jpg,0.5,,,,1,0.6,AUTO from static SI-HDR radiance; requires review before formal training. recoverable=0.010196,0.55,human_review
SIHDR_014,SIHDR_014_e08.jpg,SIHDR_014_e08.jpg,SIHDR_014_e07.jpg,0.75,1,,,1,0.6,AUTO from static SI-HDR radiance; requires review before formal training. recoverable=0.124570,0.55,human_review
SIHDR_015,SIHDR_015_e08.jpg,SIHDR_015_e08.jpg,SIHDR_015_e07.jpg,0.75,1,,,1,0.6,AUTO from static SI-HDR radiance; requires review before formal training. recoverable=0.142678,0.55,human_review
SIHDR_018,SIHDR_018_e04.jpg,SIHDR_018_e05.jpg,SIHDR_018_e03.jpg,0.5,,,,1,0.6,AUTO from static SI-HDR radiance; requires review before formal training. recoverable=0.281725,0.55,human_review
SIHDR_019,SIHDR_019_e02.jpg,SIHDR_019_e04.jpg,SIHDR_019_e00.jpg,0.5,,,,1,0.6,AUTO from static SI-HDR radiance; requires review before formal training. recoverable=0.299941,0.55,human_review
SIHDR_020,SIHDR_020_e01.jpg,SIHDR_020_e03.jpg,SIHDR_020_e00.jpg,0.5,,,,1,0.6,AUTO from static SI-HDR radiance; requires review before formal training. recoverable=0.275890,0.55,human_review
SIHDR_021,SIHDR_021_e01.jpg,SIHDR_021_e03.jpg,SIHDR_021_e00.jpg,0.5,,,,1,0.6,AUTO from static SI-HDR radiance; requires review before formal training. recoverable=0.200613,0.55,human_review
SIHDR_022,SIHDR_022_e02.jpg,SIHDR_022_e06.jpg,SIHDR_022_e00.jpg,0.5,,,,1,0.6,AUTO from static SI-HDR radiance; requires review before formal training. recoverable=0.568740,0.55,human_review
SIHDR_023,SIHDR_023_e00.jpg,SIHDR_023_e00.jpg,SIHDR_023_e00.jpg,0.25,0,,,1,0.6,AUTO from static SI-HDR radiance; requires review before formal training. recoverable=0.072487,0.55,human_review
SIHDR_025,SIHDR_025_e01.jpg,SIHDR_025_e03.jpg,SIHDR_025_e00.jpg,0.5,,,,1,0.6,AUTO from static SI-HDR radiance; requires review before formal training. recoverable=0.153113,0.55,human_review
SIHDR_027,SIHDR_027_e00.jpg,SIHDR_027_e02.jpg,SIHDR_027_e00.jpg,0.5,,,,1,0.6,AUTO from static SI-HDR radiance; requires review before formal training. recoverable=0.069686,0.55,human_review
SIHDR_028,SIHDR_028_e00.jpg,SIHDR_028_e00.jpg,SIHDR_028_e00.jpg,0.25,0,,,1,0.6,AUTO from static SI-HDR radiance; requires review before formal training. recoverable=0.000000,0.55,human_review
SIHDR_029,SIHDR_029_e10.jpg,SIHDR_029_e11.jpg,SIHDR_029_e10.jpg,0.25,0,,,1,0.6,AUTO from static SI-HDR radiance; requires review before formal training. recoverable=0.002720,0.55,human_review
SIHDR_030,SIHDR_030_e10.jpg,SIHDR_030_e11.jpg,SIHDR_030_e10.jpg,0.5,,,,1,0.6,AUTO from static SI-HDR radiance; requires review before formal training. recoverable=0.005964,0.55,human_review
SIHDR_031,SIHDR_031_e11.jpg,SIHDR_031_e13.jpg,SIHDR_031_e11.jpg,0.75,1,,,1,0.6,AUTO from static SI-HDR radiance; requires review before formal training. recoverable=0.043811,0.55,human_review
SIHDR_032,SIHDR_032_e12.jpg,SIHDR_032_e12.jpg,SIHDR_032_e11.jpg,0.75,1,,,1,0.6,AUTO from static SI-HDR radiance; requires review before formal training. recoverable=0.138477,0.55,human_review
SIHDR_033,SIHDR_033_e11.jpg,SIHDR_033_e12.jpg,SIHDR_033_e10.jpg,0.75,1,,,1,0.6,AUTO from static SI-HDR radiance; requires review before formal training. recoverable=0.080639,0.55,human_review
SIHDR_034,SIHDR_034_e11.jpg,SIHDR_034_e12.jpg,SIHDR_034_e09.jpg,0.75,1,,,1,0.6,AUTO from static SI-HDR radiance; requires review before formal training. recoverable=0.197702,0.55,human_review
SIHDR_035,SIHDR_035_e10.jpg,SIHDR_035_e11.jpg,SIHDR_035_e10.jpg,0.5,,,,1,0.6,AUTO from static SI-HDR radiance; requires review before formal training. recoverable=0.006576,0.55,human_review
SIHDR_036,SIHDR_036_e11.jpg,SIHDR_036_e12.jpg,SIHDR_036_e09.jpg,0.75,1,,,1,0.6,AUTO from static SI-HDR radiance; requires review before formal training. recoverable=0.291380,0.55,human_review
SIHDR_037,SIHDR_037_e10.jpg,SIHDR_037_e11.jpg,SIHDR_037_e09.jpg,0.75,1,,,1,0.6,AUTO from static SI-HDR radiance; requires review before formal training. recoverable=0.151150,0.55,human_review
SIHDR_038,SIHDR_038_e11.jpg,SIHDR_038_e12.jpg,SIHDR_038_e09.jpg,0.75,1,,,1,0.6,AUTO from static SI-HDR radiance; requires review before formal training. recoverable=0.288250,0.55,human_review
SIHDR_039,SIHDR_039_e10.jpg,SIHDR_039_e11.jpg,SIHDR_039_e08.jpg,0.75,1,,,1,0.6,AUTO from static SI-HDR radiance; requires review before formal training. recoverable=0.292175,0.55,human_review
SIHDR_040,SIHDR_040_e10.jpg,SIHDR_040_e11.jpg,SIHDR_040_e09.jpg,0.75,1,,,1,0.6,AUTO from static SI-HDR radiance; requires review before formal training. recoverable=0.280303,0.55,human_review
SIHDR_041,SIHDR_041_e06.jpg,SIHDR_041_e07.jpg,SIHDR_041_e06.jpg,0.5,,,,1,0.6,AUTO from static SI-HDR radiance; requires review before formal training. recoverable=0.255388,0.55,human_review
SIHDR_042,SIHDR_042_e07.jpg,SIHDR_042_e08.jpg,SIHDR_042_e06.jpg,0.75,1,,,1,0.6,AUTO from static SI-HDR radiance; requires review before formal training. recoverable=0.169283,0.55,human_review
SIHDR_043,SIHDR_043_e06.jpg,SIHDR_043_e06.jpg,SIHDR_043_e05.jpg,0.5,,,,1,0.6,AUTO from static SI-HDR radiance; requires review before formal training. recoverable=0.053934,0.55,human_review
SIHDR_044,SIHDR_044_e08.jpg,SIHDR_044_e10.jpg,SIHDR_044_e08.jpg,0.75,1,,,1,0.6,AUTO from static SI-HDR radiance; requires review before formal training. recoverable=0.047282,0.55,human_review
SIHDR_045,SIHDR_045_e11.jpg,SIHDR_045_e11.jpg,SIHDR_045_e09.jpg,0.75,1,,,1,0.6,AUTO from static SI-HDR radiance; requires review before formal training. recoverable=0.147517,0.55,human_review
SIHDR_046,SIHDR_046_e10.jpg,SIHDR_046_e12.jpg,SIHDR_046_e08.jpg,0.75,1,,,1,0.6,AUTO from static SI-HDR radiance; requires review before formal training. recoverable=0.239913,0.55,human_review
SIHDR_047,SIHDR_047_e08.jpg,SIHDR_047_e09.jpg,SIHDR_047_e07.jpg,0.75,1,,,1,0.6,AUTO from static SI-HDR radiance; requires review before formal training. recoverable=0.217406,0.55,human_review
SIHDR_049,SIHDR_049_e06.jpg,SIHDR_049_e07.jpg,SIHDR_049_e06.jpg,0.5,,,,1,0.6,AUTO from static SI-HDR radiance; requires review before formal training. recoverable=0.024180,0.55,human_review
SIHDR_050,SIHDR_050_e05.jpg,SIHDR_050_e06.jpg,SIHDR_050_e05.jpg,0.5,,,,1,0.6,AUTO from static SI-HDR radiance; requires review before formal training. recoverable=0.017336,0.55,human_review
SIHDR_051,SIHDR_051_e07.jpg,SIHDR_051_e09.jpg,SIHDR_051_e07.jpg,0.75,1,,,1,0.6,AUTO from static SI-HDR radiance; requires review before formal training. recoverable=0.136637,0.55,human_review
SIHDR_052,SIHDR_052_e08.jpg,SIHDR_052_e09.jpg,SIHDR_052_e08.jpg,0.75,1,,,1,0.6,AUTO from static SI-HDR radiance; requires review before formal training. recoverable=0.019646,0.55,human_review
SIHDR_053,SIHDR_053_e10.jpg,SIHDR_053_e11.jpg,SIHDR_053_e09.jpg,0.5,,,,1,0.6,AUTO from static SI-HDR radiance; requires review before formal training. recoverable=0.018283,0.55,human_review
SIHDR_054,SIHDR_054_e08.jpg,SIHDR_054_e09.jpg,SIHDR_054_e07.jpg,0.75,1,,,1,0.6,AUTO from static SI-HDR radiance; requires review before formal training. recoverable=0.169433,0.55,human_review
SIHDR_055,SIHDR_055_e09.jpg,SIHDR_055_e10.jpg,SIHDR_055_e08.jpg,0.75,1,,,1,0.6,AUTO from static SI-HDR radiance; requires review before formal training. recoverable=0.130099,0.55,human_review
SIHDR_056,SIHDR_056_e10.jpg,SIHDR_056_e11.jpg,SIHDR_056_e09.jpg,0.75,1,,,1,0.6,AUTO from static SI-HDR radiance; requires review before formal training. recoverable=0.102979,0.55,human_review
SIHDR_057,SIHDR_057_e08.jpg,SIHDR_057_e09.jpg,SIHDR_057_e07.jpg,0.5,,,,1,0.6,AUTO from static SI-HDR radiance; requires review before formal training. recoverable=0.020524,0.55,human_review
SIHDR_058,SIHDR_058_e11.jpg,SIHDR_058_e11.jpg,SIHDR_058_e10.jpg,0.75,1,,,1,0.6,AUTO from static SI-HDR radiance; requires review before formal training. recoverable=0.289998,0.55,human_review
SIHDR_059,SIHDR_059_e10.jpg,SIHDR_059_e11.jpg,SIHDR_059_e09.jpg,0.75,1,,,1,0.6,AUTO from static SI-HDR radiance; requires review before formal training. recoverable=0.149390,0.55,human_review
SIHDR_060,SIHDR_060_e07.jpg,SIHDR_060_e10.jpg,SIHDR_060_e06.jpg,0.75,1,,,1,0.6,AUTO from static SI-HDR radiance; requires review before formal training. recoverable=0.199679,0.55,human_review
SIHDR_061,SIHDR_061_e07.jpg,SIHDR_061_e10.jpg,SIHDR_061_e07.jpg,0.75,1,,,1,0.6,AUTO from static SI-HDR radiance; requires review before formal training. recoverable=0.220546,0.55,human_review
SIHDR_062,SIHDR_062_e07.jpg,SIHDR_062_e09.jpg,SIHDR_062_e07.jpg,0.75,1,,,1,0.6,AUTO from static SI-HDR radiance; requires review before formal training. recoverable=0.042741,0.55,human_review
SIHDR_063,SIHDR_063_e01.jpg,SIHDR_063_e02.jpg,SIHDR_063_e00.jpg,0.5,,,,1,0.6,AUTO from static SI-HDR radiance; requires review before formal training. recoverable=0.022980,0.55,human_review
SIHDR_064,SIHDR_064_e00.jpg,SIHDR_064_e02.jpg,SIHDR_064_e00.jpg,0.5,,,,1,0.6,AUTO from static SI-HDR radiance; requires review before formal training. recoverable=0.013000,0.55,human_review
SIHDR_066,SIHDR_066_e06.jpg,SIHDR_066_e07.jpg,SIHDR_066_e04.jpg,0.75,1,,,1,0.6,AUTO from static SI-HDR radiance; requires review before formal training. recoverable=0.211145,0.55,human_review
SIHDR_067,SIHDR_067_e09.jpg,SIHDR_067_e11.jpg,SIHDR_067_e09.jpg,0.75,1,,,1,0.6,AUTO from static SI-HDR radiance; requires review before formal training. recoverable=0.116753,0.55,human_review
SIHDR_068,SIHDR_068_e10.jpg,SIHDR_068_e11.jpg,SIHDR_068_e09.jpg,0.75,1,,,1,0.6,AUTO from static SI-HDR radiance; requires review before formal training. recoverable=0.145319,0.55,human_review
SIHDR_069,SIHDR_069_e06.jpg,SIHDR_069_e08.jpg,SIHDR_069_e06.jpg,0.75,1,,,1,0.6,AUTO from static SI-HDR radiance; requires review before formal training. recoverable=0.126917,0.55,human_review
SIHDR_070,SIHDR_070_e06.jpg,SIHDR_070_e09.jpg,SIHDR_070_e06.jpg,0.75,1,,,1,0.6,AUTO from static SI-HDR radiance; requires review before formal training. recoverable=0.079252,0.55,human_review
SIHDR_071,SIHDR_071_e07.jpg,SIHDR_071_e08.jpg,SIHDR_071_e06.jpg,0.75,1,,,1,0.6,AUTO from static SI-HDR radiance; requires review before formal training. recoverable=0.157368,0.55,human_review
SIHDR_072,SIHDR_072_e09.jpg,SIHDR_072_e10.jpg,SIHDR_072_e07.jpg,0.75,1,,,1,0.6,AUTO from static SI-HDR radiance; requires review before formal training. recoverable=0.125761,0.55,human_review
SIHDR_073,SIHDR_073_e09.jpg,SIHDR_073_e11.jpg,SIHDR_073_e07.jpg,0.75,1,,,1,0.6,AUTO from static SI-HDR radiance; requires review before formal training. recoverable=0.153389,0.55,human_review
SIHDR_074,SIHDR_074_e06.jpg,SIHDR_074_e08.jpg,SIHDR_074_e05.jpg,0.75,1,,,1,0.6,AUTO from static SI-HDR radiance; requires review before formal training. recoverable=0.146645,0.55,human_review
SIHDR_075,SIHDR_075_e09.jpg,SIHDR_075_e11.jpg,SIHDR_075_e08.jpg,0.75,1,,,1,0.6,AUTO from static SI-HDR radiance; requires review before formal training. recoverable=0.165171,0.55,human_review
SIHDR_076,SIHDR_076_e01.jpg,SIHDR_076_e03.jpg,SIHDR_076_e00.jpg,0.75,1,,,1,0.6,AUTO from static SI-HDR radiance; requires review before formal training. recoverable=0.110719,0.55,human_review
SIHDR_077,SIHDR_077_e05.jpg,SIHDR_077_e07.jpg,SIHDR_077_e03.jpg,0.75,1,,,1,0.6,AUTO from static SI-HDR radiance; requires review before formal training. recoverable=0.109718,0.55,human_review
SIHDR_078,SIHDR_078_e07.jpg,SIHDR_078_e07.jpg,SIHDR_078_e05.jpg,0.75,1,,,1,0.6,AUTO from static SI-HDR radiance; requires review before formal training. recoverable=0.140219,0.55,human_review
SIHDR_079,SIHDR_079_e08.jpg,SIHDR_079_e08.jpg,SIHDR_079_e06.jpg,0.75,1,,,1,0.6,AUTO from static SI-HDR radiance; requires review before formal training. recoverable=0.242381,0.55,human_review
SIHDR_080,SIHDR_080_e08.jpg,SIHDR_080_e09.jpg,SIHDR_080_e06.jpg,0.75,1,,,1,0.6,AUTO from static SI-HDR radiance; requires review before formal training. recoverable=0.042877,0.55,human_review
SIHDR_081,SIHDR_081_e08.jpg,SIHDR_081_e09.jpg,SIHDR_081_e08.jpg,0.75,1,,,1,0.6,AUTO from static SI-HDR radiance; requires review before formal training. recoverable=0.117106,0.55,human_review
SIHDR_082,SIHDR_082_e06.jpg,SIHDR_082_e09.jpg,SIHDR_082_e05.jpg,0.75,1,,,1,0.6,AUTO from static SI-HDR radiance; requires review before formal training. recoverable=0.200930,0.55,human_review
SIHDR_083,SIHDR_083_e10.jpg,SIHDR_083_e10.jpg,SIHDR_083_e07.jpg,0.75,1,,,1,0.6,AUTO from static SI-HDR radiance; requires review before formal training. recoverable=0.134128,0.55,human_review
SIHDR_084,SIHDR_084_e09.jpg,SIHDR_084_e10.jpg,SIHDR_084_e06.jpg,0.75,1,,,1,0.6,AUTO from static SI-HDR radiance; requires review before formal training. recoverable=0.486913,0.55,human_review
SIHDR_085,SIHDR_085_e07.jpg,SIHDR_085_e10.jpg,SIHDR_085_e05.jpg,0.75,1,,,1,0.6,AUTO from static SI-HDR radiance; requires review before formal training. recoverable=0.252139,0.55,human_review
SIHDR_086,SIHDR_086_e09.jpg,SIHDR_086_e10.jpg,SIHDR_086_e07.jpg,0.75,1,,,1,0.6,AUTO from static SI-HDR radiance; requires review before formal training. recoverable=0.267417,0.55,human_review
SIHDR_087,SIHDR_087_e08.jpg,SIHDR_087_e10.jpg,SIHDR_087_e06.jpg,0.75,1,,,1,0.6,AUTO from static SI-HDR radiance; requires review before formal training. recoverable=0.298526,0.55,human_review
SIHDR_088,SIHDR_088_e08.jpg,SIHDR_088_e10.jpg,SIHDR_088_e07.jpg,0.75,1,,,1,0.6,AUTO from static SI-HDR radiance; requires review before formal training. recoverable=0.290499,0.55,human_review
SIHDR_089,SIHDR_089_e09.jpg,SIHDR_089_e10.jpg,SIHDR_089_e08.jpg,0.75,1,,,1,0.6,AUTO from static SI-HDR radiance; requires review before formal training. recoverable=0.186583,0.55,human_review
SIHDR_090,SIHDR_090_e09.jpg,SIHDR_090_e10.jpg,SIHDR_090_e08.jpg,0.75,1,,,1,0.6,AUTO from static SI-HDR radiance; requires review before formal training. recoverable=0.191445,0.55,human_review
SIHDR_091,SIHDR_091_e10.jpg,SIHDR_091_e11.jpg,SIHDR_091_e08.jpg,0.75,1,,,1,0.6,AUTO from static SI-HDR radiance; requires review before formal training. recoverable=0.154396,0.55,human_review
SIHDR_092,SIHDR_092_e08.jpg,SIHDR_092_e10.jpg,SIHDR_092_e07.jpg,0.75,1,,,1,0.6,AUTO from static SI-HDR radiance; requires review before formal training. recoverable=0.209077,0.55,human_review
SIHDR_093,SIHDR_093_e07.jpg,SIHDR_093_e07.jpg,SIHDR_093_e07.jpg,0.75,1,,,1,0.6,AUTO from static SI-HDR radiance; requires review before formal training. recoverable=0.045357,0.55,human_review
SIHDR_096,SIHDR_096_e00.jpg,SIHDR_096_e00.jpg,SIHDR_096_e00.jpg,0.25,0,,,1,0.6,AUTO from static SI-HDR radiance; requires review before formal training. recoverable=0.001530,0.55,human_review
SIHDR_097,SIHDR_097_e00.jpg,SIHDR_097_e00.jpg,SIHDR_097_e00.jpg,0.25,0,,,1,0.6,AUTO from static SI-HDR radiance; requires review before formal training. recoverable=0.000483,0.55,human_review
SIHDR_098,SIHDR_098_e00.jpg,SIHDR_098_e00.jpg,SIHDR_098_e00.jpg,0.25,0,,,1,0.6,AUTO from static SI-HDR radiance; requires review before formal training. recoverable=0.000302,0.55,human_review
SIHDR_099,SIHDR_099_e00.jpg,SIHDR_099_e00.jpg,SIHDR_099_e00.jpg,0.25,0,,,1,0.6,AUTO from static SI-HDR radiance; requires review before formal training. recoverable=0.003383,0.55,human_review
SIHDR_100,SIHDR_100_e00.jpg,SIHDR_100_e00.jpg,SIHDR_100_e00.jpg,0.25,0,,,1,0.6,AUTO from static SI-HDR radiance; requires review before formal training. recoverable=0.002848,0.55,human_review
SIHDR_101,SIHDR_101_e00.jpg,SIHDR_101_e00.jpg,SIHDR_101_e00.jpg,0.25,0,,,1,0.6,AUTO from static SI-HDR radiance; requires review before formal training. recoverable=0.000363,0.55,human_review
SIHDR_103,SIHDR_103_e02.jpg,SIHDR_103_e03.jpg,SIHDR_103_e00.jpg,0.5,,,,1,0.6,AUTO from static SI-HDR radiance; requires review before formal training. recoverable=0.017788,0.55,human_review
SIHDR_104,SIHDR_104_e00.jpg,SIHDR_104_e00.jpg,SIHDR_104_e00.jpg,0.25,0,,,1,0.6,AUTO from static SI-HDR radiance; requires review before formal training. recoverable=0.002485,0.55,human_review
SIHDR_105,SIHDR_105_e05.jpg,SIHDR_105_e07.jpg,SIHDR_105_e02.jpg,0.5,,,,1,0.6,AUTO from static SI-HDR radiance; requires review before formal training. recoverable=0.022221,0.55,human_review
SIHDR_106,SIHDR_106_e03.jpg,SIHDR_106_e06.jpg,SIHDR_106_e01.jpg,0.5,,,,1,0.6,AUTO from static SI-HDR radiance; requires review before formal training. recoverable=0.061455,0.55,human_review
SIHDR_107,SIHDR_107_e04.jpg,SIHDR_107_e05.jpg,SIHDR_107_e03.jpg,0.75,1,,,1,0.6,AUTO from static SI-HDR radiance; requires review before formal training. recoverable=0.034427,0.55,human_review
SIHDR_108,SIHDR_108_e00.jpg,SIHDR_108_e00.jpg,SIHDR_108_e00.jpg,0.25,0,,,1,0.6,AUTO from static SI-HDR radiance; requires review before formal training. recoverable=0.000653,0.55,human_review
SIHDR_109,SIHDR_109_e01.jpg,SIHDR_109_e02.jpg,SIHDR_109_e00.jpg,0.5,,,,1,0.6,AUTO from static SI-HDR radiance; requires review before formal training. recoverable=0.009661,0.55,human_review
SIHDR_110,SIHDR_110_e01.jpg,SIHDR_110_e02.jpg,SIHDR_110_e00.jpg,0.25,0,,,1,0.6,AUTO from static SI-HDR radiance; requires review before formal training. recoverable=0.023083,0.55,human_review
SIHDR_111,SIHDR_111_e01.jpg,SIHDR_111_e02.jpg,SIHDR_111_e00.jpg,0.25,0,,,1,0.6,AUTO from static SI-HDR radiance; requires review before formal training. recoverable=0.004079,0.55,human_review
SIHDR_112,SIHDR_112_e00.jpg,SIHDR_112_e00.jpg,SIHDR_112_e00.jpg,0.25,0,,,1,0.6,AUTO from static SI-HDR radiance; requires review before formal training. recoverable=0.004541,0.55,human_review
SIHDR_113,SIHDR_113_e01.jpg,SIHDR_113_e02.jpg,SIHDR_113_e00.jpg,0.25,0,,,1,0.6,AUTO from static SI-HDR radiance; requires review before formal training. recoverable=0.011940,0.55,human_review
SIHDR_114,SIHDR_114_e01.jpg,SIHDR_114_e02.jpg,SIHDR_114_e00.jpg,0.5,,,,1,0.6,AUTO from static SI-HDR radiance; requires review before formal training. recoverable=0.018046,0.55,human_review
SIHDR_115,SIHDR_115_e01.jpg,SIHDR_115_e02.jpg,SIHDR_115_e00.jpg,0.5,,,,1,0.6,AUTO from static SI-HDR radiance; requires review before formal training. recoverable=0.014054,0.55,human_review
SIHDR_116,SIHDR_116_e01.jpg,SIHDR_116_e02.jpg,SIHDR_116_e00.jpg,0.5,,,,1,0.6,AUTO from static SI-HDR radiance; requires review before formal training. recoverable=0.015862,0.55,human_review
SIHDR_117,SIHDR_117_e01.jpg,SIHDR_117_e02.jpg,SIHDR_117_e00.jpg,0.5,,,,1,0.6,AUTO from static SI-HDR radiance; requires review before formal training. recoverable=0.005392,0.55,human_review
SIHDR_118,SIHDR_118_e01.jpg,SIHDR_118_e02.jpg,SIHDR_118_e00.jpg,0.25,0,,,1,0.6,AUTO from static SI-HDR radiance; requires review before formal training. recoverable=0.002664,0.55,human_review
SIHDR_119,SIHDR_119_e01.jpg,SIHDR_119_e02.jpg,SIHDR_119_e00.jpg,0.25,0,,,1,0.6,AUTO from static SI-HDR radiance; requires review before formal training. recoverable=0.004554,0.55,human_review
SIHDR_120,SIHDR_120_e01.jpg,SIHDR_120_e02.jpg,SIHDR_120_e00.jpg,0.25,0,,,1,0.6,AUTO from static SI-HDR radiance; requires review before formal training. recoverable=0.004986,0.55,human_review
SIHDR_121,SIHDR_121_e01.jpg,SIHDR_121_e02.jpg,SIHDR_121_e00.jpg,0.25,0,,,1,0.6,AUTO from static SI-HDR radiance; requires review before formal training. recoverable=0.002332,0.55,human_review
SIHDR_122,SIHDR_122_e01.jpg,SIHDR_122_e02.jpg,SIHDR_122_e00.jpg,0.25,0,,,1,0.6,AUTO from static SI-HDR radiance; requires review before formal training. recoverable=0.003127,0.55,human_review
SIHDR_123,SIHDR_123_e05.jpg,SIHDR_123_e06.jpg,SIHDR_123_e05.jpg,0.75,1,,,1,0.6,AUTO from static SI-HDR radiance; requires review before formal training. recoverable=0.093378,0.55,human_review
SIHDR_124,SIHDR_124_e07.jpg,SIHDR_124_e08.jpg,SIHDR_124_e07.jpg,0.75,1,,,1,0.6,AUTO from static SI-HDR radiance; requires review before formal training. recoverable=0.140864,0.55,human_review
SIHDR_125,SIHDR_125_e09.jpg,SIHDR_125_e10.jpg,SIHDR_125_e07.jpg,0.75,1,,,1,0.6,AUTO from static SI-HDR radiance; requires review before formal training. recoverable=0.167118,0.55,human_review
SIHDR_126,SIHDR_126_e08.jpg,SIHDR_126_e08.jpg,SIHDR_126_e07.jpg,0.75,1,,,1,0.6,AUTO from static SI-HDR radiance; requires review before formal training. recoverable=0.228240,0.55,human_review
SIHDR_128,SIHDR_128_e06.jpg,SIHDR_128_e07.jpg,SIHDR_128_e05.jpg,0.75,1,,,1,0.6,AUTO from static SI-HDR radiance; requires review before formal training. recoverable=0.131973,0.55,human_review
SIHDR_129,SIHDR_129_e09.jpg,SIHDR_129_e10.jpg,SIHDR_129_e08.jpg,0.75,1,,,1,0.6,AUTO from static SI-HDR radiance; requires review before formal training. recoverable=0.032947,0.55,human_review
SIHDR_130,SIHDR_130_e08.jpg,SIHDR_130_e08.jpg,SIHDR_130_e08.jpg,0.75,1,,,1,0.6,AUTO from static SI-HDR radiance; requires review before formal training. recoverable=0.228207,0.55,human_review
SIHDR_131,SIHDR_131_e08.jpg,SIHDR_131_e09.jpg,SIHDR_131_e08.jpg,0.75,1,,,1,0.6,AUTO from static SI-HDR radiance; requires review before formal training. recoverable=0.073244,0.55,human_review
SIHDR_132,SIHDR_132_e08.jpg,SIHDR_132_e09.jpg,SIHDR_132_e08.jpg,0.75,1,,,1,0.6,AUTO from static SI-HDR radiance; requires review before formal training. recoverable=0.062696,0.55,human_review
SIHDR_133,SIHDR_133_e09.jpg,SIHDR_133_e10.jpg,SIHDR_133_e08.jpg,0.5,,,,1,0.6,AUTO from static SI-HDR radiance; requires review before formal training. recoverable=0.023107,0.55,human_review
SIHDR_134,SIHDR_134_e09.jpg,SIHDR_134_e10.jpg,SIHDR_134_e09.jpg,0.75,1,,,1,0.6,AUTO from static SI-HDR radiance; requires review before formal training. recoverable=0.092154,0.55,human_review
SIHDR_135,SIHDR_135_e10.jpg,SIHDR_135_e11.jpg,SIHDR_135_e10.jpg,0.75,1,,,1,0.6,AUTO from static SI-HDR radiance; requires review before formal training. recoverable=0.158093,0.55,human_review
SIHDR_136,SIHDR_136_e09.jpg,SIHDR_136_e10.jpg,SIHDR_136_e09.jpg,0.75,1,,,1,0.6,AUTO from static SI-HDR radiance; requires review before formal training. recoverable=0.049183,0.55,human_review
SIHDR_137,SIHDR_137_e08.jpg,SIHDR_137_e09.jpg,SIHDR_137_e07.jpg,0.75,1,,,1,0.6,AUTO from static SI-HDR radiance; requires review before formal training. recoverable=0.046712,0.55,human_review
SIHDR_138,SIHDR_138_e08.jpg,SIHDR_138_e09.jpg,SIHDR_138_e08.jpg,0.75,1,,,1,0.6,AUTO from static SI-HDR radiance; requires review before formal training. recoverable=0.035295,0.55,human_review
SIHDR_139,SIHDR_139_e08.jpg,SIHDR_139_e08.jpg,SIHDR_139_e07.jpg,0.5,,,,1,0.6,AUTO from static SI-HDR radiance; requires review before formal training. recoverable=0.011537,0.55,human_review
SIHDR_140,SIHDR_140_e08.jpg,SIHDR_140_e09.jpg,SIHDR_140_e08.jpg,0.5,,,,1,0.6,AUTO from static SI-HDR radiance; requires review before formal training. recoverable=0.011487,0.55,human_review
SIHDR_141,SIHDR_141_e07.jpg,SIHDR_141_e08.jpg,SIHDR_141_e07.jpg,0.75,1,,,1,0.6,AUTO from static SI-HDR radiance; requires review before formal training. recoverable=0.191193,0.55,human_review
SIHDR_142,SIHDR_142_e08.jpg,SIHDR_142_e09.jpg,SIHDR_142_e08.jpg,0.75,1,,,1,0.6,AUTO from static SI-HDR radiance; requires review before formal training. recoverable=0.127019,0.55,human_review
SIHDR_143,SIHDR_143_e01.jpg,SIHDR_143_e02.jpg,SIHDR_143_e00.jpg,0.5,,,,1,0.6,AUTO from static SI-HDR radiance; requires review before formal training. recoverable=0.025200,0.55,human_review
SIHDR_144,SIHDR_144_e00.jpg,SIHDR_144_e00.jpg,SIHDR_144_e00.jpg,0.25,0,,,1,0.6,AUTO from static SI-HDR radiance; requires review before formal training. recoverable=0.000019,0.55,human_review
SIHDR_145,SIHDR_145_e07.jpg,SIHDR_145_e07.jpg,SIHDR_145_e06.jpg,0.75,1,,,1,0.6,AUTO from static SI-HDR radiance; requires review before formal training. recoverable=0.203551,0.55,human_review
SIHDR_146,SIHDR_146_e08.jpg,SIHDR_146_e09.jpg,SIHDR_146_e07.jpg,0.75,1,,,1,0.6,AUTO from static SI-HDR radiance; requires review before formal training. recoverable=0.022755,0.55,human_review
SIHDR_147,SIHDR_147_e08.jpg,SIHDR_147_e09.jpg,SIHDR_147_e08.jpg,0.75,1,,,1,0.6,AUTO from static SI-HDR radiance; requires review before formal training. recoverable=0.033622,0.55,human_review
SIHDR_148,SIHDR_148_e07.jpg,SIHDR_148_e08.jpg,SIHDR_148_e07.jpg,0.75,1,,,1,0.6,AUTO from static SI-HDR radiance; requires review before formal training. recoverable=0.045780,0.55,human_review
SIHDR_149,SIHDR_149_e08.jpg,SIHDR_149_e08.jpg,SIHDR_149_e07.jpg,0.75,1,,,1,0.6,AUTO from static SI-HDR radiance; requires review before formal training. recoverable=0.197067,0.55,human_review
SIHDR_150,SIHDR_150_e09.jpg,SIHDR_150_e09.jpg,SIHDR_150_e08.jpg,0.5,,,,1,0.6,AUTO from static SI-HDR radiance; requires review before formal training. recoverable=0.017149,0.55,human_review
SIHDR_151,SIHDR_151_e10.jpg,SIHDR_151_e10.jpg,SIHDR_151_e09.jpg,0.75,1,,,1,0.6,AUTO from static SI-HDR radiance; requires review before formal training. recoverable=0.039843,0.55,human_review
SIHDR_152,SIHDR_152_e09.jpg,SIHDR_152_e09.jpg,SIHDR_152_e08.jpg,0.75,1,,,1,0.6,AUTO from static SI-HDR radiance; requires review before formal training. recoverable=0.059090,0.55,human_review
SIHDR_153,SIHDR_153_e08.jpg,SIHDR_153_e09.jpg,SIHDR_153_e07.jpg,0.5,,,,1,0.6,AUTO from static SI-HDR radiance; requires review before formal training. recoverable=0.040741,0.55,human_review
SIHDR_154,SIHDR_154_e09.jpg,SIHDR_154_e10.jpg,SIHDR_154_e08.jpg,0.5,,,,1,0.6,AUTO from static SI-HDR radiance; requires review before formal training. recoverable=0.052722,0.55,human_review
SIHDR_155,SIHDR_155_e08.jpg,SIHDR_155_e09.jpg,SIHDR_155_e08.jpg,0.75,1,,,1,0.6,AUTO from static SI-HDR radiance; requires review before formal training. recoverable=0.144260,0.55,human_review
SIHDR_156,SIHDR_156_e12.jpg,SIHDR_156_e12.jpg,SIHDR_156_e10.jpg,0.75,1,,,1,0.6,AUTO from static SI-HDR radiance; requires review before formal training. recoverable=0.319682,0.55,human_review
SIHDR_158,SIHDR_158_e01.jpg,SIHDR_158_e01.jpg,SIHDR_158_e00.jpg,0.5,,,,1,0.6,AUTO from static SI-HDR radiance; requires review before formal training. recoverable=0.012960,0.55,human_review
SIHDR_159,SIHDR_159_e01.jpg,SIHDR_159_e01.jpg,SIHDR_159_e00.jpg,0.5,,,,1,0.6,AUTO from static SI-HDR radiance; requires review before formal training. recoverable=0.021144,0.55,human_review
SIHDR_160,SIHDR_160_e01.jpg,SIHDR_160_e01.jpg,SIHDR_160_e00.jpg,0.25,0,,,1,0.6,AUTO from static SI-HDR radiance; requires review before formal training. recoverable=0.049333,0.55,human_review
SIHDR_161,SIHDR_161_e00.jpg,SIHDR_161_e01.jpg,SIHDR_161_e00.jpg,0.25,0,,,1,0.6,AUTO from static SI-HDR radiance; requires review before formal training. recoverable=0.044707,0.55,human_review
SIHDR_162,SIHDR_162_e00.jpg,SIHDR_162_e02.jpg,SIHDR_162_e00.jpg,0.25,0,,,1,0.6,AUTO from static SI-HDR radiance; requires review before formal training. recoverable=0.000616,0.55,human_review
SIHDR_163,SIHDR_163_e01.jpg,SIHDR_163_e02.jpg,SIHDR_163_e00.jpg,0.5,,,,1,0.6,AUTO from static SI-HDR radiance; requires review before formal training. recoverable=0.026949,0.55,human_review
SIHDR_164,SIHDR_164_e01.jpg,SIHDR_164_e02.jpg,SIHDR_164_e00.jpg,0.75,1,,,1,0.6,AUTO from static SI-HDR radiance; requires review before formal training. recoverable=0.040118,0.55,human_review
SIHDR_165,SIHDR_165_e01.jpg,SIHDR_165_e02.jpg,SIHDR_165_e00.jpg,0.5,,,,1,0.6,AUTO from static SI-HDR radiance; requires review before formal training. recoverable=0.019934,0.55,human_review
SIHDR_166,SIHDR_166_e01.jpg,SIHDR_166_e01.jpg,SIHDR_166_e00.jpg,0.5,,,,1,0.6,AUTO from static SI-HDR radiance; requires review before formal training. recoverable=0.011672,0.55,human_review
SIHDR_167,SIHDR_167_e01.jpg,SIHDR_167_e02.jpg,SIHDR_167_e00.jpg,0.5,,,,1,0.6,AUTO from static SI-HDR radiance; requires review before formal training. recoverable=0.036354,0.55,human_review
SIHDR_168,SIHDR_168_e01.jpg,SIHDR_168_e01.jpg,SIHDR_168_e00.jpg,0.5,,,,1,0.6,AUTO from static SI-HDR radiance; requires review before formal training. recoverable=0.010037,0.55,human_review
SIHDR_169,SIHDR_169_e00.jpg,SIHDR_169_e00.jpg,SIHDR_169_e00.jpg,0.25,0,,,1,0.6,AUTO from static SI-HDR radiance; requires review before formal training. recoverable=0.002428,0.55,human_review
SIHDR_170,SIHDR_170_e00.jpg,SIHDR_170_e01.jpg,SIHDR_170_e00.jpg,0.5,,,,1,0.6,AUTO from static SI-HDR radiance; requires review before formal training. recoverable=0.013936,0.55,human_review
SIHDR_171,SIHDR_171_e01.jpg,SIHDR_171_e02.jpg,SIHDR_171_e00.jpg,0.5,,,,1,0.6,AUTO from static SI-HDR radiance; requires review before formal training. recoverable=0.042347,0.55,human_review
SIHDR_172,SIHDR_172_e01.jpg,SIHDR_172_e02.jpg,SIHDR_172_e00.jpg,0.5,,,,1,0.6,AUTO from static SI-HDR radiance; requires review before formal training. recoverable=0.082063,0.55,human_review
SIHDR_173,SIHDR_173_e01.jpg,SIHDR_173_e02.jpg,SIHDR_173_e00.jpg,0.5,,,,1,0.6,AUTO from static SI-HDR radiance; requires review before formal training. recoverable=0.036788,0.55,human_review
SIHDR_174,SIHDR_174_e00.jpg,SIHDR_174_e01.jpg,SIHDR_174_e00.jpg,0.5,,,,1,0.6,AUTO from static SI-HDR radiance; requires review before formal training. recoverable=0.012118,0.55,human_review
SIHDR_175,SIHDR_175_e00.jpg,SIHDR_175_e01.jpg,SIHDR_175_e00.jpg,0.5,,,,1,0.6,AUTO from static SI-HDR radiance; requires review before formal training. recoverable=0.074824,0.55,human_review
SIHDR_176,SIHDR_176_e01.jpg,SIHDR_176_e01.jpg,SIHDR_176_e00.jpg,0.5,,,,1,0.6,AUTO from static SI-HDR radiance; requires review before formal training. recoverable=0.033193,0.55,human_review
SIHDR_177,SIHDR_177_e01.jpg,SIHDR_177_e03.jpg,SIHDR_177_e00.jpg,0.5,,,,1,0.6,AUTO from static SI-HDR radiance; requires review before formal training. recoverable=0.040597,0.55,human_review
SIHDR_178,SIHDR_178_e06.jpg,SIHDR_178_e06.jpg,SIHDR_178_e05.jpg,0.75,1,,,1,0.6,AUTO from static SI-HDR radiance; requires review before formal training. recoverable=0.091725,0.55,human_review
SIHDR_179,SIHDR_179_e05.jpg,SIHDR_179_e06.jpg,SIHDR_179_e05.jpg,0.75,1,,,1,0.6,AUTO from static SI-HDR radiance; requires review before formal training. recoverable=0.077093,0.55,human_review
SIHDR_180,SIHDR_180_e05.jpg,SIHDR_180_e06.jpg,SIHDR_180_e05.jpg,0.75,1,,,1,0.6,AUTO from static SI-HDR radiance; requires review before formal training. recoverable=0.076441,0.55,human_review
SIHDR_181,SIHDR_181_e07.jpg,SIHDR_181_e07.jpg,SIHDR_181_e07.jpg,0.75,1,,,1,0.6,AUTO from static SI-HDR radiance; requires review before formal training. recoverable=0.162634,0.55,human_review
SIHDR_182,SIHDR_182_e07.jpg,SIHDR_182_e07.jpg,SIHDR_182_e07.jpg,0.75,1,,,1,0.6,AUTO from static SI-HDR radiance; requires review before formal training. recoverable=0.088920,0.55,human_review
SIHDR_183,SIHDR_183_e06.jpg,SIHDR_183_e06.jpg,SIHDR_183_e05.jpg,0.25,0,,,1,0.6,AUTO from static SI-HDR radiance; requires review before formal training. recoverable=0.006441,0.55,human_review
SIHDR_184,SIHDR_184_e02.jpg,SIHDR_184_e03.jpg,SIHDR_184_e00.jpg,0.5,,,,1,0.6,AUTO from static SI-HDR radiance; requires review before formal training. recoverable=0.059166,0.55,human_review
SIHDR_185,SIHDR_185_e03.jpg,SIHDR_185_e05.jpg,SIHDR_185_e01.jpg,0.75,1,,,1,0.6,AUTO from static SI-HDR radiance; requires review before formal training. recoverable=0.130968,0.55,human_review
SIHDR_187,SIHDR_187_e04.jpg,SIHDR_187_e04.jpg,SIHDR_187_e03.jpg,0.75,1,,,1,0.6,AUTO from static SI-HDR radiance; requires review before formal training. recoverable=0.132441,0.55,human_review
SIHDR_190,SIHDR_190_e04.jpg,SIHDR_190_e04.jpg,SIHDR_190_e04.jpg,0.75,1,,,1,0.6,AUTO from static SI-HDR radiance; requires review before formal training. recoverable=0.088551,0.55,human_review
SIHDR_191,SIHDR_191_e01.jpg,SIHDR_191_e03.jpg,SIHDR_191_e00.jpg,0.5,,,,1,0.6,AUTO from static SI-HDR radiance; requires review before formal training. recoverable=0.034823,0.55,human_review
SIHDR_192,SIHDR_192_e01.jpg,SIHDR_192_e04.jpg,SIHDR_192_e00.jpg,0.5,,,,1,0.6,AUTO from static SI-HDR radiance; requires review before formal training. recoverable=0.077244,0.55,human_review
SIHDR_193,SIHDR_193_e01.jpg,SIHDR_193_e04.jpg,SIHDR_193_e00.jpg,0.75,1,,,1,0.6,AUTO from static SI-HDR radiance; requires review before formal training. recoverable=0.077177,0.55,human_review
SIHDR_194,SIHDR_194_e03.jpg,SIHDR_194_e03.jpg,SIHDR_194_e03.jpg,0.75,1,,,1,0.6,AUTO from static SI-HDR radiance; requires review before formal training. recoverable=0.045856,0.55,human_review
SIHDR_195,SIHDR_195_e02.jpg,SIHDR_195_e04.jpg,SIHDR_195_e01.jpg,0.75,1,,,1,0.6,AUTO from static SI-HDR radiance; requires review before formal training. recoverable=0.085451,0.55,human_review
